dataset,model,publication_date,organization_primary,organization,org_category,country,domain,task,training_compute_flop,parameters,training_dataset_size,training_cost_2023usd,training_time_hours,training_time_days,training_power_draw_w,hardware_quantity,citations,training_hardware,hardware_family,model_accessibility,open_weights,training_code_accessibility,confidence,compute_estimation_method
all,Theseus,1950-07-02,Bell Laboratories,Bell Laboratories,Industry,United States of America,Robotics,Maze solving,40.0,40.0,40.0,,,,,,,,,,,,Confident,Other
all,SNARC,1952-01-08,Harvard University,Harvard University,Academia,United States of America,Robotics,Maze solving,,40.0,,,,,,,33.0,,,,,,,
all,Genetic algorithm,1954-07-02,Institute for Advanced Study,Institute for Advanced Study,Academia,United States of America,Mathematics,Numerical simulation,,,,,,,,,266.0,,,,,,Unknown,
all,Self Organizing System,1955-03-01,Massachusetts Institute of Technology (MIT),Massachusetts Institute of Technology (MIT),Academia,United States of America,Other,Pattern recognition,,225.0,2.0,,,,,,93.0,,,,,,,
all,Sequence-based pattern recognition,1955-03-01,Massachusetts Institute of Technology (MIT),Massachusetts Institute of Technology (MIT),Academia,United States of America,Vision,Character recognition (OCR),,,,,,,,,290.0,,,,,,Unknown,
all,Perceptron Mark I,1957-01-01,Cornell Aeronautical Laboratory,"Cornell Aeronautical Laboratory,Cornell University",Academia,United States of America,Other,Binary classification,694894.9377361819,1000.0,100.0,,,,,,1610.0,,,,,,Likely,Third-party estimation
all,Pandemonium (morse),1959-02-01,Massachusetts Institute of Technology (MIT),Massachusetts Institute of Technology (MIT),Academia,United States of America,Language,Morse translation,600000000.0,,,,,,,,1453.0,,,,,,Speculative,Hardware
all,Samuel Neural Checkers,1959-07-01,IBM,IBM,Industry,United States of America,Games,Checkers,428400000.0,16.0,,,,,,,5063.0,,,,,,Likely,
all,Pattern recognition and reading by machine,1959-12-01,Sandia Corporation,Sandia Corporation,Industry,United States of America,Vision,Character recognition (OCR),,2625.0,180.0,,,,,,587.0,,,,,,,
all,Perceptron (1960),1960-03-30,Cornell Aeronautical Laboratory,Cornell Aeronautical Laboratory,Academia,United States of America,Vision,Image classification,720000000.0,1000.0,100.0,,,,,,394.0,,,,,,Speculative,Hardware
all,ADALINE,1960-06-30,Stanford University,Stanford University,Academia,United States of America,Vision,Pattern recognition,6600.0,17.0,100.0,,,,,,6329.0,,,,,,Confident,Operation counting
all,PAPA,1961-09-01,University of Genoa,University of Genoa,Academia,Italy,Other,Binary classification,,,,,,,,,24.0,,,,,,Unknown,
all,Linear Decision Functions,1962-06-01,Bell Laboratories,Bell Laboratories,Industry,United States of America,Mathematics,Binary classification,1559250.0,,500.0,,0.4375,0.018229166666666668,,,,,,,,,Speculative,Hardware
all,MADALINE I,1962-07-01,Stanford University,Stanford University,Academia,United States of America,Other,"Text classification,Image classification",,,256.0,,,,,,75.0,,,,,,Unknown,
all,Print Recognition Logic,1963-01-01,IBM,IBM,Industry,United States of America,Vision,Character recognition (OCR),22500000.0,,,,2.5,0.10416666666666667,,,,,,,,,Speculative,Hardware
all,STeLLA,1963-06-01,University of Canterbury,University of Canterbury,Academia,New Zealand,Robotics,Robotic manipulation,,,,,,,,,34.0,,,,,,Unknown,
all,MENACE,1963-11-01,University of Edinburgh,University of Edinburgh,Academia,United Kingdom of Great Britain and Northern Ireland,Games,Tic Tac Toe,,,,,,,,,46.0,,,,,,Unknown,
all,Heuristic Reinforcement Learning,1965-10-01,Purdue University,Purdue University,Academia,United States of America,Robotics,System control,1080000.0,,,,3.0,0.125,,,,,,,,,Speculative,Hardware
all,LTE speaker verification system,1966-11-01,IBM,IBM,Industry,United States of America,Speech,Speech recognition (ASR),105917060.0,2061.0,417.0,,,,,,,,,,,,Likely,Operation counting
all,Samuel Neural Checkers II,1967-11-01,University of Geneva,University of Geneva,Academia,Switzerland,Games,Checkers,,40.0,,,,,,,747.0,,,,,,,
all,Boxes (pole),1968-07-01,University of Edinburgh,University of Edinburgh,Academia,United Kingdom of Great Britain and Northern Ireland,Games,Pole balancing,,,,,,,,,590.0,,,,,,Unknown,
all,GLEE,1968-07-01,University of Edinburgh,University of Edinburgh,Academia,United Kingdom of Great Britain and Northern Ireland,Games,Tic Tac Toe,,,6000.0,,,,,,590.0,,,,,,Unknown,
all,Decision tree adaline,1969-05-01,Tokyo Medical and Dental University,Tokyo Medical and Dental University,Academia,Japan,Medicine,Medical diagnosis,,2450.0,,,,,,,,,,,,,Confident,
all,Graph-based structural reasoning,1970-09-01,Massachusetts Institute of Technology (MIT),Massachusetts Institute of Technology (MIT),Academia,United States of America,Vision,Image classification,,,,,,,,,1805.0,,,,,,Unknown,
all,Self-Organizing Nets of Threshold Elements,1972-11-30,University of Tokyo,University of Tokyo,Academia,Japan,Other,Sequence memorization,,,,,,,,,,,,Unreleased,No,Unreleased,Unknown,
all,Punish/Reward,1973-09-01,IEEE,IEEE,Industry,Multinational,Games,Blackjack,,21.0,,,,,,,397.0,,,,,,,
all,Piecewise linear model,1973-11-01,University of Kansas,University of Kansas,Academia,United States of America,Vision,Image classification,,357.0,314.0,,,,,,,,,,,,Confident,
all,Cognitron,1975-09-01,Biological Cybernetics,Biological Cybernetics,Industry,Japan,Other,"Miscellaneous image analysis,Image classification",5184000.0,21600.0,5.0,,,,,,791.0,,,,,,Confident,Operation counting
all,Statistical continuous speech recognizer,1976-04-30,Massachusetts Institute of Technology (MIT),Massachusetts Institute of Technology (MIT),Academia,United States of America,Speech,Speech recognition (ASR),,,,,,,,,1591.0,,,,,,Confident,
all,Transfer Learning,1976-07-01,University of Zagreb,University of Zagreb,Academia,Croatia,Vision,"Digit recognition,Character recognition (OCR)",,,,,,,,,,,,Unreleased,No,Unreleased,Unknown,
all,Neocognitron,1980-04-01,NHK Broadcasting Science Research Laboratories,NHK Broadcasting Science Research Laboratories,Industry,Japan,Vision,Character recognition (OCR),273738240.0,1140576.0,5.0,,,,,,5782.0,,,,,,Confident,Operation counting
all,Kohonen network,1981-07-25,Helsinki University of Technology,Helsinki University of Technology,Academia,Finland,Mathematics,Dimensionality reduction,,4096.0,4000.0,,,,,,11841.0,,,,,,,
all,Hopfield network,1982-04-01,California Institute of Technology,California Institute of Technology,Academia,United States of America,Other,Sequence memorization,,9900.0,,,,,,,23315.0,,,,,,,
all,ASE+ACE,1983-09-01,University of Massachusetts Amherst,University of Massachusetts Amherst,Academia,United States of America,Robotics,Pole balancing,324000000.0,324.0,500000.0,,2.8,0.11666666666666665,,,4296.0,,,,,,Likely,Operation counting
all,Hierarchical Cognitron,1984-04-01,NHK Broadcasting Science Research Laboratories,NHK Broadcasting Science Research Laboratories,Industry,Japan,Other,Pattern recognition,,9315.0,5.0,,,,,,,,,,,,Speculative,
all,Learnability theory of language development,1984-07-01,Massachusetts Institute of Technology (MIT),Massachusetts Institute of Technology (MIT),Academia,United States of America,Language,Language Structure Modeling,,,,,,,,,4730.0,,,,,,Unknown,
all,Error Propagation,1986-01-03,University of California San Diego,"University of California San Diego,Carnegie Mellon University (CMU)",Academia,United States of America,Other,"Text classification,Image classification",,,64.0,,,,,,27322.0,,,,,,Unknown,
all,Learning past tenses,1986-01-03,Stanford University,Stanford University,Academia,United States of America,Language,Verb conjugation,,211600.0,,,,,,,318.0,,,,,,,
all,PDP model for serial order,1986-01-05,University of California San Diego,University of California San Diego,Academia,United States of America,Speech,Speech synthesis,,,64.0,,,,,,1502.0,,,,,,Unknown,
all,Distributed representation NN,1986-08-15,Carnegie Mellon University (CMU),Carnegie Mellon University (CMU),Academia,United States of America,Other,Representation learning,388800000.0,432.0,100.0,,,,,,,,,,,,Confident,Operation counting
all,MLP with back-propagation,1986-10-01,University of California San Diego,"University of California San Diego,Carnegie Mellon University (CMU)",Academia,United States of America,Mathematics,Triplet completion,673920000.0,720.0,104.0,,,,,,29621.0,,,,,,Confident,Operation counting
all,Optimized Multi-Scale Edge Detection,1986-11-01,Massachusetts Institute of Technology (MIT),Massachusetts Institute of Technology (MIT),Academia,United States of America,Vision,Object detection,,,,,,,,,37931.0,,,,,,Unknown,
all,NetTalk (dictionary),1987-06-06,Princeton University,Princeton University,Academia,United States of America,Speech,Speech synthesis,27664065000.0,18629.0,5000.0,,,,,,2558.0,,,,,,Confident,Operation counting
all,NetTalk (transcription),1987-06-06,Princeton University,Princeton University,Academia,United States of America,Speech,Speech synthesis,28328002560.0,18629.0,5120.0,,,,,,2558.0,,,,,,Confident,Operation counting
all,Translation-invariant MLP,1987-06-15,Carnegie Mellon University (CMU),Carnegie Mellon University (CMU),Academia,United States of America,,Object recognition,18032947200.0,816.0,160.0,,,,,,,,,,,,Confident,Operation counting
all,Latent semantic analysis,1988-04-05,University of Chicago,"University of Chicago,Bell Laboratories,University of Western Ontario",Industry-academia collaboration,Multinational,Language,"Semantic embedding,Document representation,Language Structure Modeling,Search",,,,,,,,,,,,Unreleased,No,Unreleased,Unknown,
all,Adaptive Broom Balancer,1988-07-24,Stanford University,Stanford University,Academia,United States of America,Games,Pole balancing,,110.0,,,,,,,80.0,,,,,,,
all,MADALINE II,1988-07-24,Stanford University,Stanford University,Academia,United States of America,Mathematics,Pattern classification,,,,,,,,,81.0,,,,,,Unknown,
all,MLN-ASR,1988-08-01,McGill University,McGill University,Academia,Canada,Speech,Speech recognition (ASR),296425000.0,10000.0,12600.0,,0.1,0.004166666666666667,,,,,,,,,Confident,Hardware
all,MLP baggage detector,1989-01-01,Science Applications International Corporation / SAIC,Science Applications International Corporation / SAIC,Industry,United States of America,Vision,Image classification,,,20000.0,,,,,,,,,,,,Confident,
all,Q-learning,1989-01-01,University of London,University of London,Academia,United Kingdom of Great Britain and Northern Ireland,Robotics,"Route finding,System control",,,200000.0,,,,,,8025.0,,,,,,Unknown,
all,Time-delay neural networks,1989-03-03,Advanced Telecommunications Research Institute,"Advanced Telecommunications Research Institute,Carnegie Mellon University (CMU)",Industry-academia collaboration,Multinational,Speech,Speech recognition (ASR),,,2046.0,,,,,,3445.0,,,,,,Unknown,
all,Invariant image recognition,1989-06-18,Complutense University of Madrid,Complutense University of Madrid,Academia,Spain,Vision,Representation learning,27000000000.0,,,,6.0,0.25,,,,,,,,,Confident,Hardware
all,Truck backer-upper,1989-06-18,Stanford University,Stanford University,Academia,United States of America,Driving,Self-driving car,,805.0,,,,,,,,,,,,,Confident,
all,Handwritten digit recognition network,1989-11-27,AT&T,AT&T,Industry,United States of America,Vision,Digit recognition,181440000000.0,2578.0,9840.0,,72.0,3.0,,,,,,,,,Confident,Hardware
all,Speaker-independent vowel classification,1989-11-27,University of Washington,University of Washington,Academia,United States of America,Speech,Speech recognition (ASR),7485696000.0,3040.0,4104.0,,,,,,,,,,,,Confident,Operation counting
all,ALVINN,1989-12-01,Carnegie Mellon University (CMU),Carnegie Mellon University (CMU),Academia,United States of America,Driving,Self-driving car,10548576000.0,36627.0,55200.0,,,,,,2329.0,,,,,,Confident,Operation counting
all,Innervator,1989-12-01,Stanford University,"Stanford University,California Institute of Technology",Academia,United States of America,Mathematics,Pattern classification,120000000.0,10.0,10240.0,,,,,,1132.0,,,,,,Confident,Operation counting
all,Zip CNN,1989-12-01,AT&T,"AT&T,Bell Laboratories",Industry,United States of America,Vision,Character recognition (OCR),1496338054440.0,9760.0,7291.0,,,,,,11725.0,,,,,,Confident,Operation counting
all,NETtalk reimplementation,1990-06-01,Oregon State University,Oregon State University,Academia,United States of America,Speech,Text-to-speech (TTS),35811936000.0,27480.0,7242.0,,,,,,,,,,,,Confident,Operation counting
all,Bankruptcy-NN,1990-06-17,,,,,Other,Binary classification,3059337600.0,36.0,74.0,,24.0,1.0,,,,,,,,,Confident,Operation counting
all,ISR network,1990-10-01,Stanford University,Stanford University,Academia,United States of America,Vision,Character recognition (OCR),,,600000.0,,,,,,,,,,,,Confident,
all,SexNet classification,1990-10-01,,,,,Vision,Image classification,,1640.0,80.0,,,,,,,,,,,,Likely,
all,SexNet compression,1990-10-01,,,,,Vision,Image representation,78775200000.0,72940.0,81000.0,,,,,,,,,,,,Confident,Operation counting
all,RAAM,1990-11-01,,,,,Other,Representation learning,,1536.0,29.0,,,,,,,,,,,,Confident,
all,DIABETES,1991-06-24,Aalborg University,"Aalborg University,University of London",Academia,Multinational,Medicine,Medical diagnosis,,429409.0,,,,,,,132.0,,,,,,,
all,SRN-Encoded Grammatical Structures,1991-09-01,University of California San Diego,University of California San Diego,Academia,United States of America,Language,Language Structure Modeling,,,177800.0,,,,,,1717.0,,,,,,,
all,Weight Decay,1991-12-02,,,,,Speech,Speech synthesis,75474000000.0,8386.0,25000.0,,,,,,,,,,,,Confident,Operation counting
all,TD-Gammon,1992-05-01,IBM,IBM,Industry,United States of America,Games,Backgammon,18232157622832.703,25000.0,6300000.0,,,,,,1344.0,,,,,,Speculative,"Third-party estimation,Operation counting,Hardware"
all,Fuzzy NN,1992-09-01,Indian Statistical Institute,Indian Statistical Institute,Academia,India,Speech,Speech recognition (ASR),1403117760.0,1166.0,436.0,,,,,,1223.0,,,,,,Confident,Operation counting
all,Golem,1992-10-01,Alan Turing Institute,Alan Turing Institute,Government,United Kingdom of Great Britain and Northern Ireland,Biology,Protein folding prediction,,,1612.0,,,,,,,,,,,,Confident,
all,Cancer drug mechanism prediction,1992-10-16,National Cancer Institute,National Cancer Institute,Government,United States of America,Medicine,Drug discovery,53460000.0,594.0,141.0,,,,,,,,,,,,Likely,Operation counting
all,Boosting,1992-11-30,Bell Laboratories,Bell Laboratories,Industry,United States of America,Vision,Digit recognition,,2578.0,29127.0,,,,,,,,,,,,Likely,
all,Futures trading net,1993-01-01,,,,,Other,Regression,5292000000.0,,,,35.0,1.4583333333333333,,,,,,,,,Speculative,Hardware
all,IBM-5,1993-06-15,IBM,IBM,Industry,United States of America,Language,Translation,,1658364.0,28850104.0,,,,,,5752.0,,,,,,,
all,Siamese-TDNN,1993-08-01,Bell Laboratories,Bell Laboratories,Industry,United States of America,Vision,Image classification,12869570138112.0,744.0,7701.0,,,,,,,,,,,,Likely,Operation counting
all,ANN Eye Tracker,1993-11-29,,,,,Vision,Miscellaneous image analysis,17534400000.0,5620.0,4000.0,,0.6,0.024999999999999998,,,,,,,,,Confident,Operation counting
all,Learning-curve prediction,1993-11-29,AT&T,AT&T,Industry,United States of America,Vision,"Binary classification,Digit recognition",,,,,,,,,,,,Unreleased,No,Unreleased,Confident,
all,Ceramic-MLP,1994-01-07,Sapienza Università di Roma,Sapienza Università di Roma,Academia,Italy,Materials science,Pattern classification,4531200000.0,1888.0,80.0,,,,,,,,,,,,Likely,Operation counting
all,Markov-driven POS tagger,1994-06-01,EURECOM,EURECOM,Academia,France,Language,Part-of-speech tagging,,2447124.0,,,,,,,788.0,,,,,,,
all,GroupLens,1994-10-22,Massachusetts Institute of Technology (MIT),Massachusetts Institute of Technology (MIT),Academia,United States of America,Recommendation,Recommender system,,,,,,,,,7733.0,,,,,,,
all,JPMAX,1994-12-02,,,,,Vision,Image representation,80828280.0,4446.0,1500.0,,,,,,,,,,,,Speculative,Operation counting
all,Mixture of linear models,1994-12-02,,,,,Vision,Image classification,453600000000.0,384000.0,1792000.0,,12.0,0.5,,,,,,,,,Likely,Hardware
all,NeuroChess,1994-12-02,,,,,Games,Chess,858730812676.0,72251.0,9600000.0,,,,,,,,,,,,Speculative,Hardware
all,Predictive Coding NN,1994-12-02,Technical University of Munich,Technical University of Munich,Academia,Germany,Language,Language modeling,18621900000000.0,206910.0,600000.0,,,,,,,,,,,,Confident,Operation counting
all,Multi-cause Binary Clustering,1995-01-01,Xerox,Xerox,Industry,United States of America,Other,Miscellaneous image analysis,,,,,,,,,176.0,,,,,,Unknown,
all,Iterative Bootstrapping WSD,1995-06-26,University of Pennsylvania,University of Pennsylvania,Academia,United States of America,Language,Language Structure Modeling,,,,,,,,,2996.0,,,,,,,
all,Random Decision Forests,1995-08-14,AT&T,"AT&T,Bell Laboratories",Industry,United States of America,Other,Image classification,,,60000.0,,,,,,4678.0,,,,,,,
all,Support Vector Machines,1995-09-01,AT&T,"AT&T,Bell Laboratories",Industry,United States of America,Vision,Image classification,,100000000.0,60000.0,,,,,,48968.0,,,,,,,
all,LISSOM,1995-11-27,University of Texas at Austin,University of Texas at Austin,Academia,United States of America,Vision,Digit recognition,195544800000.0,432800.0,2000.0,,,,,,,,,,,,Likely,Operation counting
all,MUSIC perceptron,1996-06-03,,,,,Vision,Image completion,881733600000.0,13607.0,81000.0,,,,,,,,,,,,Confident,Operation counting
all,System 11,1996-06-18,Carnegie Mellon University (CMU),Carnegie Mellon University (CMU),Academia,United States of America,Vision,Face detection,25859616000.0,6452.0,23750.0,,,,,,6011.0,,,,,,Confident,Operation counting
all,AdaBoost.M2 Digit Recognition,1996-07-03,AT&T,AT&T,Industry,United States of America,Vision,Digit recognition,,,9709.0,,,,,,12977.0,,,,,,Confident,
all,HMM Word Alignment,1996-08-05,University of Erlangen - Nuremburg,University of Erlangen - Nuremburg,Academia,Germany,Language,Translation,,,150279.0,,,,,,1099.0,,,,,,,
all,SOM-CNN,1997-01-31,,,,,Vision,Face recognition,31431600000.0,32015.0,129000.0,,,,,,,,,,,,Confident,Operation counting
all,Deep Blue,1997-05-01,IBM,IBM,Industry,United States of America,Games,Chess,,8000.0,,,,,,,1992.0,,,Unreleased,No,Unreleased,Speculative,
all,SVM for face detection,1997-06-17,Massachusetts Institute of Technology (MIT),Massachusetts Institute of Technology (MIT),Academia,United States of America,Vision,Object detection,,,50000.0,,,,,,3851.0,,,,,,,
all,n-gram LM,1997-07-01,University of Cambridge,"University of Cambridge,Carnegie Mellon University (CMU)",Academia,Multinational,Language,Language modeling,,,,,,,,,954.0,,,,,,Unknown,
all,Bidirectional RNN,1997-11-01,Advanced Telecommunications Research Institute,Advanced Telecommunications Research Institute,Industry,Japan,Speech,Speech recognition (ASR),,13000.0,142910.0,,,,,,7990.0,,,,,,,
all,LSTM,1997-11-15,Technical University of Munich,Technical University of Munich,Academia,Germany,Language,Language modeling,31512000000000.0,10504.0,853000.0,,,,,,98595.0,,,,,,Confident,Operation counting
all,Sparse coding model for V1 receptive fields,1997-12-01,UC Davis,"UC Davis,Cornell University",Academia,United States of America,Vision,Miscellaneous image analysis,,,28800000.0,,,,,,4257.0,,,,,,,
all,RNN for speech,1998-05-15,National Chiao Tung University,National Chiao Tung University,Academia,Taiwan,Speech,Speech synthesis,226690156032.0183,7512.0,,,,,,,231.0,,,,,,,Third-party estimation
all,Probabilistic modeling for object recognition,1998-06-23,Carnegie Mellon University (CMU),Carnegie Mellon University (CMU),Academia,United States of America,Vision,Face recognition,,,,,,,,,602.0,,,,,,,
all,Social and content-based classification,1998-07-01,AT&T,"AT&T,Bell Laboratories,Rutgers University",Industry-academia collaboration,United States of America,Recommendation,Recommender system,,,,,,,,,1564.0,,,,,,,
all,LeNet-5,1998-11-01,AT&T,AT&T,Industry,United States of America,Vision,Character recognition (OCR),2810937600000.0,60000.0,60000.0,,,,,,57900.0,,,,,,Confident,Operation counting
all,LSTM with forget gates,1999-01-02,IDSIA,IDSIA,Academia,Switzerland,Language,Language Structure Modeling,,276.0,140870000.0,,,,,,6283.0,,,,,,,
all,Learning to Order Things,1999-05-15,AT&T,AT&T,Industry,United States of America,Recommendation,"Recommender system,Search",,,,,,,,,,,,Unreleased,No,Unreleased,Unknown,
all,RECONTRA-categorized,1999-06-02,,,,,Language,Translation,8013600000000.0,66780.0,40000.0,,,,,,,,,,,,Likely,Operation counting
all,RECONTRA-uncategorized,1999-06-02,,,,,Language,Translation,3864000000000.0,112000.0,57500.0,,,,,,,,,,,,Likely,Operation counting
all,Credibilty Network,1999-07-01,University College London (UCL),"University College London (UCL),University of Toronto",Academia,Multinational,Vision,"Character recognition (OCR),Image classification",5443200.0,324.0,2800.0,,,,,,,,,Unreleased,No,Unreleased,Speculative,Operation counting
all,IBM Model 4,1999-07-02,University of Southern California,"University of Southern California,IBM,University of Pennsylvania",Industry-academia collaboration,United States of America,Language,Translation,,,800000.0,,,,,,1921.0,,,,,,,
all,Perceptron for Large Margin Classification,1999-12-01,University of California San Diego,"University of California San Diego,Shannon Laboratory,AT&T",Industry-academia collaboration,United States of America,Vision,Character recognition (OCR),,,60000.0,,,,,,1731.0,,,,,,,
all,SVD in recommender systems,2000-07-14,University of Minnesota,University of Minnesota,Academia,United States of America,Recommendation,Recommender system,,,30000.0,,,,,,2126.0,,,,,,Unknown,
all,Peephole LSTM,2000-07-26,IDSIA,IDSIA,Academia,Switzerland,Mathematics,Periodic function approximation,,17.0,,,,,,,630.0,,,,,,,
all,FrameNet role labeling,2000-09-01,University of Rochester,University of Rochester,Academia,United States of America,Language,Language Structure Modeling,,,99232.0,,,,,,2499.0,,,,,,,
all,Neural LM,2000-11-28,University of Montreal / Université de Montréal,University of Montreal / Université de Montréal,Academia,Canada,Language,Language modeling,6339000000000000.0,6906980.0,32000000.0,,,,,,7637.0,,,,,,Confident,Operation counting
all,PoE MNIST,2000-11-28,University College London (UCL),University College London (UCL),Academia,United Kingdom of Great Britain and Northern Ireland,Vision,Digit recognition,51810000000000.0,3925310.0,54000.0,,,,,,,,,,,,Confident,Operation counting
all,Restricted Boltzmann machine for Face Recognition,2001-04-01,University of Toronto,"University of Toronto,University College London (UCL)",Academia,Multinational,Vision,Face recognition,,,,,,,,,,,,,,,Confident,
all,Immediate trihead,2001-07-06,Brown University,Brown University,Academia,United States of America,Language,Language modeling,,,,,,,,,422.0,,,,,,Unknown,
all,Gradient Boosting Machine,2001-10-01,Stanford University,Stanford University,Academia,United States of America,Mathematics,"Pattern classification,Binary classification,Regression",,,5000.0,,,,,,17891.0,,,,,,Unknown,
all,Decision tree (classification),2001-12-08,Mitsubishi Electric Research Labs,"Mitsubishi Electric Research Labs,Compaq CRL",Industry,United States of America,Vision,Face recognition,63000000000000.0,12000.0,753616.0,,,,,,23449.0,,,,,,Likely,Operation counting
all,Thumbs Up?,2002-05-28,Cornell University,"Cornell University,IBM",Industry-academia collaboration,United States of America,Language,Sentiment classification,,,1400.0,,,,,,10656.0,,,,,,,
all,Joint Probability Machine Translation,2002-06-01,University of Southern California,University of Southern California,Academia,United States of America,Language,Translation,,,100000.0,,,,,,623.0,,,,,,,
all,NEAT,2002-06-01,UT Austin,UT Austin,Academia,United States of America,Other,Pole balancing,,,,,,,,,3608.0,,,,,,Unknown,
all,Tagging via Viterbi Decoding,2002-06-01,AT&T,AT&T,Industry,United States of America,Language,"Binary classification,Part-of-speech tagging",,,929000.0,,,,,,2582.0,,,,,,Unknown,
all,Maximum Entropy Models for machine translation,2002-07-06,University of Southern California,"University of Southern California,RWTH Aachen University",Academia,Multinational,Language,Translation,,,58073.0,,,,,,1413.0,,,,,,,
all,Web mining + Decision tree recommender,2002-10-01,Korea Advanced Institute of Science and Technology (KAIST),Korea Advanced Institute of Science and Technology (KAIST),Academia,Korea (Republic of),Recommendation,Recommender system,,,,,,,,,656.0,,,,,,Unknown,
all,Statistical Shape Constellations,2003-01-01,California Institute of Technology,California Institute of Technology,Academia,United States of America,Vision,Image classification,,,,,,,,,949.0,,,,,,Unknown,
all,LDA,2003-02-02,Stanford University,Stanford University,Academia,United States of America,Language,Document classification,,,,,,,,,38724.0,,,,,,Unknown,
all,NPLM (AP News),2003-03-15,University of Montreal / Université de Montréal,University of Montreal / Université de Montréal,Academia,Canada,Language,Text autocompletion,1666869200000000.0,11904264.0,13994528.0,,,,,,7637.0,,,,,,Confident,Operation counting
all,NPLM (Brown),2003-03-15,University of Montreal / Université de Montréal,University of Montreal / Université de Montréal,Academia,Canada,Language,Text autocompletion,132076260000000.0,4124233.0,13994528.0,,,,,,7637.0,,,,,,Confident,Operation counting
all,Phrase-based translation,2003-05-01,University of Southern California,University of Southern California,Academia,United States of America,Language,Translation,,9178890.0,20000000.0,,,,,,4270.0,,,,,,,
all,Unsupervised Scale-Invariant Learning,2003-06-18,University of Oxford,University of Oxford,Academia,United Kingdom of Great Britain and Northern Ireland,Vision,Image classification,,451.0,400.0,,,,,,2970.0,,,,,,,
all,CNN Best Practices,2003-08-06,Microsoft Research,Microsoft Research,Industry,United States of America,Vision,Character recognition (OCR),,,,,,,,,3065.0,,,,,,,
all,Bayesian object categorizer,2003-10-13,California Institute of Technology,"California Institute of Technology,University of Oxford",Academia,Multinational,Vision,Image classification,,100.0,,,,,,,806.0,,,,,,Speculative,
all,RankBoost (EachMovie),2003-11-15,Columbia University,"Columbia University,Princeton University,Hebrew University of Jerusalem",Academia,Multinational,Recommendation,"Recommender system,Collaborative filtering,Movie ratings",,,,,,,,,,,,Unreleased,No,Unreleased,Unknown,
all,RankBoost (meta-search),2003-11-15,Columbia University,"Columbia University,Princeton University,Hebrew University of Jerusalem",Academia,Multinational,Recommendation,"Recommender system,Search",,,,,,,,,,,,Unreleased,No,Unreleased,Unknown,
all,Max-Margin Markov Networks,2004-03-01,Stanford University,Stanford University,Academia,United States of America,Vision,"Image classification,Text classification",,,4800.0,,,,,,1764.0,,,,,,,
all,GPU implementation of neural networks,2004-06-01,Soongsil University,Soongsil University,Academia,Korea (Republic of),Vision,Object detection,,,,,,,,,471.0,,,,,,Unknown,
all,Sandstorm (DARPA Grand Challenge I),2004-06-14,Carnegie Mellon University (CMU),Carnegie Mellon University (CMU),Academia,United States of America,Driving,Self-driving car,,,,,,,,,66.0,,,,,,Unknown,
all,Invariant CNN,2004-06-27,New York University (NYU),New York University (NYU),Academia,United States of America,Vision,Object recognition,974230000000.0,90575.0,24300.0,,,,,,,,,,,,Confident,Operation counting
all,Automated WSD via WordNet,2004-07-01,University of Sussex,University of Sussex,Academia,United Kingdom of Great Britain and Northern Ireland,Language,Word sense disambiguation,,,,,,,,,475.0,,,,,,,
all,LIRA,2004-07-30,Instituto de Ciencias Aplicadas y Technologia,Instituto de Ciencias Aplicadas y Technologia,Academia,Mexico,Vision,Character recognition (OCR),,100000.0,1020000.0,,,,,,188.0,,,,,,,
all,LMICA,2004-12-01,,,,,Vision,Object detection,2782080000000000.0,4096000.0,100000.0,,,,,,,,,,,,Confident,Hardware
all,Synergistic Face Detector,2004-12-01,NEC Laboratories,"NEC Laboratories,Courant Institute of Mathematical Sciences",Industry-academia collaboration,United States of America,Vision,Face detection,52603200000000.0,16636.0,,,26.0,1.0833333333333333,,,,Intel Pentium 4 2.40,Intel Pentium 4 2.40,Unreleased,No,,Confident,Hardware
all,Hierarchical LM,2005-01-06,,,,,Language,Language modeling,115848000000000.0,,900000.0,,13.4,0.5583333333333333,,1.0,,,,,,,Confident,Hardware
all,SACHS,2005-04-22,Massachusetts Institute of Technology (MIT),"Massachusetts Institute of Technology (MIT),Stanford University",Academia,United States of America,Biology,Other Biological Modeling,,178.0,5400.0,,,,,,1682.0,,,,,,,
all,Hiero,2005-06-01,University of Maryland,University of Maryland,Academia,United States of America,Language,Translation,,120000000.0,,,,,,,1487.0,,,,,,,
all,ConvNet similarity metric,2005-06-20,New York University (NYU),New York University (NYU),Academia,United States of America,Vision,Face verification,,,140000.0,,,,,,4059.0,,,,,,,
all,Histograms of Oriented Gradients,2005-06-25,INRIA,INRIA,Academia,France,Vision,Object detection,,,14658.0,,,,,,36578.0,,,,,,,
all,BiLSTM for Speech,2005-08-01,IDSIA,"IDSIA,Technical University of Munich",Academia,Multinational,Speech,Speech recognition (ASR),24124575958774.88,152061.0,,,,,,,4706.0,,,,,,Likely,Third-party estimation
all,RankNet,2005-08-07,Microsoft Research,"Microsoft Research,Microsoft",Industry,United States of America,Search,Search,3482081588304.0,5711.0,3464289.0,,5.85,0.24375,,,,,,Unreleased,No,,Confident,Operation counting
all,Monocular Depth Prediction,2005-12-05,Stanford University,Stanford University,Academia,United States of America,Vision,Miscellaneous image analysis,,1472256.0,2933137.0,,,,,,1417.0,,,Unreleased,No,,Speculative,
all,Vision-based obstacle avoidance system (2005),2005-12-05,New York University (NYU),"New York University (NYU),Net-Scale technologies,NEC Laboratories",Industry-academia collaboration,United States of America,Robotics,"Self-driving car,Object detection",,72000.0,,,96.0,4.0,103.32,1.0,742.0,Intel Pentium 4 HT 630,Intel Pentium 4 HT 630,Unreleased,No,Unreleased,Confident,
all,Stanley (DARPA Grand Challenge 2),2006-01-01,Stanford University,Stanford University,Academia,United States of America,Driving,Self-driving car,,,,,,,,,2571.0,,,,,,Unknown,
all,TFE SVM,2006-02-02,Centre de Recherche en Automatique de Nancy (CRAN),"Centre de Recherche en Automatique de Nancy (CRAN),CENPARMI",Academia,Multinational,Vision,Digit recognition,,,600000.0,,,,,,365.0,,,,,,Unknown,
all,RL for helicopter flight,2006-03-09,University of California (UC) Berkeley,"University of California (UC) Berkeley,Stanford University",Academia,United States of America,Driving,Helicopter driving,,,,,,,,,375.0,,,,,,Unknown,
all,FAST,2006-05-07,University of Cambridge,University of Cambridge,Academia,United Kingdom of Great Britain and Northern Ireland,Video,Corner detection,,,,,,,,,5419.0,,,,,,Unknown,
all,Crazy Stone,2006-05-29,INRIA,INRIA,Academia,France,Games,Go,,,,,,,,,,,,Unreleased,No,Unreleased,Unknown,
all,DrLIM,2006-06-17,New York University (NYU),New York University (NYU),Academia,United States of America,Other,Image embedding,,37097.0,36060000.0,,,,,,4888.0,,,,,,,
all,Hybrid CNN/SVM Object Categorizer,2006-06-17,Courant Institute of Mathematical Sciences,Courant Institute of Mathematical Sciences,Academia,United States of America,Vision,"Object recognition,Image classification",97977600000000.0,3590057.0,291600.0,,51.75,2.15625,,,,,,Unreleased,No,,Confident,Operation counting
all,SVM-CNN,2006-06-17,New York University (NYU),New York University (NYU),Academia,United States of America,Vision,Image classification,745200000000000.0,90857.0,583200.0,,,,,1.0,,,,Unreleased,No,,Confident,Hardware
all,Spatial Pyramid Matching,2006-06-17,INRIA,"INRIA,University of Illinois Urbana-Champaign (UIUC),Ecole Normale Supèrieure",Academia,Multinational,Vision,Image classification,,,3030.0,,,,,,9807.0,,,,,,Unknown,
all,CTC-Trained LSTM,2006-06-25,IDSIA,"IDSIA,Technical University of Munich",Academia,Multinational,Speech,Speech recognition (ASR),,114662.0,,,,,,,4862.0,,,,,,,
all,Semantic Taxonomy Induction,2006-07-07,Stanford University,Stanford University,Academia,United States of America,Language,Language Structure Modeling,,100.0,,,,,,,571.0,,,,,,,
all,Deep Belief Nets,2006-07-18,University of Toronto,"University of Toronto,National University of Singapore",Academia,Multinational,Vision,Character recognition (OCR),,1600000.0,47100000.0,,168.0,7.0,,,16071.0,,,,,,,
all,Dimensionality Reduction,2006-07-18,University of Toronto,University of Toronto,Academia,Canada,Vision,Face recognition,,3800000.0,47040000.0,,,,,,15697.0,,,,,,,
all,Sparse Vision Encoding,2006-11-01,Stanford University,Stanford University,Academia,United States of America,Vision,Image classification,9604800000000.0,,,,10.0,0.4166666666666667,,,3512.0,,,Unreleased,No,,Likely,Hardware
all,Local Binary Patterns for facial recognition,2006-12-01,University of Oulu,"University of Oulu,IEEE",Industry-academia collaboration,Multinational,Vision,Image classification,,,736.0,,,,,,5915.0,,,,,,Unknown,
all,Greedy layer-wise DNN training,2006-12-04,University of Montreal / Université de Montréal,University of Montreal / Université de Montréal,Academia,Canada,Other,"Image classification,Regression",,,107100000.0,,,,,,5605.0,,,,,,Unknown,
all,Sparse Energy-Based Model,2006-12-04,New York University (NYU),New York University (NYU),Academia,United States of America,Vision,Character recognition (OCR),,,47040000.0,,,,,,1601.0,,,,,,,
all,Empirical evaluation of deep architectures,2007-06-01,University of Montreal / Université de Montréal,University of Montreal / Université de Montréal,Academia,Canada,Other,Image classification,,,50000.0,,,,,,1185.0,,,,,,Unknown,
all,λ-WASP,2007-06-01,UT Austin,UT Austin,Academia,United States of America,Language,Language Structure Modeling,,,,,,,,,383.0,,,,,,,
all,Restricted Bolzmann machines,2007-06-20,University of Toronto,University of Toronto,Academia,Canada,Recommendation,"Movie ratings,Recommender system",,,100480507.0,,,,,,2140.0,,,,,,,
all,KN-LM,2007-06-22,Google,Google,Industry,United States of America,Language,Language modeling,7.7303808e+17,21000000000.0,31000000000.0,,48.0,2.0,,400.0,,,,,,,Likely,Hardware
all,SB-LM,2007-06-22,Google,Google,Industry,United States of America,Language,Language modeling,1.4494464e+18,300000000000.0,1800000000000.0,,24.0,1.0,,1500.0,,,,,,,Likely,Hardware
all,Fisher Kernel GMM,2007-07-16,Xerox,Xerox,Industry,United States of America,Vision,Image classification,,,570000.0,,2.5,0.10416666666666667,,,1915.0,,,,,,Likely,
all,Regularized SVD for Collaborative Filtering,2007-08-12,Warsaw University,Warsaw University,Academia,Poland,Recommendation,Recommender system,,,100480507.0,,,,,,1117.0,,,,,,,
all,BLSTM for handwriting (1),2007-09-23,University of Bern,"University of Bern,IDSIA,Technical University of Munich",Academia,Multinational,Vision,"Character recognition (OCR),Image classification",,,405478.0,,,,,,287.0,,,,,,Unknown,
all,Enhanced Neighborhood-Based Filtering,2007-10-28,AT&T,AT&T,Industry,United States of America,Recommendation,Recommender system,,,100000000.0,,,,,,687.0,,,,,,Unknown,
all,BLSTM for handwriting (2),2007-12-03,University of Bern,"University of Bern,IDSIA,Technical University of Munich",Academia,Multinational,Vision,Character recognition (OCR),,100881.0,3298424.0,,,,,,341.0,,,,,,,
all,Multiscale deformable part model,2008-06-23,UC Irvine,"UC Irvine,University of Chicago,Toyota Technological Institute at Chicago",Academia,United States of America,Vision,Object detection,,,,,,,,,3095.0,,,,,,Unknown,
all,Deep Multitask NLP Network,2008-07-05,NEC Laboratories,NEC Laboratories,Industry,United States of America,Language,Language modeling,,1500000.0,633000000.0,,168.0,7.0,,,7095.0,,,,,,Speculative,
all,Denoising Autoencoders,2008-07-05,University of Montreal / Université de Montréal,University of Montreal / Université de Montréal,Academia,Canada,Other,Image classification,,,7840000.0,,,,,,7894.0,,,,,,Unknown,
all,Semi-Supervised Embedding for DL,2008-07-05,Google,"Google,NUANCE Communications,IDIAP,University of Illinois Urbana-Champaign (UIUC)",Industry-academia collaboration,Multinational,Other,"Image classification,Language Structure Modeling,Text classification",,,632000000.0,,,,,,1087.0,,,,,,Unknown,
all,Stacked Semisuperviser Autoencoders,2008-07-15,New York University (NYU),"New York University (NYU),Microsoft",Industry-academia collaboration,United States of America,Language,Document representation,,3000000.0,,,,,,,243.0,,,,,,,
all,Boss (DARPA Urban Challenge),2008-07-23,Carnegie Mellon University (CMU),Carnegie Mellon University (CMU),Academia,United States of America,Driving,Self-driving car,,,,,,,,,1897.0,,,,,,Unknown,
all,Sparse digit recognition SVM,2008-11-19,University of Lubeck,University of Lubeck,Academia,Germany,Vision,Image classification,,,,,,,,,124.0,,,,,,Unknown,
all,BigChaos 2008,2008-11-25,AT&T,AT&T,Industry,United States of America,Recommendation,Movie ratings,,,,,,,,,35.0,,,,,,,
all,ADAPTIVE NLPM,2008-12-08,University of Toronto,University of Toronto,Academia,Canada,Language,Language modeling,,12198000.0,14000000.0,,,,,,1297.0,,,Unreleased,No,,Confident,
all,HLBL,2008-12-08,University of Toronto,University of Toronto,Academia,Canada,Language,Language modeling,,1846400.0,14000000.0,,,,,,,,,,,,Confident,
all,GNN,2008-12-09,University of Siena,University of Siena,Academia,Italy,Other,Binary classification,1614600000.0,30.0,207.0,,,,,1.0,,,,Open weights (unrestricted),Yes,,Confident,Operation counting
all,Semantic Hashing,2008-12-10,University of Toronto,University of Toronto,Academia,Canada,Language,Search,,2600000.0,1511035000.0,,,,,,1487.0,,,,,,,
all,BP-DBN,2009-01-01,University of Toronto,University of Toronto,Academia,Canada,Speech,Speech recognition (ASR),,18030592.0,,,,,984.0,1.0,,NVIDIA Tesla S1070,NVIDIA Tesla S1070,Unreleased,No,Unreleased,Confident,
all,Long-Range Autonomous Off-Road Driving System,2009-01-08,Courant Institute of Mathematical Sciences,Courant Institute of Mathematical Sciences,Academia,United States of America,Vision,Self-driving car,278721000000000.0,12410.0,450000.0,,,,,,,,,Unreleased,No,,Confident,Operation counting
all,RBM Image Classifier,2009-04-08,University of Toronto,University of Toronto,Academia,Canada,Vision,Image classification,,80000000.0,6144050000.0,,,,,,39635.0,,,,,,Likely,
all,Deep Boltzmann Machines,2009-04-16,University of Toronto,University of Toronto,Academia,Canada,Other,Image classification,,,60000.0,,,,,,2666.0,,,,,,Unknown,
all,Conv-DBN,2009-06-14,Stanford University,Stanford University,Academia,United States of America,Vision,Image classification,,,,,,,,,2964.0,,,,,,Unknown,
all,GPU DBNs,2009-06-15,Stanford University,Stanford University,Academia,United States of America,Other,Miscellaneous image analysis,1000000000000000.0,100000000.0,121344000000.0,,,,,,1032.0,,,,,,Confident,Hardware
all,Conditional Maximum Entropy Model (Gigaworld),2009-07-01,Google,Google,Industry,United States of America,Language,Language modeling,1.0000000001e+18,1000000.0,1000000000.0,,,,,,,,,Unreleased,No,Unreleased,Speculative,
all,BellKor 2008,2009-08-01,AT&T,AT&T,Industry,United States of America,Recommendation,Movie ratings,,,,,,,,,162.0,,,,,,,
all,BellKor 2009,2009-08-01,AT&T,AT&T,Industry,United States of America,Recommendation,Movie ratings,,,,,,,,,513.0,,,,,,,
all,BigChaos OptiBlend,2009-08-01,AT&T,AT&T,Industry,United States of America,Recommendation,Movie ratings,,,,,,,,,237.0,,,,,,,
all,Pragmatic Theory solution (Netflix 2009),2009-08-01,Pragmatic Theory Inc.,Pragmatic Theory Inc.,Industry,Canada,Recommendation,Movie ratings,,,,,,,,,111.0,,,,,,Confident,
all,RL mapping instructions (games),2009-08-01,Massachusetts Institute of Technology (MIT),Massachusetts Institute of Technology (MIT),Academia,United States of America,Language,Instruction interpretation,,80940.0,,,,,,,318.0,,,,,,,
all,RL mapping instructions (troubleshooting),2009-08-02,Massachusetts Institute of Technology (MIT),Massachusetts Institute of Technology (MIT),Academia,United States of America,Language,Instruction interpretation,,133140.0,,,,,,,318.0,,,,,,,
all,MatrixFac for Recommenders,2009-08-07,Yahoo Research,"Yahoo Research,AT&T",Industry,United States of America,Recommendation,Recommender system,,,100480507.0,,,,,,9234.0,,,,,,,
all,ConvNet Processor,2009-08-31,Courant Institute of Mathematical Sciences,Courant Institute of Mathematical Sciences,Academia,United States of America,Vision,Face detection,306000000000000.0,14423.0,30000.0,,,,,,,,,Unreleased,No,,Likely,Operation counting
all,Polarity Classifier,2009-09-01,University of Edinburgh,"University of Edinburgh,University of Pittsburgh",Academia,Multinational,Language,Text classification,,,,,,,,,866.0,,,,,,,
all,Two Stage Feature Extraction (MNIST),2009-09-01,New York University (NYU),New York University (NYU),Academia,United States of America,Vision,Image classification,20754000000000.0,258800.0,50000.0,,,,,,,,,Unreleased,No,,Confident,Operation counting
all,BellKor 2007,2009-09-21,AT&T,AT&T,Industry,United States of America,Recommendation,Movie ratings,,,,,,,,,241.0,,,,,,,
all,3D city reconstruction,2009-09-29,University of Washington,"University of Washington,Microsoft Research,Cornell University",Industry-academia collaboration,United States of America,3D modeling,3D reconstruction,,,,,,,,,2435.0,,,,,,Unknown,
all,LCNP LabelMe,2009-11-22,University of Bonn,University of Bonn,Academia,Germany,Vision,Object recognition,3295150080000000.0,13729792.0,40000.0,,,,,,,,,,,,Confident,Operation counting
all,LCNP MNIST,2009-11-22,,,,,Vision,Object recognition,4181852160000000.0,11616256.0,50000.0,,,,,,,,,,,,Confident,Operation counting
all,LCNP NORB,2009-11-22,,,,,Vision,Object recognition,2452090060800000.0,16818176.0,24300.0,,,,,,,,,,,,Confident,Operation counting
all,Super-vector coding,2010-01-01,University of Illinois Urbana-Champaign (UIUC),"University of Illinois Urbana-Champaign (UIUC),NEC Laboratories,Rutgers University",Industry-academia collaboration,United States of America,Vision,"Image classification,Object recognition",,1025.0,,,,,,,696.0,,,,,,Speculative,
all,Stacked Denoising Autoencoders,2010-01-03,University of Montreal / Université de Montréal,"University of Montreal / Université de Montréal,University of Toronto",Academia,Canada,Other,Image classification,,,339250000.0,,,,,,7411.0,,,,,,Unknown,
all,6-layer MLP (MNIST),2010-03-01,IDSIA,"IDSIA,University of Lugano,SUPSI",Academia,Switzerland,Vision,Character recognition (OCR),130788000000000.0,12110000.0,60000.0,,2.0,0.08333333333333333,,,1264.0,"NVIDIA GeForce GTX 280,Intel Core 2 Quad Q9450",NVIDIA consumer / workstation GPU,,,,Likely,Operation counting
all,Feedforward NN,2010-05-13,University of Montreal / Université de Montréal,University of Montreal / Université de Montréal,Academia,Canada,Vision,Digit recognition,350000000000000.0,7082000.0,90000.0,,,,,,18606.0,,,,,,Confident,Operation counting
all,Word Representations,2010-06-01,University of Montreal / Université de Montréal,"University of Montreal / Université de Montréal,University of Illinois Urbana-Champaign (UIUC)",Academia,Multinational,Language,Language Structure Modeling,,,37000000.0,,,,,,2510.0,,,,,,,
all,Deconvolutional Network,2010-06-13,New York University (NYU),New York University (NYU),Academia,United States of America,Vision,Image classification,,,,,,,,,1639.0,,,,,,Unknown,
all,Mid-level Features,2010-06-13,INRIA,"INRIA,Ecole Normale Supèrieure,New York University (NYU)",Academia,Multinational,Vision,Object recognition,,,1500.0,,,,,,1314.0,,,,,,Unknown,
all,iCCCP,2010-06-13,Massachusetts Institute of Technology (MIT),Massachusetts Institute of Technology (MIT),Academia,United States of America,Vision,Object detection,1080000000000000.0,,10000.0,,25.0,1.0416666666666667,,1.0,,,,Unreleased,No,,Confident,Hardware
all,ReLU (LFW),2010-06-15,University of Toronto,University of Toronto,Academia,Canada,Vision,Face recognition,,,233280.0,,,,,,18270.0,,,,,,Unknown,
all,ReLU (NORB),2010-06-15,University of Toronto,University of Toronto,Academia,Canada,Vision,Object recognition,,16210006.0,291600.0,,,,,,18270.0,,,,,,,
all,SimuParallelSGD,2010-07-01,Yahoo Research,Yahoo Research,Industry,United States of America,Other,Binary classification,,,,,,,,,,,,Unreleased,No,Unreleased,Unknown,
all,Fisher-Boost,2010-09-05,Xerox Research Centre Europe (XRCE),Xerox Research Centre Europe (XRCE),Industry,France,Vision,Image classification,,,350000.0,,21.5,0.8958333333333334,,,3062.0,,,,,,Unknown,
all,Pooling CNN (Caltech 101),2010-09-15,University of Bonn,University of Bonn,Academia,Germany,Vision,Image classification,1221124128768000.0,294912.0,3060.0,,,,,,,,,Unreleased,No,,Confident,Operation counting
all,Pooling CNN (NORB),2010-09-15,University of Bonn,University of Bonn,Academia,Germany,Vision,Image classification,1456277227200000.0,268664.0,24300.0,,,,,,,,,Unreleased,No,,Confident,Operation counting
all,KN5 LM + RNN 400/10 (WSJ),2010-09-26,Brno University of Technology,"Brno University of Technology,Johns Hopkins University",Academia,Multinational,Speech,Transcription,1.7e+16,22160000.0,6400000.0,,504.0,21.0,,,6038.0,,,,,,Confident,Operation counting
all,RNN 1000/5 + RT09 LM (NIST RT05),2010-09-26,Brno University of Technology,"Brno University of Technology,Johns Hopkins University",Academia,Multinational,Speech,"Speech recognition (ASR),Transcription",5e+16,77039000.0,5400000.0,,1200.0,50.0,,,6038.0,,,Unreleased,No,,Likely,Operation counting
all,RNN 500/10 + RT09 LM (NIST RT05),2010-09-26,Brno University of Technology,"Brno University of Technology,Johns Hopkins University",Academia,Multinational,Speech,Transcription,1.25e+16,19250000.0,5400000.0,,,,,,6038.0,,,,,,Confident,Operation counting
all,RNN LM,2010-09-26,Johns Hopkins University,Johns Hopkins University,Academia,United States of America,Language,Language modeling,5.396e+16,70265000.0,6400000.0,,504.0,21.0,,,6038.0,,,,,,Speculative,Operation counting
all,YouTube Video Recommendation System,2010-09-26,Google,Google,Industry,United States of America,Recommendation,Recommender system,,,,,,,,,1160.0,,,,,,,
all,Optimized Single-layer Net,2011-04-11,University of Michigan,"University of Michigan,Stanford University",Academia,United States of America,Vision,Image classification,,,50000.0,,,,,,4240.0,,,,,,Unknown,
all,Deep rectifier networks,2011-04-13,University of Montreal / Université de Montréal,University of Montreal / Université de Montréal,Academia,Canada,Vision,Image classification,,,81920000.0,,,,,,8616.0,,,,,,Unknown,
all,Deep Autoencoders,2011-04-29,University of Toronto,University of Toronto,Academia,Canada,Vision,Image representation,3.672864e+16,139808256.0,4915200000.0,,48.0,2.0,246.22598104391827,1.0,,NVIDIA GeForce GTX 285,NVIDIA consumer / workstation GPU,,,,Confident,Hardware
all,RNN-SpeedUp,2011-05-22,Brno University of Technology,"Brno University of Technology,Johns Hopkins University",Academia,Multinational,Language,Language modeling,,,929000.0,,,,,,1576.0,,,,,,,
all,Cross-Lingual POS Tagger,2011-06-19,Carnegie Mellon University (CMU),"Carnegie Mellon University (CMU),Google Research",Industry-academia collaboration,United States of America,Language,Part-of-speech tagging,,,,,,,,,318.0,,,,,,Unknown,
all,Vector Space Model,2011-06-19,Stanford University,Stanford University,Academia,United States of America,Language,"Semantic embedding,Sentiment classification",,255000.0,5650000.0,,,,,,,,,,,,Confident,
all,Recursive Neural Network,2011-06-28,Stanford University,Stanford University,Academia,United States of America,Vision,Representation learning,,,573285.0,,,,,,,,,,,,Confident,
all,Recursive sentiment autoencoder,2011-07-01,Stanford University,Stanford University,Academia,United States of America,Language,Text classification,,,31675.0,,,,,,1477.0,,,,,,Unknown,
all,High Performance CNN (NORB),2011-07-16,IDSIA,"IDSIA,SUPSI",Academia,Switzerland,Vision,Image classification,2.57985e+16,4878300.0,50000.0,,4.0,0.16666666666666666,,4.0,,"NVIDIA GeForce GTX 480,NVIDIA GeForce GTX 580",NVIDIA consumer / workstation GPU,Unreleased,No,Unreleased,Likely,Hardware
all,Bayesian Starcraft,2011-08-31,Collège de France,Collège de France,Academia,France,Games,StarCraft,,13125.0,,,,,,,86.0,,,,,,,
all,CNN Committee (MNIST),2011-09-18,IDSIA,IDSIA,Academia,Switzerland,Vision,Image classification,5.2e+16,120620.0,420000.0,,98.0,4.083333333333333,,4.0,,"NVIDIA GeForce GTX 580,NVIDIA GeForce GTX 480",NVIDIA consumer / workstation GPU,Unreleased,No,Unreleased,Likely,"Hardware,Operation counting"
all,CNN Committee (NIST),2011-09-18,IDSIA,IDSIA,Academia,Switzerland,Vision,Image classification,2.6e+16,128420.0,3380475.0,,42.0,1.75,,4.0,,"NVIDIA GeForce GTX 580,NVIDIA GeForce GTX 480",NVIDIA consumer / workstation GPU,Unreleased,No,Unreleased,Likely,"Operation counting,Hardware"
all,Adaptive Subgrad,2011-10-03,Technion - Israel Institute of Technology,"Technion - Israel Institute of Technology,Google,University of California (UC) Berkeley",Industry-academia collaboration,Multinational,Language,Text classification,,,800000.0,,,,,,11018.0,,,,,,Unknown,
all,CNN committee (traffic sign),2011-10-03,IDSIA,IDSIA,Academia,Switzerland,Vision,Image classification,991981425600000.0,1388800.0,53280.0,,,,,4.0,,"NVIDIA GeForce GTX 580,NVIDIA GeForce GTX 480",NVIDIA consumer / workstation GPU,Unreleased,No,Unreleased,Likely,Operation counting
all,Domain Adaptation,2011-11-06,University of Maryland,University of Maryland,Academia,United States of America,Vision,Object recognition,,15260.0,2790.0,,,,,,1071.0,,,,,,,
all,NLP from scratch,2011-11-08,NEC Laboratories,"NEC Laboratories,Princeton University",Industry-academia collaboration,United States of America,Language,Language Structure Modeling,,5000000.0,852000000.0,,72.0,3.0,,,7640.0,,,,,,,
all,HOGWILD!,2011-11-11,University of Wisconsin Madison,University of Wisconsin Madison,Academia,United States of America,Other,Text classification,,,,,,,,,2356.0,,,,,,Unknown,
all,MCDNN (MNIST),2012-02-13,IDSIA,"IDSIA,SUPSI",Academia,Switzerland,Vision,"Character recognition (OCR),Image classification",1.57e+16,2653700.0,2100000.0,,,,,,4828.0,,,Unreleased,No,Unreleased,Likely,Operation counting
all,Dropout (CIFAR),2012-06-03,University of Toronto,University of Toronto,Academia,Canada,Vision,Character recognition (OCR),4268700000000000.0,,60000.0,,1.5,0.0625,,,7999.0,NVIDIA GeForce GTX 580,NVIDIA consumer / workstation GPU,Unreleased,No,Open (non-commercial),Confident,Hardware
all,Dropout (ImageNet),2012-06-03,University of Toronto,University of Toronto,Academia,Canada,Vision,Image classification,2.731968e+17,,2600000.0,7.952555832759744,96.0,4.0,,,7999.0,NVIDIA GeForce GTX 580,NVIDIA consumer / workstation GPU,Unreleased,No,Unreleased,Confident,Hardware
all,Dropout (MNIST),2012-06-03,University of Toronto,University of Toronto,Academia,Canada,Vision,Character recognition (OCR),6039370800000000.0,5594010.0,60000.0,,,,,,7999.0,NVIDIA GeForce GTX 580,NVIDIA consumer / workstation GPU,Unreleased,No,Open (non-commercial),Confident,Operation counting
all,Dropout (TIMIT),2012-06-03,University of Toronto,University of Toronto,Academia,Canada,Speech,Speech recognition (ASR),,48840185.0,,,,,,,7999.0,NVIDIA GeForce GTX 580,NVIDIA consumer / workstation GPU,Unreleased,No,Open (non-commercial),,
all,LBL,2012-06-27,University College London (UCL),University College London (UCL),Academia,United Kingdom of Great Britain and Northern Ireland,Language,Language modeling,501999999999999.94,2000000.0,929000.0,,,,,,835.0,,,Unreleased,No,Unreleased,Likely,Operation counting
all,Ngram corpus,2012-07-08,Google,Google,Industry,United States of America,Language,Language Structure Modeling,,,,,,,,,489.0,,,,,,Unknown,
all,MV-RNN,2012-07-12,Stanford University,Stanford University,Academia,United States of America,Language,Text classification,,3510255.0,10000.0,,,,,,1459.0,,,,,,,
all,Unsupervised High-level Feature Learner,2012-07-12,Google,Google,Industry,United States of America,Vision,Image classification,6e+17,1000000000.0,1200000000000.0,16.029257461780738,72.0,3.0,,,2909.0,,,,,,Likely,Operation counting
all,Context-dependent RNN,2012-07-27,Microsoft Research,"Microsoft Research,Brno University of Technology",Industry-academia collaboration,Multinational,Language,Language modeling,,,37000000.0,,,,,,707.0,,,,,,Unknown,
all,LSTM-300units,2012-09-01,RWTH Aachen University,RWTH Aachen University,Academia,Germany,Language,Language modeling,,12000000.0,929000.0,,,,,,2503.0,,,Unreleased,No,Unreleased,,
all,LSTM LM,2012-09-09,RWTH Aachen University,RWTH Aachen University,Academia,Germany,Language,Language modeling,1.66e+16,102720000.0,27000000.0,,,,,,,,,,,,Speculative,Operation counting
all,AlexNet,2012-09-30,University of Toronto,University of Toronto,Academia,Canada,Vision,Image classification,4.7e+17,60000000.0,2457600000.0,15.56975299843643,132.0,5.5,,,125497.0,NVIDIA GeForce GTX 580,NVIDIA consumer / workstation GPU,,,,Confident,"Operation counting,Hardware,Third-party estimation"
all,RNN,2012-12-01,Microsoft Research,Microsoft Research,Industry,United States of America,Language,Language modeling,,,,,,,,,,,,Unreleased,No,Unreleased,Unknown,
all,RNN+LDA,2012-12-01,Microsoft Research,Microsoft Research,Industry,United States of America,Language,Language modeling,,,,,,,,,,,,Unreleased,No,Unreleased,Unknown,
all,RNN+LDA+KN5+cache,2012-12-01,Microsoft,"Microsoft,Brno University of Technology",Industry-academia collaboration,Multinational,Language,Language modeling,,9000000.0,929000.0,,,,,,716.0,,,Unreleased,No,Unreleased,,
all,RNN+LSA+KN5+cache (model combination w/ linear extrapolation),2012-12-01,Microsoft Research,Microsoft Research,Industry,United States of America,Language,Language modeling,,,,,,,,,,,,Unreleased,No,Unreleased,Unknown,
all,Bayesian automated hyperparameter tuning,2012-12-02,University of Toronto,"University of Toronto,University of Sherbrooke,Harvard University",Academia,Multinational,Other,Mathematical simulation,,,50000.0,,,,,,9316.0,,,,,,Unknown,
all,DNN EM segmentation,2012-12-03,IDSIA,"IDSIA,SUPSI",Academia,Switzerland,Vision,Image segmentation,4.78e+17,218896.0,3000000.0,3.9045853984413377,17.0,0.7083333333333334,2116.2977934480996,4.0,,NVIDIA GeForce GTX 580,NVIDIA consumer / workstation GPU,Unreleased,No,Unreleased,Confident,"Operation counting,Hardware"
all,DistBelief Speech,2012-12-03,Google,Google,Industry,United States of America,Speech,Speech recognition (ASR),3.114e+17,47185920.0,1100000000.0,,120.0,5.0,,,,,,,,,Speculative,Operation counting
all,DistBelief Vision,2012-12-03,Google,Google,Industry,United States of America,Vision,Image classification,,1700000000.0,16000000.0,,,,,,,,,,,,Likely,
all,RNN (SGD+CLR) (PTB),2012-12-04,University of Montreal / Université de Montréal,University of Montreal / Université de Montréal,Academia,Canada,Language,Language modeling,,2050000.0,,,,,,,665.0,,,Unreleased,No,Unreleased,,
all,RNN (SGD+CLR),2012-12-14,University of Montreal / Université de Montréal,University of Montreal / Université de Montréal,Academia,Canada,Audio,"Language modeling,Audio generation",,195600.0,,,,,,,647.0,,,,,,Speculative,
all,DistBelief NNLM,2013-01-16,Google,Google,Industry,United States of America,Language,Semantic embedding,2.612736e+18,,6000000000.0,3255.18396377876,336.0,14.0,,180.0,41000.0,,,,,,Likely,Hardware
all,Textual Imager,2013-01-16,Stanford University,Stanford University,Academia,United States of America,Vision,Object recognition,,,,,,,,,1527.0,,,,,,Unknown,
all,Maxout Networks,2013-02-18,University of Montreal / Université de Montréal,University of Montreal / Université de Montréal,Academia,Canada,Vision,Image classification,,,604388.0,,,,,,2576.0,,,,,,Unknown,
all,PreTrans-3L-250H,2013-03-22,University of Toronto,University of Toronto,Academia,Canada,Speech,Speech recognition (ASR),,43000000.0,,,,,,,8965.0,,,,,,,
all,Selective Search,2013-04-02,University of Trento,"University of Trento,University of Amsterdam",Academia,Multinational,Vision,"Object detection,Image segmentation",,,,,,,,,5642.0,,,,,,Unknown,
all,Multilingual DNN,2013-05-26,Google,Google,Industry,United States of America,Speech,Speech recognition (ASR),,206899200.0,3103200000.0,,672.0,28.0,,,,,,,,,Confident,
all,ReLU-Speech,2013-05-26,Google,"Google,University of Toronto,New York University (NYU)",Industry-academia collaboration,Multinational,Speech,Speech recognition (ASR),1.2773376e+17,101706240.0,,,168.0,7.0,,,,,,,,,Likely,Hardware
all,SemVec,2013-06-09,Microsoft Research,Microsoft Research,Industry,United States of America,Language,Language Structure Modeling,,,320000000.0,,,,,,3845.0,,,,,,Unknown,
all,Fisher Vector image classifier,2013-06-12,Universidad Nacional de Cordoba,"Universidad Nacional de Cordoba,Inteligent Systems Lab Amsterdam,University of Amsterdam,LEAR Team,INRIA,Xerox Research Centre Europe (XRCE)",Industry-academia collaboration,Multinational,Vision,Image classification,90842400000000.0,,,,2.0,0.08333333333333333,,,1707.0,,,,,,Confident,Hardware
all,Hierarchical Scene Labeling (Stanford Background),2013-08-01,New York University (NYU),New York University (NYU),Academia,United States of America,Vision,Semantic segmentation,2.3774688e+17,51609600.0,71380800.0,,,,,1.0,,,,Unreleased,No,,Confident,Operation counting
all,RNN+weight noise+dynamic eval,2013-08-04,University of Toronto,University of Toronto,Academia,Canada,Language,Language modeling,4210000000000000.0,54000000.0,929000.0,,,,,,4734.0,,,Unreleased,No,Unreleased,Confident,Operation counting
all,Mitosis,2013-09-22,IDSIA,IDSIA,Academia,Switzerland,Vision,Object detection,1.37e+17,37230.0,1000000.0,,24.0,1.0,,,1553.0,,,,,,Likely,Hardware
all,RCTM,2013-10-01,University of Oxford,University of Oxford,Academia,United Kingdom of Great Britain and Northern Ireland,Language,Translation,9331200000000000.0,,4500000.0,,15.0,0.625,,3.0,,,,,,,Likely,Hardware
all,RNTN,2013-10-01,Stanford University,Stanford University,Academia,United States of America,Language,Sentiment classification,1.422e+16,,155063.0,,5.0,0.20833333333333334,,,,,,Unreleased,No,Unreleased,Likely,
all,Word2Vec (large),2013-10-16,Google,Google,Industry,United States of America,Language,Semantic embedding,3.888e+16,692000000.0,330000000000.0,,24.0,1.0,,,35201.0,,,,,,Likely,Third-party estimation
all,Word2Vec (small),2013-10-16,Google,Google,Industry,United States of America,Language,Semantic embedding,,207600000.0,10000000000.0,,,,,,35201.0,,,,,,,
all,R-CNN (T-net),2013-11-11,University of California (UC) Berkeley,University of California (UC) Berkeley,Academia,United States of America,Vision,Object detection,,69003872.0,,,,,,,28903.0,,,,,,,
all,Visualizing CNNs,2013-11-12,New York University (NYU),New York University (NYU),Academia,United States of America,Vision,Image classification,5.32e+17,,7680000.0,12.994002368456531,,,,,17026.0,NVIDIA GeForce GTX 580,NVIDIA consumer / workstation GPU,,,,Confident,"Hardware,Third-party estimation"
all,TensorReasoner,2013-12-01,Stanford University,Stanford University,Academia,United States of America,Language,Language modeling,,,316232.0,,,,,,2050.0,,,,,,Unknown,
all,DeViSE,2013-12-05,Google,Google,Industry,United States of America,Vision,Semantic embedding,,,5401200000.0,,,,,,,,,,,,Confident,
all,TransE,2013-12-05,Universite de Technologie de Compiègne – CNRS,"Universite de Technologie de Compiègne – CNRS,Google",Industry-academia collaboration,Multinational,Language,Entity embedding,1.340928e+18,942000000.0,17500000.0,30.028097313317172,,,,,8347.0,,,,,,Speculative,Hardware
all,DBLSTM,2013-12-08,University of Toronto,University of Toronto,Academia,Canada,Speech,Speech recognition (ASR),,29900000.0,5040000.0,,,,,,1597.0,,,,,,,
all,Deep RNN (PTB),2013-12-11,MetaMind Inc,MetaMind Inc,Industry,United States of America,Language,Language modeling,,6000000.0,,,,,,,4010.0,,,Unreleased,No,Unreleased,Confident,
all,RNN for 1B words,2013-12-11,Google,Google,Industry,United States of America,Language,Language modeling,,20000000000.0,1000000000.0,,240.0,10.0,,24.0,1205.0,,,,,,Speculative,
all,Network in Network,2013-12-16,National University of Singapore,National University of Singapore,Academia,Singapore,Vision,Image classification,,,630420.0,,,,,,6686.0,,,,,,Unknown,
all,DQN,2013-12-19,DeepMind,DeepMind,Industry,United Kingdom of Great Britain and Northern Ireland,Games,Atari,2846883840000000.0,836096.0,160000000.0,,,,,,13665.0,,,,,,Confident,Operation counting
all,DOT(S)-RNN,2013-12-20,Aalto University,"Aalto University,University of Montreal / Université de Montréal",Academia,Multinational,Language,Language modeling,,6160000.0,929000.0,,,,,,1255.0,,,Unreleased,No,Unreleased,,
all,Image generation,2013-12-20,University of Amsterdam,University of Amsterdam,Academia,Netherlands,Vision,Image clustering,475200000000000.0,784000.0,47040000.0,,,,,,21760.0,,,,,,Confident,Third-party estimation
all,OverFeat,2013-12-21,New York University (NYU),New York University (NYU),Academia,United States of America,Vision,Image classification,,144000000.0,,,,,,,5148.0,NVIDIA Tesla K20X,NVIDIA Tesla K20X,,,,Confident,
all,GloVe (32B),2014-01-01,Stanford University,Stanford University,Academia,United States of America,Language,Semantic embedding,,120000000.0,315209597.0,,,,,,30643.0,,,,,,,
all,GloVe (6B),2014-01-01,Stanford University,Stanford University,Academia,United States of America,Language,Semantic embedding,,120000000.0,66453980.0,,,,,,30643.0,,,,,,,
all,SPN-4,2014-01-01,Singapore University of Technology & Design,"Singapore University of Technology & Design,DSO National Laboratories",Industry-academia collaboration,Singapore,Language,Language modeling,,,,,,,,,,,,Unreleased,No,Open (non-commercial),Unknown,
all,DBN for NLP,2014-02-11,Microsoft,"Microsoft,University of Toronto",Industry-academia collaboration,Multinational,Language,Text classification,,1021535.0,27000.0,,,,,,445.0,,,,,,,
all,Clockwork RNN (CW-RNN),2014-02-14,IDSIA,"IDSIA,SUPSI",Academia,Switzerland,Speech,Audio classification,,10000.0,,,,,,,,,,Unreleased,No,Unreleased,Confident,
all,HyperNEAT,2014-03-05,University of Texas at Austin,University of Texas at Austin,Academia,United States of America,Games,Atari,,239712.0,750000000.0,,,,,,195.0,,,,,,,
all,Paragraph Vector,2014-05-14,Google,Google,Industry,United States of America,Language,Language modeling,,32000000.0,16500000.0,,,,,,,,,,,,Confident,
all,AdaRNN,2014-06-01,Beihang University,Beihang University,Academia,China,Language,Sentiment classification,,13040.0,6248.0,,,,,,,,,,,,Confident,
all,Dropout: SVHN,2014-06-01,University of Toronto,University of Toronto,Academia,Canada,Vision,"Image classification,Digit recognition",,47795232.0,600000.0,,,,,,41962.0,,,Unreleased,No,Open (non-commercial),Confident,
all,GRUs,2014-06-03,University of Montreal / Université de Montréal,"University of Montreal / Université de Montréal,Jacobs University,University of Maine",Academia,Multinational,Language,"Language modeling,Translation",,,,,,,,,26262.0,,,,,,Unknown,
all,Two-stream ConvNets for action recognition,2014-06-09,University of Oxford,University of Oxford,Academia,United Kingdom of Great Britain and Northern Ireland,Video,Video classification,,,1289500.0,,,,,,8181.0,,,,,,Unknown,
all,GANs,2014-06-10,University of Montreal / Université de Montréal,University of Montreal / Université de Montréal,Academia,Canada,Image generation,Image generation,5.184e+17,,120000.0,,,,,,36870.0,,,,,,Speculative,Third-party estimation
all,SPPNet,2014-06-18,Microsoft,"Microsoft,Xi’an Jiaotong University,University of Science and Technology of China (USTC)",Industry-academia collaboration,Multinational,Vision,Image classification,3.411072e+18,,1280000.0,51.65209223027738,672.0,28.0,,,12524.0,NVIDIA GeForce GTX TITAN,NVIDIA consumer / workstation GPU,,,,Confident,Hardware
all,Fragment embedding,2014-06-21,Stanford University,Stanford University,Academia,United States of America,Vision,"Entity embedding,Semantic segmentation",,144496000.0,15000000.0,,,,,,,,,,,,Likely,
all,RNN-WER,2014-06-22,DeepMind,"DeepMind,University of Toronto",Industry-academia collaboration,Multinational,Speech,Speech recognition (ASR),,26500000.0,,,,,,,2805.0,,,,,,Likely,
all,DeepFace,2014-06-23,Tel Aviv University,"Tel Aviv University,Facebook",Industry-academia collaboration,Multinational,Vision,Face verification,,,4400000.0,,,,,,6398.0,,,,,,Unknown,
all,Multiresolution CNN,2014-06-23,Google,"Google,Stanford University",Industry-academia collaboration,United States of America,Video,Video classification,,126125568.0,50000000.0,,,,,,6254.0,,,,,,,
all,SmooCT,2014-07-01,University College London (UCL),University College London (UCL),Academia,United Kingdom of Great Britain and Northern Ireland,Games,Poker,6.9e+16,,,,48.0,2.0,,,16.0,,,,,,Likely,Hardware
all,ACF-WIDER,2014-07-15,Chinese Academy of Sciences,Chinese Academy of Sciences,Academia,China,Vision,Face detection,76380000000000.0,6144.0,144448.0,,,,,1.0,,,,Unreleased,No,Unreleased,Confident,Hardware
all,NPD,2014-08-06,IEEE,IEEE,Industry,Multinational,Vision,Face detection,,313856.0,434600.0,,,,,,,,,Open weights (unrestricted),Yes,,Confident,
all,AdClickNet,2014-08-24,Facebook,Facebook,Industry,United States of America,Recommendation,"Recommender system,Click-through rate prediction",,,,,,,,,944.0,,,,,,Unknown,
all,RNNsearch-50*,2014-09-01,Jacobs University Bremen,"Jacobs University Bremen,University of Montreal / Université de Montréal",Academia,Multinational,Language,Translation,1.5552e+18,,232000000.0,,,,,,29415.0,NVIDIA Quadro K6000,NVIDIA consumer / workstation GPU,,,,Confident,Third-party estimation
all,VGG16,2014-09-04,University of Oxford,University of Oxford,Academia,United Kingdom of Great Britain and Northern Ireland,Vision,Image classification,1.2291e+19,138000000.0,1300000.0,239.2376655010467,504.0,21.0,2137.653074766455,4.0,111439.0,NVIDIA GeForce GTX Titan Black,NVIDIA consumer / workstation GPU,,,,Confident,Hardware
all,VGG19,2014-09-04,University of Oxford,University of Oxford,Academia,United Kingdom of Great Britain and Northern Ireland,Vision,Image classification,1.1e+19,144000000.0,1300000.0,,,,,,111439.0,,,,,,Likely,Third-party estimation
all,Large regularized LSTM,2014-09-08,New York University (NYU),"New York University (NYU),Google Brain",Industry-academia collaboration,United States of America,Language,Language modeling,4.2966069e+16,66000000.0,929000.0,,24.0,1.0,264.24675821957226,1.0,3224.0,NVIDIA Tesla K20c,NVIDIA Tesla K20c,Unreleased,No,Open source,Confident,"Hardware,Operation counting"
all,Seq2Seq LSTM,2014-09-10,Google,Google,Industry,United States of America,Language,Translation,5.6e+19,1920000000.0,870000000.0,,240.0,10.0,,,22025.0,,,,,,Confident,"Operation counting,Hardware,Third-party estimation"
all,SPN-4+KN5,2014-09-14,Singapore University of Technology & Design,"Singapore University of Technology & Design,DSO National Laboratories",Industry-academia collaboration,Singapore,Language,Language modeling,4.4e+16,5000000.0,929000.0,,40.0,1.6666666666666667,290.04546165358084,1.0,102.0,NVIDIA Tesla C2075,NVIDIA Tesla C2075,Unreleased,No,Open (non-commercial),Likely,Hardware
all,GoogLeNet / InceptionV1,2014-09-17,Google,"Google,University of Michigan,University of North Carolina",Industry-academia collaboration,United States of America,Vision,Image classification,1.51e+18,6797700.0,571392000000.0,,,,,,47229.0,,,,,,Confident,Third-party estimation
all,Deeply-supervised nets,2014-09-18,Microsoft Research,Microsoft Research,Industry,United States of America,Vision,"Image classification,Digit recognition",,,598388.0,,,,,,2509.0,,,,,,,
all,Spatially-Sparse CNN,2014-09-23,University of Warwick,University of Warwick,Academia,United Kingdom of Great Britain and Northern Ireland,Vision,Image classification,,,901200.0,,,,,,260.0,,,,,,Unknown,
all,LRCN,2014-11-07,UT Austin,"UT Austin,University of Massachusetts Lowell,University of California (UC) Berkeley",Academia,United States of America,Video,Video description,,142552000.0,400000.0,,,,,,6380.0,,,,,,,
all,SC-NLM,2014-11-10,University of Toronto,University of Toronto,Academia,Canada,Multimodal,Image captioning,,,5000000.0,,,,,,,,,,,,Confident,
all,Fully Convolutional Networks,2014-11-14,University of California (UC) Berkeley,University of California (UC) Berkeley,Academia,United States of America,Vision,Image segmentation,,,,,,,,,41855.0,,,,,,Unknown,
all,Cascaded LNet-ANet,2014-11-28,Chinese University of Hong Kong (CUHK),Chinese University of Hong Kong (CUHK),Academia,Hong Kong,Vision,Face detection,,,9320000.0,,,,,,9584.0,,,,,,Unknown,
all,TA-CNN,2014-11-29,Chinese University of Hong Kong (CUHK),Chinese University of Hong Kong (CUHK),Academia,Hong Kong,Vision,Object detection,1.0854e+16,706048.0,45000.0,,3.0,0.125,,1.0,,,,Unreleased,No,,Likely,Hardware
all,SNM-skip,2014-12-03,Google,Google,Industry,United States of America,Language,Language modeling,2.97600000001e+20,62000000000.0,800000000.0,,,,,,14.0,,,,,,Speculative,Operation counting
all,NTM,2014-12-10,Google DeepMind,Google DeepMind,Industry,United States of America,Other,Sequence memorization,,,10000000.0,,,,,,2536.0,,,,,,Unknown,
all,Fractional Max-Pooling,2014-12-18,University of Warwick,University of Warwick,Academia,United Kingdom of Great Britain and Northern Ireland,Vision,Image classification,1e+17,27000000.0,901200.0,,18.0,0.75,,,672.0,NVIDIA GeForce GTX 780,NVIDIA consumer / workstation GPU,,,,Likely,Hardware
all,4-gram + 8 DENN,2014-12-22,IBM,IBM,Industry,United States of America,Language,Language modeling,,16100000.000000002,,,,,,,2.0,,,Unreleased,No,Unreleased,,
all,ADAM (CIFAR-10),2014-12-22,University of Amsterdam,"University of Amsterdam,OpenAI,University of Toronto",Industry-academia collaboration,Multinational,Vision,Image classification,624979800000000.0,2370000.0,50000.0,,,,,,166267.0,,,Unreleased,No,Unreleased,Confident,"Third-party estimation,Operation counting"
all,DeepLab,2014-12-22,Google,"Google,University of California Los Angeles (UCLA)",Industry-academia collaboration,United States of America,Vision,Image segmentation,,,,,,,,,5234.0,,,,,,Unknown,
all,N-gram (PTB),2014-12-24,Facebook AI Research,Facebook AI Research,Industry,Multinational,Language,Language modeling,,,,,,,,,,,,Unreleased,No,Unreleased,Confident,
all,N-gram+Cache (PTB),2014-12-24,Facebook AI Research,Facebook AI Research,Industry,Multinational,Language,Language modeling,,,,,,,,,,,,Unreleased,No,Unreleased,Confident,
all,SCRN (Structurally Constrained Recurrent Network),2014-12-24,Facebook AI Research,Facebook AI Research,Industry,Multinational,Language,Language modeling,,26500000.0,,,,,,,306.0,,,Unreleased,No,Open source,,
all,VGG-Face,2015-01-01,University of Oxford,University of Oxford,Academia,United Kingdom of Great Britain and Northern Ireland,Vision,Face recognition,,138000000.0,2600000.0,,,,2131.9956756796214,4.0,,NVIDIA GeForce GTX Titan Black,NVIDIA consumer / workstation GPU,Unreleased,No,,Confident,
all,"MSRA (C, PReLU)",2015-02-06,Microsoft Research,Microsoft Research,Industry,United States of America,Vision,Image classification,2.397403008e+19,87048800.0,1280000.0,1394.115708804708,588.0,24.5,,,20475.0,NVIDIA Tesla K40t,NVIDIA Tesla K40t,,,,Confident,Hardware
all,CRF-RNN,2015-02-11,University of Oxford,"University of Oxford,Stanford University,Baidu",Industry-academia collaboration,Multinational,Vision,Image segmentation,,,,,,,,,2661.0,,,,,,Unknown,
all,TRPO,2015-02-19,University of California (UC) Berkeley,University of California (UC) Berkeley,Academia,United States of America,Games,Atari,,33500.0,,,30.0,1.25,,,8305.0,,,Unreleased,No,,Confident,
all,DQN-2015,2015-02-25,Google,Google,Industry,United States of America,Games,Atari,,1693362.0,12500000.0,,,,,,25403.0,,,,,,,
all,Constituency-Tree LSTM,2015-02-28,MetaMind Inc,"MetaMind Inc,Stanford University",Industry-academia collaboration,United States of America,Language,Semantic embedding,,205190.0,319000.0,,,,,,3248.0,,,,,,,
all,Stack RNN,2015-03-03,Facebook AI Research,Facebook AI Research,Industry,Multinational,Language,Language modeling,,2010000.0,,,,,,,440.0,,,Unreleased,No,Unreleased,,
all,genCNN + dyn eval,2015-03-17,Chinese Academy of Sciences,"Chinese Academy of Sciences,Huawei Noah's Ark Lab,Dublin City University",Industry-academia collaboration,Multinational,Language,Language modeling,3.4153451e+16,8000000.0,929000.0,,48.0,2.0,,,33.0,NVIDIA Tesla K40s,NVIDIA Tesla K40s,Unreleased,No,Unreleased,Speculative,"Hardware,Operation counting"
all,TC-DNN-BLSTM-DNN,2015-04-06,Carnegie Mellon University (CMU),Carnegie Mellon University (CMU),Academia,United States of America,Speech,"Speech recognition (ASR),Speech-to-text",1.9410191999999997e+17,18413568.0,29160000.0,,51.0,2.125,263.01387537165505,1.0,,NVIDIA Tesla K20m,NVIDIA Tesla K20m,Unreleased,No,Unreleased,Confident,Hardware
all,Fast R-CNN,2015-04-30,Microsoft Research,Microsoft Research,Industry,United States of America,Vision,Object detection,,,25600000.0,,,,,,28324.0,,,,,,Unknown,
all,Deep LSTM video classifier,2015-05-01,University of Texas at Austin,"University of Texas at Austin,Google",Industry-academia collaboration,United States of America,Video,Video,,,,,,,,,2417.0,,,,,,Unknown,
all,2nd order FOFE-FNNLM,2015-05-06,University of Science and Technology of China (USTC),"University of Science and Technology of China (USTC),York University",Academia,Multinational,Language,Language modeling,,6000000.0,,,,,,,18.0,,,Unreleased,No,Unreleased,,
all,U-Net,2015-05-18,University of Freiburg,University of Freiburg,Academia,Germany,Vision,Image segmentation,5.0832252e+16,37676160.0,7864320.0,,10.0,0.4166666666666667,,1.0,,,,Open weights (unrestricted),Yes,,Confident,Hardware
all,Trajectory-pooled conv nets,2015-05-19,Chinese University of Hong Kong (CUHK),"Chinese University of Hong Kong (CUHK),Chinese Academy of Sciences",Academia,Multinational,Video,Action recognition,,9106245.0,,,,,,,3786.0,,,,,,,
all,Draw,2015-05-20,Google DeepMind,Google DeepMind,Industry,United States of America,Image generation,Image generation,,,673750548.0,,,,,,,,,,,,Confident,
all,Faster R-CNN,2015-06-04,Microsoft Research,Microsoft Research,Industry,United States of America,Vision,Object detection,,,102400000.0,,,,,,72570.0,,,Open weights (unrestricted),Yes,Open source,Unknown,
all,CFSS,2015-06-07,SenseTime,"SenseTime,Chinese University of Hong Kong (CUHK),Shenzhen Institute of Advanced Technology",Industry-academia collaboration,Multinational,Vision,Face detection,,17408.0,141660.0,,,,,1.0,,,,Open weights (unrestricted),Yes,,Likely,
all,YOLO,2015-06-08,University of Washington,"University of Washington,Allen Institute for AI,Facebook AI Research",Industry-academia collaboration,Multinational,Vision,Object detection,,271684800.0,,,,,,,45325.0,,,,,,,
all,BatchNorm,2015-06-15,Google,Google,Industry,United States of America,Vision,Image classification,,13600000.0,12441600000.0,,,,,,46718.0,,,,,,Confident,
all,Skip-Thoughts,2015-06-22,University of Toronto,"University of Toronto,Massachusetts Institute of Technology (MIT),CIFAR AI Research",Industry-academia collaboration,Multinational,Language,Language modeling,,,,,336.0,14.0,,,,,,Open weights (unrestricted),Yes,Open source,Confident,
all,Search-Proven Best LSTM,2015-07-06,Google,Google,Industry,United States of America,Language,"Language modeling,Neural Architecture Search - NAS",3340000000000000.0,20000000.0,929000.0,,,,,,2207.0,,,Unreleased,No,Unreleased,Confident,Operation counting
all,CompACT-Deep,2015-07-19,University of California San Diego,University of California San Diego,Academia,United States of America,Vision,Object detection,,,,,,,285.7303639078396,1.0,,NVIDIA Tesla K40m,NVIDIA Tesla K40m,Unreleased,No,,Confident,
all,Deep CNN + COTS,2015-07-26,IEEE,IEEE,Industry,Multinational,Vision,Face recognition,,5006000.0,494414.0,,,,285.6858261304193,1.0,,NVIDIA Tesla K40c,NVIDIA Tesla K40c,Unreleased,No,,Confident,
all,DCNN,2015-08-07,University of Maryland,"University of Maryland,Rutgers University",Academia,United States of America,Vision,Face verification,4.8098691e+17,5006000.0,490356.0,,216.0,9.0,285.60949180561556,1.0,,NVIDIA Tesla K40c,NVIDIA Tesla K40c,Unreleased,No,Unreleased,Confident,"Operation counting,Hardware"
all,"Listen, Attend and Spell",2015-08-20,Google,"Google,Carnegie Mellon University (CMU)",Industry-academia collaboration,United States of America,Speech,Speech recognition (ASR),,,,,,,,,2369.0,,,Unreleased,No,Unreleased,Unknown,
all,LSTM-Char-Large,2015-08-26,Harvard University,"Harvard University,New York University (NYU)",Academia,United States of America,Language,Language modeling,2650000000000000.0,19000000.0,929000.0,,,,,,2033.0,,,Unreleased,No,Open source,Confident,Operation counting
all,BPE,2015-08-31,University of Edinburgh,University of Edinburgh,Academia,United Kingdom of Great Britain and Northern Ireland,Language,Translation,,,50000000.0,,,,,,8685.0,,,,,,,
all,Deep Deterministic Policy Gradients,2015-09-09,Google DeepMind,Google DeepMind,Industry,United States of America,Robotics,"Robotic manipulation,Self-driving car",,,,,,,,,15374.0,,,,,,Unknown,
all,AlphaGo Fan,2015-10-01,DeepMind,DeepMind,Industry,United Kingdom of Great Britain and Northern Ireland,Games,Go,3.8e+20,8209984.0,12697600000.0,4828.322276803044,,,,,18175.0,,,Unreleased,No,Unreleased,Likely,Hardware
all,SAF R-CNN,2015-10-28,Beijing Institute of Technology,"Beijing Institute of Technology,Sun Yat-sen University,Panasonic R&D,National University of Singapore",Industry-academia collaboration,Multinational,Vision,Object detection,1.231108125e+19,138000000.0,350000.0,,,,290.9065505304121,1.0,,NVIDIA GeForce GTX TITAN X,NVIDIA consumer / workstation GPU,Unreleased,No,,Likely,Operation counting
all,The Attentive Reader,2015-11-19,Google DeepMind,Google DeepMind,Industry,United States of America,Language,Question answering,,,,,,,,,,,,Open weights (unrestricted),Yes,Open source,Confident,
all,3DDFA,2015-11-23,Chinese Academy of Sciences,"Chinese Academy of Sciences,Michigan State University",Academia,Multinational,Vision,"Face detection,3D reconstruction",,5355584.0,293901.0,,,,,,,,,Unreleased,No,Open source,Confident,
all,Highway Network,2015-11-23,IDSIA,"IDSIA,SUPSI",Academia,Switzerland,Vision,Image classification,,2300000.0,,,,,,,,,,,,,Confident,
all,Multi-scale Dilated CNN,2015-11-23,Princeton University,"Princeton University,Intel Labs",Industry-academia collaboration,United States of America,Vision,Image segmentation,,,,,,,,,9368.0,,,,,,Unknown,
all,Netflix Recommender System,2015-12-01,Netflix,Netflix,Industry,United States of America,Recommendation,Recommender system,,,,,,,,,1092.0,,,,,,Unknown,
all,Inception v3,2015-12-02,Google,"Google,University College London (UCL)",Industry-academia collaboration,Multinational,Vision,Image classification,1e+20,23626728.0,1200000.0,1218.1810104797394,,,,,30915.0,,,,,,Likely,Third-party estimation
all,DeepSpeech2 (English),2015-12-08,Baidu Research - Silicon Valley AI Lab,Baidu Research - Silicon Valley AI Lab,Industry,United States of America,Speech,Speech recognition (ASR),2.6e+19,38000000.0,716400000.0,214.33761025036443,120.0,5.0,8463.467702301677,16.0,3150.0,NVIDIA GeForce GTX TITAN X,NVIDIA consumer / workstation GPU,,,,Confident,"Operation counting,Third-party estimation"
all,SSD,2015-12-08,,,,,Vision,Object detection,,,2300000.0,,,,,,39468.0,NVIDIA GeForce GTX TITAN X,NVIDIA consumer / workstation GPU,Open weights (unrestricted),Yes,,Confident,
all,ResNet-101 (ImageNet),2015-12-10,Microsoft,Microsoft,Industry,United States of America,Vision,Image classification,7.004e+18,44500000.0,1280000.0,,,,,,228517.0,,,Open weights (unrestricted),Yes,,Confident,Operation counting
all,ResNet-110 (CIFAR-10),2015-12-10,Microsoft,Microsoft,Industry,United States of America,Vision,Image classification,,1700000.0,50000.0,,,,,,228517.0,,,,,,,
all,ResNet-152 (ImageNet),2015-12-10,Microsoft,Microsoft,Industry,United States of America,Vision,Image classification,1.041408e+19,60200000.0,1280000.0,,,,,,228517.0,,,,,,Confident,"Operation counting,Third-party estimation"
all,BPL,2015-12-11,University of Toronto,"University of Toronto,New York University (NYU),Massachusetts Institute of Technology (MIT)",Academia,Multinational,Image generation,Image generation,,,,,,,,,3178.0,,,,,,Unknown,
all,Advantage Learning,2015-12-15,Google DeepMind,Google DeepMind,Industry,United States of America,Games,Atari,,,100000000.0,,,,,,166.0,,,,,,Unknown,
all,"Variational (untied weights, MC) LSTM (Large)",2015-12-16,University of Cambridge,University of Cambridge,Academia,United Kingdom of Great Britain and Northern Ireland,Language,Language modeling,5886144000000000.0,66000000.0,929000.0,,,,,,1838.0,,,Unreleased,No,Unreleased,Confident,Operation counting
all,AlphaGo Lee,2016-01-27,DeepMind,DeepMind,Industry,United Kingdom of Great Britain and Northern Ireland,Games,Go,1.9e+21,,300000000.0,22206.80954117433,696.0,29.0,,,18175.0,,,Unreleased,No,Unreleased,Speculative,Comparison with other models
all,Convolutional Pose Machines,2016-01-30,Carnegie Mellon University (CMU),Carnegie Mellon University (CMU),Academia,United States of America,Vision,Pose estimation,,,,,,,,,2906.0,,,,,,Unknown,
all,A3C FF hs,2016-02-04,Google,"Google,University of Montreal / Université de Montréal",Industry-academia collaboration,Multinational,Games,Atari,,,200000000.0,,,,,,9971.0,,,,,,Unknown,
all,10 LSTMS + KN-5 (OPTIMAL WEIGHTS),2016-02-11,Google Brain,Google Brain,Industry,United States of America,Language,Language modeling,8.7892439e+19,1040000000.0,,,,,16564.40221110092,32.0,,NVIDIA Tesla K40s,NVIDIA Tesla K40s,,,,Likely,Hardware
all,BIG LSTM+CNN INPUTS,2016-02-11,Google Brain,Google Brain,Industry,United States of America,Language,Language modeling,1.0220883e+20,1040000000.0,,71.21404931614963,,,16564.40221110092,32.0,,NVIDIA Tesla K40s,NVIDIA Tesla K40s,,,,Likely,"Hardware,Operation counting"
all,Inception-ResNet-V2,2016-02-23,Google,Google,Industry,United States of America,Vision,Image classification,,56000000.0,1280000.0,,,,,,15506.0,,,,,,,
all,Inceptionv4,2016-02-23,Google,Google,Industry,United States of America,Vision,Image classification,,43000000.0,1280000.0,,,,,,15506.0,,,,,,,
all,SqueezeNet,2016-02-24,DeepScale,"DeepScale,University of California (UC) Berkeley,Stanford University",Academia,United States of America,Vision,Image classification,,1200000.0,1280000.0,,,,,,8366.0,,,,,,,
all,Order-Embeddings of Images and Language,2016-03-01,University of Toronto,University of Toronto,Academia,Canada,Vision,Image captioning,,,,,,,,,,,,Open weights (unrestricted),Yes,Open source,Confident,
all,Double DQN,2016-03-02,Google DeepMind,Google DeepMind,Industry,United States of America,Games,Atari,,1500000.0,,,,,,,,,,Unreleased,No,Unreleased,Confident,
all,Named Entity Recognition model,2016-03-04,Carnegie Mellon University (CMU),Carnegie Mellon University (CMU),Academia,United States of America,Language,"Named entity recognition (NER),Language modeling",9.69408e+16,,204567.0,,8.0,0.3333333333333333,290.0785080846343,1.0,3100.0,NVIDIA GeForce GTX TITAN X,NVIDIA consumer / workstation GPU,,,,Confident,Hardware
all,Template Adaptation,2016-03-12,University of Oxford,University of Oxford,Academia,United Kingdom of Great Britain and Northern Ireland,Vision,Face recognition,,138000000.0,7797.0,,,,,,,,,Unreleased,No,,Likely,
all,Binarized Neural Network (MNIST),2016-03-17,Technion - Israel Institute of Technology,"Technion - Israel Institute of Technology,Columbia University,University of Montreal / Université de Montréal",Academia,Multinational,Vision,Image classification,,37000000.0,60000.0,,,,,,3299.0,,,,,,Speculative,
all,Symmetric Residual Encoder-Decoder Net,2016-03-30,Nanjing University,"Nanjing University,University of Adelaide",Academia,Multinational,Vision,Image super-resolution,,,1250000000.0,,,,,,1184.0,,,,,,Unknown,
all,Dueling DQN,2016-04-05,Google DeepMind,Google DeepMind,Industry,United States of America,Games,Atari,,1700000.0,,,,,,,,,,Unreleased,No,Unreleased,Confident,
all,Gated HORNN (3rd order),2016-04-30,York University,York University,Academia,Canada,Language,Language modeling,,8970000.0,22400000.0,,,,,,77.0,,,Unreleased,No,Unreleased,,
all,LRR-4X,2016-05-08,UC Irvine,UC Irvine,Academia,United States of America,Vision,Semantic segmentation,,138000000.0,152231040.0,,,,,1.0,,,,Open weights (unrestricted),Yes,,Likely,
all,Part-of-sentence tagging model,2016-05-29,Carnegie Mellon University (CMU),Carnegie Mellon University (CMU),Academia,United States of America,Language,Part-of-speech tagging,1.454112e+17,,912344.0,,12.0,0.5,289.523491253324,1.0,3193.0,NVIDIA GeForce GTX TITAN X,NVIDIA consumer / workstation GPU,,,,Confident,Hardware
all,Spatiotemporal fusion ConvNet,2016-06-01,Graz University of Technology,"Graz University of Technology,University of Oxford",Academia,Multinational,Video,"Video,Action recognition",,,13000.0,,,,,,2538.0,,,,,,,
all,PixelCNN,2016-06-16,Google DeepMind,Google DeepMind,Industry,United States of America,Vision,Image generation,,,15728640000.0,,60.0,2.5,,32.0,3079.0,,,,,,Unknown,
all,CMS-RCNN,2016-06-17,IEEE,IEEE,Industry,Multinational,Vision,Face detection,,138000000.0,,,,,,,,,,Unreleased,No,,Likely,
all,DMN,2016-06-20,Salesforce,Salesforce,Industry,United States of America,Language,"Question answering,Text classification,Language modeling",,,,,,,,,1216.0,,,,,,Unknown,
all,Segmental RNN,2016-06-20,University of Edinburgh,"University of Edinburgh,Carnegie Mellon University (CMU),University of Washington",Academia,Multinational,Speech,Speech recognition (ASR),,,,,,,,,,,,Unreleased,No,,Unknown,
all,R-FCN,2016-06-21,Tsinghua University,"Tsinghua University,Microsoft Research",Industry-academia collaboration,Multinational,Vision,Object detection,7.1935776e+17,,10624000.0,,,,,,6003.0,,,,,,Confident,Hardware
all,Wide & Deep,2016-06-24,Google,Google,Industry,United States of America,Recommendation,Recommender system,,,500000000000.0,,,,,,4114.0,,,,,,Unknown,
all,CCL,2016-06-27,SenseTime,"SenseTime,Chinese University of Hong Kong (CUHK),Chinese Academy of Sciences",Industry-academia collaboration,Multinational,Vision,Face detection,,,20000.0,,,,,,,,,Unreleased,No,Unreleased,Confident,
all,node2vec,2016-07-03,Stanford University,Stanford University,Academia,United States of America,Mathematics,Pattern classification,,1280000.0,,,,,,,,,,,,Open source,Speculative,
all,fastText,2016-07-06,Facebook AI Research,Facebook AI Research,Industry,Multinational,Language,Text classification,,,,,,,,,5009.0,,,,,,Unknown,
all,VD-RHN,2016-07-12,ETH Zurich,"ETH Zurich,IDSIA",Academia,Switzerland,Language,Language modeling,3570000000000000.0,32000000.0,929000.0,,,,,,493.0,,,Unreleased,No,Open source,Confident,Operation counting
all,Variational RHN + WT (PTB),2016-07-12,ETH Zurich,"ETH Zurich,IDSIA",Academia,Switzerland,Language,Language modeling,1.28e+17,23000000.0,,,,,,,,,,Unreleased,No,Open source,Likely,
all,Character-enriched word2vec,2016-07-15,Facebook AI Research,Facebook AI Research,Industry,Multinational,Language,Language modeling,,,,,,,,,10744.0,,,,,,Unknown,
all,Layer Normalization: Draw,2016-07-21,University of Toronto,University of Toronto,Academia,Canada,Image generation,Image generation,,,39200000.0,,,,,,,,,,,,Confident,
all,Layer Normalization: Handwriting sequence generation,2016-07-21,University of Toronto,University of Toronto,Academia,Canada,Image generation,Image generation,,3700000.0,8525300.0,,,,,,,,,,,,Speculative,Operation counting
all,Layer Normalization: Skip Thoughts,2016-07-21,University of Toronto,University of Toronto,Academia,Canada,Language,Language modeling,,,,,720.0,30.0,,,,,,,,,Confident,
all,Layer Normalization: The Attentive Reader,2016-07-21,University of Toronto,University of Toronto,Academia,Canada,Language,Question answering,,,,,,,,,,,,,,,Confident,
all,Order embeddings with layer norm,2016-07-21,University of Toronto,University of Toronto,Academia,Canada,Vision,Image captioning,,,,,,,,,,,,,,,Confident,
all,Attend-Infer-Repeat,2016-08-12,Google DeepMind,Google DeepMind,Industry,United States of America,Vision,Object recognition,6.448896e+16,82130304.0,,,48.0,2.0,,,581.0,NVIDIA Quadro K4000,NVIDIA consumer / workstation GPU,,,,Confident,Hardware
all,SimpleNet,2016-08-22,Sensifai,"Sensifai,Islamic Azad University,Technicolor R&I,Institute for Research in Fundamental Sciences (IPM)",Industry-academia collaboration,Multinational,Vision,Image classification,,5480000.0,1280000.0,,,,,,128.0,NVIDIA GeForce GTX 980,NVIDIA consumer / workstation GPU,,,,Confident,
all,DenseNet-264,2016-08-25,Tsinghua University,"Tsinghua University,Facebook AI Research,Cornell University",Industry-academia collaboration,Multinational,Vision,Image classification,,34000000.0,,,,,,,43094.0,,,Open weights (unrestricted),Yes,Open source,Confident,
all,Multi-task Cascaded CNN,2016-08-26,Chinese Academy of Sciences,"Chinese Academy of Sciences,Chinese University of Hong Kong (CUHK)",Academia,Multinational,Vision,Face detection,,,,,,,,,5583.0,,,,,,Unknown,
all,LF-MMI,2016-09-08,Johns Hopkins University,"Johns Hopkins University,Cornell University",Academia,United States of America,Speech,Speech recognition (ASR),,16600000.0,720000.0,,,,,,,,,Unreleased,No,,Confident,
all,MS-ensemble-speech-recognition,2016-09-12,Microsoft,Microsoft,Industry,United States of America,Speech,Speech recognition (ASR),,3172117056.0,11140000000.0,,,,,,,,,Unreleased,No,,Likely,
all,WaveNet,2016-09-12,Google DeepMind,Google DeepMind,Industry,United States of America,Speech,"Text-to-speech (TTS),Speech synthesis,Audio generation",,,11520000000.0,,,,,,8196.0,,,,,,Unknown,
all,Youtube recommendation model,2016-09-15,Google,Google,Industry,United States of America,Recommendation,Recommender system,,,,,,,,,3531.0,,,,,,Unknown,
all,MS-CNN,2016-09-17,IBM,"IBM,University of California San Diego",Industry-academia collaboration,United States of America,Vision,Object detection,,,,,,,,,1530.0,,,,,,Unknown,
all,ResNet-1001,2016-09-17,Microsoft,Microsoft,Industry,United States of America,Vision,Image classification,,10200000.0,50000.0,,,,,,10822.0,,,,,,,
all,ResNet-200,2016-09-17,Microsoft Research Asia,Microsoft Research Asia,Industry,China,Vision,Image classification,2.9741645e+19,,1281167.0,,500.0,20.833333333333332,,,10822.0,,,Unreleased,No,Open (non-commercial),Speculative,Hardware
all,Stacked hourglass network,2016-09-17,University of Michigan,University of Michigan,Academia,United States of America,Vision,Pose estimation,,,802816000.0,,,,,,5316.0,,,,,,Unknown,
all,TSN,2016-09-17,ETH Zurich,"ETH Zurich,Shenzhen Institute of Advanced Technology,Chinese University of Hong Kong (CUHK)",Academia,Multinational,Video,Action recognition,,,9240.0,,,,,,4113.0,,,,,,Unknown,
all,Wide Residual Network,2016-09-19,Université Paris-Est,Université Paris-Est,Academia,France,Vision,Image classification,,,1280000.0,,,,,,8849.0,,,,,,Unknown,
all,Knowledge distillation student model,2016-09-22,Harvard University,Harvard University,Academia,United States of America,Language,Translation,1.008e+17,84000000.0,100000000.0,,,,,,,,,,,Open source,Speculative,Operation counting
all,Byte-mLSTM+emb+WN+VD,2016-09-26,University of Edinburgh,"University of Edinburgh,Toyota Technological Institute at Chicago",Academia,Multinational,Language,Language modeling,,46000000.0,,,,,,,226.0,,,Unreleased,No,Unreleased,,
all,GNMT,2016-09-26,Google,Google,Industry,United States of America,Language,Translation,6.620000000001e+21,278000000.0,720000000.0,201331.569937687,,,,,7254.0,NVIDIA Tesla K80,NVIDIA datacenter (pre-Volta),Hosted access (no API),No,Unreleased,Likely,"Hardware,Third-party estimation"
all,Pointer Sentinel-LSTM (WT2),2016-09-26,MetaMind Inc,MetaMind Inc,Industry,United States of America,Language,Language modeling,1600000000000000.0,21000000.0,,,,,,,4010.0,,,Unreleased,No,Unreleased,Confident,
all,Pointer Sentinel-LSTM (medium),2016-09-26,MetaMind Inc,"MetaMind Inc,Salesforce",Industry,United States of America,Language,Language modeling,7490000000000000.0,21000000.0,929000.0,,,,,,4010.0,,,Unreleased,No,Unreleased,Confident,Operation counting
all,Zoneout + Variational LSTM (PTB),2016-09-26,MetaMind Inc,MetaMind Inc,Industry,United States of America,Language,Language modeling,7100000000000000.0,20000000.0,,,,,,,4010.0,,,Unreleased,No,Unreleased,Confident,
all,Zoneout + Variational LSTM (WT2),2016-09-26,MetaMind Inc,"MetaMind Inc,Salesforce",Industry,United States of America,Language,Language modeling,1.6128e+16,21000000.0,2000000.0,,,,,,4010.0,NVIDIA Tesla K80,NVIDIA datacenter (pre-Volta),Unreleased,No,Unreleased,Confident,Operation counting
all,Xception,2016-10-07,Google,Google,Industry,United States of America,Vision,Image classification,4.36e+20,22855952.0,350000000.0,13108.852355728606,720.0,30.0,37828.64014138488,60.0,17674.0,NVIDIA Tesla K80,NVIDIA datacenter (pre-Volta),,,,Confident,"Hardware,Third-party estimation"
all,GAWWN,2016-10-08,University of Michigan,"University of Michigan,Max Planck Institute for Informatics",Academia,Multinational,Vision,Image generation,,,235760.0,,,,,,,,,Unreleased,No,,Confident,
all,Differentiable neural computer,2016-10-12,Google DeepMind,Google DeepMind,Industry,United States of America,Language,Question answering,,,,,,,,,1668.0,,,,,,Unknown,
all,SPIDER2,2016-10-28,Griffith University,"Griffith University,University of Iowa,Dezhou University",Academia,Multinational,Biology,"Protein folding prediction,Proteins",1.822e+16,409536.0,13893600.0,,,,,,,,,Open weights (non-commercial),Yes,,Likely,Operation counting
all,VD-LSTM+REAL Large,2016-11-04,Salesforce Research,"Salesforce Research,Stanford University",Industry-academia collaboration,United States of America,Language,Language modeling,2.13e+16,51000000.0,929000.0,,,,,,404.0,,,Unreleased,No,Unreleased,Confident,Operation counting
all,VD-LSTM+REAL Medium,2016-11-04,Stanford University,"Stanford University,Salesforce Research",Industry-academia collaboration,United States of America,Language,Language modeling,,22100000.0,,,,,,,404.0,,,Unreleased,No,Unreleased,Confident,
all,VD-LSTM+REAL Small,2016-11-04,Stanford University,"Stanford University,Salesforce Research",Industry-academia collaboration,United States of America,Language,Language modeling,,6800000.0,,,,,,,404.0,,,Unreleased,No,Unreleased,Likely,
all,BIDAF,2016-11-05,University of Washington,"University of Washington,Allen Institute for AI",Industry-academia collaboration,United States of America,Language,Question answering,3.4686144e+18,2600000.0,879000.0,41.25014556779628,60.0,2.5,4200.468649711526,8.0,2246.0,NVIDIA GeForce GTX TITAN X,NVIDIA consumer / workstation GPU,Open weights (unrestricted),Yes,Open source,Confident,Hardware
all,NAS with base 8 and shared embeddings,2016-11-05,Google Brain,Google Brain,Industry,United States of America,Language,"Language modeling,Neural Architecture Search - NAS",1.05e+16,54000000.0,929000.0,,,,,,5894.0,,,Unreleased,No,Unreleased,Confident,Operation counting
all,NASv3 (CIFAR-10),2016-11-05,Google Brain,Google Brain,Industry,United States of America,Vision,"Image classification,Neural Architecture Search - NAS",2.2e+21,37400000.0,45000.0,21184.441090423978,,,,800.0,5894.0,,,,,,Likely,"Third-party estimation,Operation counting"
all,DLDL (PASCAL),2016-11-06,University of Oxford,University of Oxford,Academia,United Kingdom of Great Britain and Northern Ireland,Vision,Image classification,,564000000.0,22531.0,,,,282.71755541057985,1.0,,NVIDIA Tesla K40c,NVIDIA Tesla K40c,Open weights (unrestricted),Yes,,Likely,
all,DTN (Domain Transfer Network),2016-11-07,Facebook AI Research,Facebook AI Research,Industry,Multinational,Vision,Image generation,,,2000000.0,,,,,,,,,Unreleased,No,Unreleased,Unknown,
all,Deeply-recursive ConvNet,2016-11-11,Seoul National University,Seoul National University,Academia,Korea (Republic of),Vision,Image super-resolution,,,,,,,,,2744.0,,,,,,Unknown,
all,DAC-CSR,2016-11-16,Jiangnan University,"Jiangnan University,University of Surrey",Academia,Multinational,Vision,Face detection,,,20000.0,,,,,,,,,Unreleased,No,Unreleased,Confident,
all,ResNeXt-101 (64×4d),2016-11-16,University of California San Diego,"University of California San Diego,Facebook",Industry-academia collaboration,United States of America,Vision,Image classification,1.2e+19,83000000.0,1280000.0,,,,,,11620.0,,,Open weights (unrestricted),Yes,Open source,Confident,Third-party estimation
all,ResNeXt-50,2016-11-16,University of California San Diego,"University of California San Diego,Facebook",Industry-academia collaboration,United States of America,Vision,Image classification,,25000000.0,1280000.0,,,,,,11620.0,,,Open weights (unrestricted),Yes,Open source,Likely,
all,PolyNet,2016-11-17,Chinese University of Hong Kong (CUHK),Chinese University of Hong Kong (CUHK),Academia,Hong Kong,Vision,Image classification,6.4e+19,92000000.0,1280000.0,617.1106542,,,16797.38519252759,32.0,282.0,NVIDIA GeForce GTX TITAN X,NVIDIA consumer / workstation GPU,,,,Likely,"Comparison with other models,Operation counting"
all,RefineNet,2016-11-20,University of Adelaide,"University of Adelaide,Australian Centre for Robotic Vision",Academia,Australia,Vision,Object detection,,,,,,,,,3094.0,,,,,,Unknown,
all,Image-to-image cGAN,2016-11-21,University of California (UC) Berkeley,University of California (UC) Berkeley,Academia,United States of America,Vision,"Image generation,Image-to-image",,,2400000.0,,,,,,22297.0,,,,,,Unknown,
all,Elastic weight consolidation,2016-12-02,DeepMind,DeepMind,Industry,United Kingdom of Great Britain and Northern Ireland,Vision,"Image classification,Atari",,,,,,,,,9809.0,,,,,,Unknown,
all,PointNet,2016-12-02,Stanford University,Stanford University,Academia,United States of America,3D modeling,3D segmentation,,,9843.0,,,,,,17492.0,,,,,,Unknown,
all,GAN-Advancer,2016-12-05,OpenAI,OpenAI,Industry,United States of America,Vision,Image classification,,,,,,,,,9798.0,,,Unreleased,No,Open (non-commercial),Unknown,
all,Layer-Norm Fast Weights RNN,2016-12-05,University of Toronto,"University of Toronto,Google DeepMind,Google Brain",Industry-academia collaboration,Multinational,Vision,"Digit recognition,Image classification",,,,,,,,,,,,,,,Confident,
all,Diabetic Retinopathy Detection Net,2016-12-13,UT Austin,"UT Austin,University of California (UC) Berkeley,Google",Industry-academia collaboration,United States of America,Vision,Image classification,,,128175.0,,,,,,3540.0,,,,,,Unknown,
all,HR-ResNet101,2016-12-13,Carnegie Mellon University (CMU),Carnegie Mellon University (CMU),Academia,United States of America,Vision,Face detection,7.077e+18,44500000.0,8243968.0,,,,,,,,,Open weights (unrestricted),Yes,,Confident,Operation counting
all,LSTM (PTB),2016-12-13,Facebook AI Research,Facebook AI Research,Industry,Multinational,Language,Language modeling,,,929000.0,,,,,,308.0,,,Unreleased,No,Unreleased,Confident,
all,LSTM (WT103),2016-12-13,Facebook AI Research,Facebook AI Research,Industry,Multinational,Language,Language modeling,,,103000000.0,,,,,,308.0,,,Unreleased,No,Unreleased,Confident,
all,LSTM (WT2),2016-12-13,Facebook AI Research,Facebook AI Research,Industry,Multinational,Language,Language modeling,,,2000000.0,,,,,,308.0,,,Unreleased,No,Unreleased,Confident,
all,Neural cache model (size=2000),2016-12-13,Facebook AI Research,Facebook AI Research,Industry,Multinational,Language,Language modeling,,,,,,,,,308.0,,,Unreleased,No,Unreleased,Unknown,
all,Neural cache model (size=2000) (300M),2016-12-13,Facebook AI Research,Facebook AI Research,Industry,Multinational,Language,Language modeling,,300000000.0,,,,,,,308.0,,,Unreleased,No,Unreleased,,
all,3DMM-CNN,2016-12-15,University of Southern California,University of Southern California,Academia,United States of America,Vision,"Face recognition,3D reconstruction",,44500000.0,500000.0,,,,420.82581181711174,1.0,,NVIDIA GeForce GTX 590,NVIDIA consumer / workstation GPU,Open weights (restricted use),Yes,Open (non-commercial),Confident,
all,"GCRN-M1, dropout",2016-12-22,Ecole Polytechnique F´ed´erale de Lausanne (EPFL),Ecole Polytechnique F´ed´erale de Lausanne (EPFL),Academia,Switzerland,Language,Language modeling,3040000000000000.0,42000000.0,929000.0,,,,,,957.0,,,Unreleased,No,Unreleased,Confident,Operation counting
all,EnhanceNet,2016-12-23,Max Planck Institute for Intelligent Systems,Max Planck Institute for Intelligent Systems,Academia,Germany,Vision,Image super-resolution,1.3079231999999998e+17,814464.0,9830400000.0,,24.0,1.0,282.4218009310853,1.0,,NVIDIA Tesla K40c,NVIDIA Tesla K40c,Open weights (unrestricted),Yes,Unreleased,Confident,Hardware
all,GCNN-14,2016-12-23,Facebook AI Research,Facebook AI Research,Industry,Multinational,Language,Language modeling,,,103000000.0,,,,,,2849.0,,,Unreleased,No,Unreleased,Unknown,
all,YOLOv2,2016-12-25,University of Washington,"University of Washington,Allen Institute for AI",Industry-academia collaboration,United States of America,Vision,Object detection,,51000000.0,1280000.0,,,,,,17523.0,,,Open weights (non-commercial),Yes,Unreleased,,
all,DeepStack,2017-01-06,University of Alberta,"University of Alberta,Charles University,Czech Technical University",Academia,Multinational,Games,Poker,1.446336e+19,2500000.0,25380000000.0,,218.0,9.083333333333334,,20.0,998.0,,,,,,Speculative,Hardware
all,OR-WideResNet,2017-01-07,Duke University,"Duke University,University of Chinese Academy of Sciences",Academia,Multinational,Vision,Image classification,,18200000.0,50000.0,,,,,,285.0,NVIDIA Tesla K80,NVIDIA datacenter (pre-Volta),,,,Confident,
all,PixelCNN++,2017-01-19,OpenAI,OpenAI,Industry,United States of America,Image generation,Image generation,,,,,,,,,,,,Open weights (unrestricted),Yes,Open source,Unknown,
all,MoE-Multi,2017-01-23,Jagiellonian University,"Jagiellonian University,Google Brain",Industry-academia collaboration,Multinational,Language,"Language modeling,Translation",9.393905664e+19,8700000000.0,87000000000.0,3874.12265,288.0,12.0,32873.78910003616,64.0,4587.0,NVIDIA Tesla K40t,NVIDIA Tesla K40t,Unreleased,No,,Confident,Hardware
all,VDCNN (on Amazon Review Full dataset),2017-01-27,Facebook AI Research,"Facebook AI Research,University of Le Mans",Industry-academia collaboration,Multinational,Language,Text classification,5.7267e+17,7800000.0,,,,,282.2017592376111,1.0,,NVIDIA Tesla K40s,NVIDIA Tesla K40s,,,,Confident,Hardware
all,DnCNN,2017-02-01,Harbin Institute of Technology,"Harbin Institute of Technology,Hong Kong Polytechnic University,ULSee Inc.,Xi’an Jiaotong University",Industry-academia collaboration,Multinational,Vision,Image super-resolution,,,2560000000.0,,,,,,7779.0,,,,,,Unknown,
all,SEST,2017-03-02,Carnegie Mellon University (CMU),Carnegie Mellon University (CMU),Academia,United States of America,Language,Question answering,,,,,,,207.17498102199565,1.0,53.0,NVIDIA GeForce GTX 1080,NVIDIA consumer / workstation GPU,,,,Confident,
all,Variational Lossy Autoencoder (VLAE) MNIST,2017-03-04,University of California (UC) Berkeley,"University of California (UC) Berkeley,OpenAI",Industry-academia collaboration,United States of America,Vision,Image representation,,,,,,,,,,,,Unreleased,No,Unreleased,Unknown,
all,Prototypical networks,2017-03-15,University of Toronto,"University of Toronto,Twitter",Industry-academia collaboration,Multinational,Vision,Image classification,,,38400.0,,,,,,9877.0,,,,,,Unknown,
all,Word-Independent-SRNN+KN5,2017-03-23,Saarland University,Saarland University,Academia,Germany,Language,Language modeling,,5320000.0,,,,,,,7.0,,,Unreleased,No,Unreleased,,
all,AlexNet + coordinating filters,2017-03-28,University of Pittsburgh,"University of Pittsburgh,Duke University",Academia,United States of America,Vision,Image classification,4.7e+17,60000000.0,,,,,,,172.0,,,Open weights (unrestricted),Yes,Open source,Confident,Comparison with other models
all,Mask R-CNN,2017-03-30,Facebook AI Research,Facebook AI Research,Industry,Multinational,Vision,Image segmentation,,,46161920000.0,,,,,,31837.0,,,,,,Unknown,
all,WGAN-GP,2017-03-31,Courant Institute of Mathematical Sciences,"Courant Institute of Mathematical Sciences,Mila - Quebec AI (originally Montreal Institute for Learning Algorithms)",Academia,Multinational,Image generation,Image generation,,,,,,,,,10824.0,,,Unreleased,No,Open source,Unknown,
all,Tacotron,2017-04-06,Google,Google,Industry,United States of America,Speech,"Text-to-speech (TTS),Speech synthesis",,,,,,,,,,,,Unreleased,No,Unreleased,Unknown,
all,MobileNet,2017-04-17,Google,Google,Industry,United States of America,Vision,"Object detection,Image classification,Face detection",,4200000.0,1280000.0,,,,,,24853.0,,,,,,,
all,DeepLab (2017),2017-04-27,Johns Hopkins University,"Johns Hopkins University,Google,University College London (UCL)",Industry-academia collaboration,Multinational,Vision,Image segmentation,,,26455000.0,,,,,,20019.0,,,,,,Unknown,
all,Mnemonic Reader,2017-05-08,Fudan University,"Fudan University,Microsoft Research",Industry-academia collaboration,Multinational,Language,Question answering,,,215570.0,,,,,,217.0,,,,,,Confident,
all,Low-Cost Collaborative Network,2017-05-15,National University of Singapore,"National University of Singapore,University of Technology Sydney,Qihoo 360 AI Institute",Industry-academia collaboration,Multinational,Vision,Image classification,,,1280000.0,,,,,,298.0,,,,,,Speculative,
all,SRGAN,2017-05-25,Twitter,Twitter,Industry,United States of America,Vision,Image super-resolution,,,700000.0,,,,,,11592.0,,,Unreleased,No,Unreleased,Unknown,
all,Inflated 3D ConvNet,2017-06-01,DeepMind,"DeepMind,University of Oxford",Industry-academia collaboration,United Kingdom of Great Britain and Northern Ireland,3D modeling,Action recognition,,,240000.0,,,,,,9494.0,,,,,,Unknown,
all,PointNet++,2017-06-07,Stanford University,Stanford University,Academia,United States of America,3D modeling,3D segmentation,,,60000.0,,,,,,14031.0,,,,,,Unknown,
all,Reading Twice for NLU,2017-06-08,DeepMind,DeepMind,Industry,United Kingdom of Great Britain and Northern Ireland,Language,Question answering,,,200000.0,,,,,,62.0,,,,,,Unknown,
all,EDSR,2017-06-10,Seoul National University,Seoul National University,Academia,Korea (Republic of),Vision,Image super-resolution,,,,,,,,,7151.0,,,,,,Unknown,
all,Transformer,2017-06-12,Google Research,"Google Research,Google Brain",Industry,United States of America,Language,Translation,7.4245248e+18,213000000.0,832000000.0,438.0356518424336,84.0,3.5,4180.032869488383,8.0,159251.0,NVIDIA P100,NVIDIA datacenter (pre-Volta),Unreleased,No,Unreleased,Confident,"Hardware,Third-party estimation"
all,HRA,2017-06-13,Maluuba,"Maluuba,Microsoft",Industry,Multinational,Games,Atari game: Ms. Pac-Man,,,150000000.0,,,,,,285.0,,,,,,Unknown,
all,DeepLabV3,2017-06-17,Google,Google,Industry,United States of America,Vision,Semantic segmentation,,,8354563074.0,,,,,,9873.0,,,,,,Unknown,
all,NoisyNet-Dueling,2017-06-30,DeepMind,DeepMind,Industry,United Kingdom of Great Britain and Northern Ireland,Games,Atari,,,320000000.0,,,,,,1007.0,,,Unreleased,No,Unreleased,Unknown,
all,ShuffleNet v1,2017-07-03,Megvii Inc,Megvii Inc,Industry,China,Vision,"Object detection,Image classification",,2430000.0,1280000.0,,,,,,8325.0,,,,,,,
all,DeepLoc,2017-07-07,Technical University of Denmark,"Technical University of Denmark,University of Copenhagen",Academia,Denmark,Biology,Protein localization prediction,5.781024e+17,,,,80.0,3.3333333333333335,286.9303811522887,1.0,,NVIDIA GeForce GTX TITAN X,NVIDIA consumer / workstation GPU,Hosted access (no API),No,Unreleased,Likely,Hardware
all,JFT,2017-07-10,Google Research,"Google Research,Carnegie Mellon University (CMU)",Industry-academia collaboration,United States of America,Vision,"Image classification,Object detection,Semantic segmentation,Pose estimation",8.43e+20,44654504.0,5487300000000.0,17910.759507843868,1440.0,60.0,31330.704406642573,50.0,2712.0,NVIDIA Tesla K80,NVIDIA datacenter (pre-Volta),,,,Confident,Hardware
all,AWD-LSTM,2017-07-18,DeepMind,"DeepMind,University of Oxford",Industry-academia collaboration,United Kingdom of Great Britain and Northern Ireland,Language,Language modeling,,24000000.0,2000000.0,,,,,,555.0,,,Unreleased,No,Unreleased,Confident,
all,4 layer Densely Connected LSTM 14M (PTB),2017-07-19,Ghent University,Ghent University,Academia,Belgium,Language,Language modeling,7800000000000000.0,14000000.0,,,,,,,,,,Unreleased,No,Unreleased,Confident,
all,Densely Connected LSTM + Var. Dropout,2017-07-19,Ghent University,Ghent University,Academia,Belgium,Language,Language modeling,1.28e+16,23000000.0,929000.0,,,,,,7.0,,,Unreleased,No,Unreleased,Confident,Operation counting
all,NASNet-A,2017-07-21,Google Brain,Google Brain,Industry,United States of America,Vision,Image classification,,89000000.0,1280000.0,,,,,,6151.0,,,,,,,
all,PSPNet,2017-07-21,Chinese University of Hong Kong (CUHK),Chinese University of Hong Kong (CUHK),Academia,Hong Kong,Vision,Image segmentation,,,,,,,,,13377.0,,,,,,Unknown,
all,ConvS2S (ensemble of 8 models),2017-07-25,Meta AI,Meta AI,Industry,United States of America,Language,Translation,5.64e+19,,1183333333.0,,,,,,,NVIDIA M40,NVIDIA datacenter (pre-Volta),,,,Likely,Hardware
all,GSM,2017-07-30,Peking University,"Peking University,Microsoft Research",Industry-academia collaboration,Multinational,Language,Question answering,,,215570.0,,,,,,806.0,,,,,,Likely,
all,AWD-LSTM - 3-layer LSTM (tied) + continuous cache pointer (PTB),2017-08-07,Salesforce Research,Salesforce Research,Industry,United States of America,Language,Language modeling/generation,1e+17,24000000.0,,,,,,,,,,Unreleased,No,Open source,Confident,
all,AWD-LSTM - 3-layer LSTM (tied) + continuous cache pointer (WT2),2017-08-07,Salesforce Research,Salesforce Research,Industry,United States of America,Language,Language modeling,2.97e+17,33000000.0,2000000.0,,,,,,1176.0,,,Unreleased,No,Open source,Confident,Operation counting
all,RetinaNet-R101,2017-08-07,Facebook AI Research,Facebook AI Research,Industry,Multinational,Vision,Object detection,2.065392e+18,53000000.0,115000.0,,35.0,1.4583333333333333,4174.823263154792,8.0,16437.0,NVIDIA M40,NVIDIA datacenter (pre-Volta),,,,Confident,Hardware
all,RetinaNet-R50,2017-08-07,Facebook AI Research,Facebook AI Research,Industry,Multinational,Vision,Object detection,,34000000.0,11500000000.0,,,,,,16437.0,,,,,,,
all,OpenAI TI7 DOTA 1v1,2017-08-11,OpenAI,OpenAI,Industry,United States of America,Games,Dota 2,6.046095222592002e+20,,,,,,,,,,,,,,Confident,Third-party estimation
all,EI-REHN-1000D,2017-08-14,Korea Advanced Institute of Science and Technology (KAIST),Korea Advanced Institute of Science and Technology (KAIST),Academia,Korea (Republic of),Language,Language modeling,1.06e+16,19000000.0,929000.0,,,,,,6.0,,,Unreleased,No,Unreleased,Confident,Operation counting
all,EI-REHN-1200D (PTB),2017-08-14,Korea Advanced Institute of Science and Technology (KAIST),Korea Advanced Institute of Science and Technology (KAIST),Academia,Korea (Republic of),Language,Language modeling,,25000000.0,,,,,,,,,,Unreleased,No,Unreleased,Confident,
all,Cutout-regularized net,2017-08-15,University of Guelph,"University of Guelph,Vector Institute,CIFAR AI Research",Industry-academia collaboration,Canada,Vision,Image classification,,,604388.0,,,,,,4263.0,,,,,,Unknown,
all,NeuMF (Pinterest),2017-08-16,Shandong University,"Shandong University,Texas A&M,National University of Singapore,Columbia University",Academia,Multinational,Recommendation,Collaborative filtering,,,1500809.0,,,,,,7004.0,,,,,,Unknown,
all,Adversarial Joint Adaptation Network (ResNet),2017-08-17,Tsinghua University,"Tsinghua University,University of California (UC) Berkeley",Academia,Multinational,Vision,Image classification,,60000000.0,4652.0,,,,,,2743.0,,,,,,Speculative,
all,GRU + p-tHSM (pretrain via Brown) (PTB),2017-08-19,Beihang University,"Beihang University,University of Montreal / Université de Montréal,Chongqing University",Academia,Multinational,Language,Language modeling,,,,,,,,,,,,Unreleased,No,Unreleased,Unknown,
all,GRU + p-tHSM (pretrain via Brown) (WT103),2017-08-19,Beihang University,"Beihang University,University of Montreal / Université de Montréal,Chongqing University",Academia,Multinational,Language,Language modeling,,206000000.0,,,,,,,6.0,,,Unreleased,No,Unreleased,,
all,GRU + p-tHSM (pretrain via Brown) (WT2),2017-08-19,Beihang University,"Beihang University,University of Montreal / Université de Montréal,Chongqing University",Academia,Multinational,Language,Language modeling,,,,,,,,,,,,Unreleased,No,Open (non-commercial),Unknown,
all,Libratus,2017-08-19,Carnegie Mellon University (CMU),Carnegie Mellon University (CMU),Academia,United States of America,Games,Poker,5.51e+20,,,,,,,,104.0,,,Unreleased,No,Unreleased,Likely,Hardware
all,D-LSRC(100)+KN5 (PTB),2017-08-22,Saarland University,Saarland University,Academia,Germany,Language,Language modeling,,5970000.0,,,,,,,,,,Unreleased,No,Unreleased,Confident,
all,D-LSRC(200)+KN5,2017-08-22,Saarland University,Saarland University,Academia,Germany,Language,Language modeling,,7160000.0,,,,,,,19.0,,,Unreleased,No,Unreleased,,
all,NMM(LSTM+RNN),2017-08-23,Saarland University,Saarland University,Academia,Germany,Language,Language modeling,,5180000.0,,,,,,,10.0,,,Unreleased,No,Unreleased,,
all,GL-LWGC-AWD-MoS-LSTM + dynamic evaluation (PTB),2017-08-29,Ben-Gurion University,Ben-Gurion University,Academia,Israel,Language,Language modeling,1.45e+17,26000000.0,929000.0,,,,,,,,,Unreleased,No,Unreleased,Confident,
all,GL-LWGC-AWD-MoS-LSTM + dynamic evaluation (WT2),2017-08-29,Ben-Gurion University of the Negev,Ben-Gurion University of the Negev,Academia,Israel,Language,Language modeling,4.56e+17,38000000.0,2000000.0,,,,,,4.0,,,Unreleased,No,Unreleased,Confident,Operation counting
all,SENet (ImageNet),2017-09-05,Chinese Academy of Sciences,"Chinese Academy of Sciences,University of Oxford",Academia,Multinational,Vision,Image classification,,28100000.0,1280000.0,,,,,,33922.0,,,,,,,
all,PyramidNet,2017-09-06,Korea Advanced Institute of Science and Technology (KAIST),Korea Advanced Institute of Science and Technology (KAIST),Academia,Korea (Republic of),Vision,Image classification,2340000000000000.0,26000000.0,1280000.0,,,,,,750.0,,,Open weights (unrestricted),Yes,Open source,Likely,Operation counting
all,ISS,2017-09-15,Duke University,"Duke University,Microsoft",Industry-academia collaboration,United States of America,Language,Language modeling,3400000000000000.0,11100000.000000002,929000.0,,,,,,146.0,,,Unreleased,No,Open source,Confident,Operation counting
all,AWD-LSTM + dynamic eval (PTB),2017-09-21,University of Edinburgh,University of Edinburgh,Academia,United Kingdom of Great Britain and Northern Ireland,Language,Language modeling,,24000000.0,,,,,,,147.0,,,Unreleased,No,Open source,Confident,
all,AWD-LSTM + dynamic eval (WT2),2017-09-21,University of Edinburgh,University of Edinburgh,Academia,United Kingdom of Great Britain and Northern Ireland,Language,Language modeling,,33000000.0,,,,,,,147.0,,,Unreleased,No,Open source,Confident,
all,LSTM + dynamic eval,2017-09-21,University of Edinburgh,University of Edinburgh,Academia,United Kingdom of Great Britain and Northern Ireland,Language,Language modeling,,50000000.0,90000000.0,,,,,,147.0,,,Unreleased,No,Open source,Likely,
all,AWD-LSTM+WT+Cache+IOG (PTB),2017-09-26,NTT Communication Science Laboratories,NTT Communication Science Laboratories,Industry,Japan,Language,Language modeling,,30000000.0,929000.0,,,,,,,,,Unreleased,No,Open (non-commercial),Confident,
all,AWD-LSTM+WT+Cache+IOG (WT2),2017-09-26,NTT Communication Science Laboratories,NTT Communication Science Laboratories,Industry,Japan,Language,Language modeling,3180000000000000.0,53000000.0,2000000.0,,,,,,7.0,,,Unreleased,No,Open (non-commercial),Confident,Operation counting
all,Rainbow DQN,2017-10-06,DeepMind,DeepMind,Industry,United Kingdom of Great Britain and Northern Ireland,Games,Atari,,,,,240.0,10.0,,1.0,,,,Unreleased,No,Unreleased,Unknown,
all,AlphaGo Zero,2017-10-18,DeepMind,DeepMind,Industry,United Kingdom of Great Britain and Northern Ireland,Games,Go,6.49439910290227e+20,46400244.0,6348800000.0,1213.8707315707268,480.0,20.0,,,10021.0,Google TPU v1,Google TPU (version unstated),Unreleased,No,Unreleased,Confident,"Third-party estimation,Hardware"
all,AlphaGo Master,2017-10-19,DeepMind,DeepMind,Industry,United Kingdom of Great Britain and Northern Ireland,Games,Go,3.4100000001e+20,,,471445.3247973037,72.0,3.0,,,10021.0,Google TPU v1,Google TPU (version unstated),Unreleased,No,Unreleased,Likely,Benchmarks
all,LRSO-GAN,2017-10-22,University of Technology Sydney,University of Technology Sydney,Academia,Australia,Vision,Person re-identification,,,62808.0,,,,,,2034.0,,,,,,Unknown,
all,CapsNet (MNIST),2017-10-26,Google Brain,Google Brain,Industry,United States of America,Vision,Character recognition (OCR),,8200000.0,60000.0,,,,,,5094.0,,,,,,,
all,CapsNet (MultiMNIST),2017-10-26,Google Brain,Google Brain,Industry,United States of America,Vision,Character recognition (OCR),,11360000.0,120000000.0,,,,,,5094.0,,,,,,,
all,ProgressiveGAN,2017-10-27,NVIDIA,NVIDIA,Industry,United States of America,Vision,Image generation,,,,,,,,,8487.0,,,,,,Unknown,
all,PhraseCond,2017-10-28,Carnegie Mellon University (CMU),"Carnegie Mellon University (CMU),University of Pittsburgh",Academia,United States of America,Language,Question answering,,,160000.0,,,,,,22.0,,,,,,Confident,
all,S-Norm,2017-10-29,University of Washington,"University of Washington,Allen Institute for AI",Industry-academia collaboration,United States of America,Language,Question answering,,,1060000.0,,,,,,483.0,,,,,,Confident,
all,DCN+,2017-10-31,Salesforce Research,Salesforce Research,Industry,United States of America,Language,Question answering,,,215570.0,,,,,,121.0,,,Unreleased,No,,Confident,
all,Fraternal dropout + AWD-LSTM 3-layer (PTB),2017-10-31,University of Montreal / Université de Montréal,"University of Montreal / Université de Montréal,Mila - Quebec AI (originally Montreal Institute for Learning Algorithms)",Academia,Canada,Language,Language modeling,6.95e+16,24000000.0,929000.0,,,,,,,,,Unreleased,No,Open source,Confident,
all,Fraternal dropout + AWD-LSTM 3-layer (WT2),2017-10-31,Jagiellonian University,"Jagiellonian University,Mila - Quebec AI (originally Montreal Institute for Learning Algorithms),University of Montreal / Université de Montréal",Academia,Multinational,Language,Language modeling,3.06e+17,34000000.0,2000000.0,,,,,,55.0,,,Unreleased,No,Open source,Likely,Operation counting
all,VQ-VAE,2017-11-02,DeepMind,DeepMind,Industry,United Kingdom of Great Britain and Northern Ireland,Vision,Representation learning,,,62914560000.0,,,,,,,,,Unreleased,No,Open source,Unknown,
all,"AWD-LSTM-MoS + dynamic evaluation (PTB, 2017)",2017-11-10,Carnegie Mellon University (CMU),Carnegie Mellon University (CMU),Academia,United States of America,Language,Language modeling,,22000000.0,,,,,,3.0,416.0,,,Unreleased,No,Open source,Speculative,
all,"AWD-LSTM-MoS + dynamic evaluation (WT2, 2017)",2017-11-10,Carnegie Mellon University (CMU),Carnegie Mellon University (CMU),Academia,United States of America,Language,Language modeling,3.36e+18,35000000.0,2000000.0,,,,,,416.0,,,Unreleased,No,Open source,Likely,Operation counting
all,TriNet,2017-11-21,Visual Computing Institute,"Visual Computing Institute,RWTH Aachen University",Academia,Germany,Video,Person re-identification,,,509914.0,,,,,,3553.0,,,,,,Unknown,
all,DL scaling Image,2017-12-01,Baidu,Baidu,Industry,China,Vision,Image classification,,121000000.0,,,,,,,,,,Unreleased,No,,Confident,
all,DL scaling LM,2017-12-01,Baidu,Baidu,Industry,China,Language,Language modeling,,177000000.0,400000000.0,,,,,,,,,Unreleased,No,,Speculative,
all,DL scaling speech,2017-12-01,Baidu,Baidu,Industry,China,Speech,Speech recognition (ASR),,193000000.0,2149200000.0,,,,,,,,,Unreleased,No,,Likely,
all,PNAS-net,2017-12-02,Johns Hopkins University,"Johns Hopkins University,Google AI,Stanford University",Industry-academia collaboration,United States of America,Vision,Image classification,,86000000.0,45000.0,,,,,,2140.0,,,,,,,
all,PNASNet-5,2017-12-02,Johns Hopkins University,"Johns Hopkins University,Google AI,Stanford University",Industry-academia collaboration,United States of America,Vision,Image classification,6.62904e+19,86100000.0,1280000.0,,,,,,2140.0,,,,,,Likely,Comparison with other models
all,2-layer-LSTM+Deep-Gradient-Compression,2017-12-05,Tsinghua University,"Tsinghua University,Stanford University,NVIDIA",Industry-academia collaboration,Multinational,Language,Language modeling,1340000000000000.0,6020000.0,929000.0,,,,,,1627.0,,,Unreleased,No,Unreleased,Likely,Operation counting
all,AlphaZero,2017-12-05,DeepMind,DeepMind,Industry,United Kingdom of Great Britain and Northern Ireland,Games,"Chess,Shogi,Go",1.0600000001e+20,,3520000000.0,229918.6146969874,24.0,1.0,,5064.0,2071.0,"Google TPU v2,Google TPU v1",Google TPU v2,Unreleased,No,Unreleased,Likely,Third-party estimation
all,WGAN (Wasserstein GAN),2017-12-06,Facebook AI Research,"Facebook AI Research,Courant Institute of Mathematical Sciences",Industry-academia collaboration,Multinational,Image generation,Image generation,,,,,,,,,,,,Unreleased,No,Unreleased,Unknown,
all,Tacotron 2,2017-12-19,Google,"Google,University of California (UC) Berkeley",Industry-academia collaboration,United States of America,Speech,Speech synthesis,,,2125888704.0,,,,,,3047.0,,,,,,Confident,
all,PixelSNAIL (CIFAR 10),2017-12-28,University of California (UC) Berkeley,University of California (UC) Berkeley,Academia,United States of America,Image generation,Image generation,,,,,,,,,,,,Open weights (unrestricted),Yes,Open source,Unknown,
all,PixelSNAIL (ImageNet),2017-12-28,University of California (UC) Berkeley,University of California (UC) Berkeley,Academia,United States of America,Image generation,Image generation,,,,,,,,,,,,Open weights (unrestricted),Yes,Open source,Unknown,
all,RNNLM + Dynamic KL Regularization,2018-01-01,Northwestern University,Northwestern University,Academia,United States of America,Language,Language modeling,502900000000000.0,13275200.0,,,,,,,9.0,,,Unreleased,No,Unreleased,Likely,
all,Refined Part Pooling,2018-01-09,Tsinghua University,"Tsinghua University,University of Technology Sydney,University of Texas at San Antonio",Academia,Multinational,Vision,Person retrieval,2.6244e+16,,77616.0,,1.0,0.041666666666666664,1040.1094120986245,2.0,2377.0,NVIDIA TITAN Xp,NVIDIA consumer / workstation GPU,,,,Confident,Hardware
all,ULM-FiT,2018-01-18,University of San Francisco,"University of San Francisco,Insight Centre NUI Galway,Fast.ai",Academia,Multinational,Language,Text classification,2.72538e+17,441000000.0,103000000.0,,,,,,1940.0,,,Open weights (unrestricted),Yes,Unreleased,Speculative,Operation counting
all,DenseNet201,2018-01-28,Tsinghua University,"Tsinghua University,Facebook AI Research,Cornell University",Industry-academia collaboration,Multinational,Vision,Image classification,,20000000.0,,,,,,,43094.0,,,Open weights (unrestricted),Yes,Open source,Confident,
all,T-DMCA,2018-01-30,Google Brain,Google Brain,Industry,United States of America,Language,"Language modeling,Text summarization",,,14000000000.0,,,,,,,NVIDIA P100 PCIe 16GB,NVIDIA datacenter (pre-Volta),Unreleased,No,Open source,Likely,
all,ELMo,2018-02-01,University of Washington,"University of Washington,Allen Institute for AI",Industry-academia collaboration,United States of America,Language,"Question answering,Sentiment classification,Language modeling",3300100000000010.0,94000000.0,2000000000.0,,,,,,12156.0,,,,,,Speculative,Third-party estimation
all,QRNN,2018-02-01,Salesforce Research,Salesforce Research,Industry,United States of America,Language,Language modeling,6.8866472e+17,135000000.0,103000000.0,,12.0,0.5,,,5.0,NVIDIA V100,NVIDIA V100,Unreleased,No,Unreleased,Likely,"Operation counting,Hardware"
all,AmoebaNet-A (F=190),2018-02-05,Google Brain,Google Brain,Industry,United States of America,Vision,Image classification,,87000000.0,1230000.0,,,,,,3322.0,,,,,,,
all,AmoebaNet-A (F=448),2018-02-05,Google Brain,Google Brain,Industry,United States of America,Vision,Image classification,3.85296912e+20,469000000.0,1150000.0,11766.339677271537,168.0,7.0,229206.26838084744,450.0,3322.0,NVIDIA Tesla K40s,NVIDIA Tesla K40s,Unreleased,No,Unreleased,Confident,Hardware
all,IMPALA,2018-02-05,DeepMind,DeepMind,Industry,United Kingdom of Great Britain and Northern Ireland,Games,Atari,1.68e+20,1600000.0,11400000000.0,53.42846804494412,100.0,4.166666666666667,285.5725852593349,1.0,1829.0,NVIDIA P100,NVIDIA datacenter (pre-Volta),Unreleased,No,Open source,Confident,Third-party estimation
all,DeepLabV3+,2018-02-07,Google,Google,Industry,United States of America,Vision,Semantic segmentation,,,8655843074.0,,,,,,16559.0,,,,,,Unknown,
all,ENAS,2018-02-09,Google Brain,"Google Brain,Carnegie Mellon University (CMU),Stanford University",Industry-academia collaboration,United States of America,Language,"Language modeling,Neural Architecture Search - NAS",2.00664e+16,24000000.0,929000.0,,,,,,3004.0,NVIDIA GeForce GTX 1080 Ti,NVIDIA consumer / workstation GPU,Unreleased,No,Open source,Confident,Operation counting
all,Multipop Adaptive Continuous Stack (PTB),2018-02-15,DeepMind,"DeepMind,University of Oxford",Industry-academia collaboration,United Kingdom of Great Britain and Northern Ireland,Language,Language modeling,,40000000.0,,,,,,,,,,Unreleased,No,Unreleased,Confident,
all,Multipop Adaptive Continuous Stack (WT2),2018-02-15,DeepMind,"DeepMind,University of Oxford",Industry-academia collaboration,United Kingdom of Great Britain and Northern Ireland,Language,Language modeling,,26000000.0,,,,,,,63.0,,,Unreleased,No,Unreleased,,
all,TCN (13M),2018-02-15,Carnegie Mellon University (CMU),"Carnegie Mellon University (CMU),Intel Labs",Industry-academia collaboration,United States of America,Language,Language modeling,,13000000.0,,,,,,,6496.0,,,Unreleased,No,Unreleased,Confident,
all,TCN (148M),2018-02-15,Carnegie Mellon University (CMU),"Carnegie Mellon University (CMU),Intel Labs",Industry-academia collaboration,United States of America,Language,Language modeling,,148000000.0,,,,,,,6496.0,,,Unreleased,No,Unreleased,,
all,TCN (P-MNIST),2018-02-15,Carnegie Mellon University (CMU),"Carnegie Mellon University (CMU),Intel Labs",Industry-academia collaboration,United States of America,Vision,"Image classification,Digit recognition",,42000.0,60000.0,,,,,,6496.0,,,,,,Confident,
all,Spectrally Normalized GAN,2018-02-16,Preferred Networks Inc,"Preferred Networks Inc,Ritsumeikan University,National Institute of Informatics",Industry-academia collaboration,Japan,Image generation,Image generation,,,2560000.0,,,,,,4967.0,,,,,,Unknown,
all,Residual Dense Network,2018-02-24,Northeastern University,"Northeastern University,University of Rochester",Academia,United States of America,Vision,Image super-resolution,,,262144000.0,,,,,,3857.0,,,,,,Unknown,
all,Chinese - English translation,2018-03-01,Microsoft,Microsoft,Industry,United States of America,Language,Translation,,,,,,,,,623.0,,,,,,Unknown,
all,LSTM (2018),2018-03-04,Intel Labs,"Intel Labs,Carnegie Mellon University (CMU)",Industry-academia collaboration,United States of America,Language,Language modeling,,13000000.0,103000000.0,,,,,,6496.0,,,Open weights (unrestricted),Yes,Open source,,
all,Rotation,2018-03-21,École des Ponts ParisTech,École des Ponts ParisTech,Academia,France,Image generation,Image completion,,86000000.0,5120000.0,,,,,,3575.0,,,,,,,
all,4 layer QRNN (h=2500),2018-03-22,Salesforce Research,Salesforce Research,Industry,United States of America,Language,Language modeling,5.9158815e+17,151000000.0,103000000.0,,12.0,0.5,268.1693571105067,1.0,183.0,NVIDIA Quadro GP100,NVIDIA consumer / workstation GPU,Unreleased,No,Open source,Likely,"Hardware,Operation counting"
all,"LSTM (Hebbian, Cache, MbPA)",2018-03-27,DeepMind,"DeepMind,University College London (UCL)",Industry-academia collaboration,United Kingdom of Great Britain and Northern Ireland,Language,Language modeling,3.33e+19,530442240.0,175181505.0,590.5320553042133,144.0,6.0,4153.309685987008,8.0,47.0,NVIDIA P100,NVIDIA datacenter (pre-Volta),Unreleased,No,Unreleased,Confident,"Hardware,Operation counting"
all,YOLOv3,2018-04-08,University of Washington,University of Washington,Academia,United States of America,Vision,Object detection,1.3416380824e+19,56933216.0,5430000.0,,,,,,25147.0,"NVIDIA M40,NVIDIA GeForce GTX TITAN X",NVIDIA datacenter (pre-Volta),Unreleased,No,Unreleased,Likely,Operation counting
all,Diffractive Deep Neural Network,2018-04-14,University of California Los Angeles (UCLA),University of California Los Angeles (UCLA),Academia,United States of America,Vision,Digit recognition,,8000000000.0,55000.0,,,,,,2190.0,,,,,,Likely,
all,RNMT+,2018-04-26,Google AI,Google AI,Industry,United States of America,Language,Translation,1.83e+19,378900000.0,,,120.0,5.0,16602.143459185685,32.0,504.0,NVIDIA P100,NVIDIA datacenter (pre-Volta),Unreleased,No,Unreleased,Likely,"Hardware,Operation counting"
all,RNNLM + Dynamic KL Regularization (WT2),2018-04-27,Northwestern University,Northwestern University,Academia,United States of America,Language,Language modeling,2.1024e+16,87600000.0,2000000.0,,,,,,9.0,,,Unreleased,No,Unreleased,Likely,Operation counting
all,DNCON2,2018-05-01,University of Missouri,University of Missouri,Academia,United States of America,Biology,"Proteins,Protein folding prediction",9.5e+16,,444030000.0,,12.0,0.5,,,173.0,,,Open weights (unrestricted),Yes,Open source,Likely,Hardware
all,TF-LM-discourse LSTM (PTB),2018-05-01,ESAT - PSI,ESAT - PSI,Academia,Belgium,Language,Language modeling,,,,,,,,,12.0,,,Open weights (unrestricted),Yes,Open source,Unknown,
all,TF-LM-discourse LSTM (WT2),2018-05-01,ESAT - PSI,ESAT - PSI,Academia,Belgium,Language,Language modeling,,,,,,,,,12.0,,,Open weights (unrestricted),Yes,Open source,Unknown,
all,ResNeXt-101 32x48d,2018-05-02,Facebook,Facebook,Industry,United States of America,Vision,Image classification,8.74395e+21,829000000.0,940000000.0,134077.42688552555,496.0,20.666666666666668,209159.05867416784,336.0,1462.0,NVIDIA V100,NVIDIA V100,Open weights (non-commercial),Yes,Unreleased,Confident,Operation counting
all,AWD-LSTM-MoS+Noisin+dynamic evaluation (PTB),2018-05-03,Columbia University,"Columbia University,New York University (NYU),Princeton University",Academia,United States of America,Language,Language modeling,4.9e+16,22000000.0,,,,,,,27.0,,,Unreleased,No,Unreleased,Confident,Operation counting
all,Dropout-LSTM+Noise(Bernoulli) (WT2),2018-05-03,Columbia University,"Columbia University,New York University (NYU),Princeton University",Academia,United States of America,Language,Language modeling,1.27e+17,51000000.0,2000000.0,,,,,,27.0,,,Unreleased,No,Unreleased,Likely,Operation counting
all,Dropout-LSTM+Noise(Bernoulli) - large(PTB),2018-05-03,Columbia University,"Columbia University,New York University (NYU),Princeton University",Academia,United States of America,Language,Language modeling,5.68e+16,51000000.0,,,,,,,27.0,,,Unreleased,No,Unreleased,Confident,Operation counting
all,Dropout-LSTM+Noise(Laplace) - medium (WT2),2018-05-03,Columbia University,"Columbia University,New York University (NYU),Princeton University",Academia,United States of America,Language,Language modeling,3.12e+16,13000000.0,,,,,,,27.0,,,Unreleased,No,Unreleased,Confident,Operation counting
all,LSTM+Noise(Beta),2018-05-03,Columbia University,"Columbia University,New York University (NYU),Princeton University",Academia,United States of America,Language,Language modeling,1.27e+17,51000000.0,2000000.0,,,,,,27.0,,,Unreleased,No,Unreleased,Likely,Operation counting
all,aLSTM(depth-2)+RecurrentPolicy (PTB),2018-05-22,University of Manchester,University of Manchester,Academia,United Kingdom of Great Britain and Northern Ireland,Language,Language modeling,2.4e+16,24000000.0,,,,,,,,,,Unreleased,No,Open source,Likely,
all,aLSTM(depth-2)+RecurrentPolicy (WT2),2018-05-22,University of Manchester,"University of Manchester,Alan Turing Institute",Industry-academia collaboration,United Kingdom of Great Britain and Northern Ireland,Language,Language modeling,7.296e+16,32000000.0,2000000.0,,,,,,12.0,,,Unreleased,No,Open source,Confident,Operation counting
all,2-layer skip-LSTM + dropout tuning (PTB),2018-05-23,DeepMind,DeepMind,Industry,United Kingdom of Great Britain and Northern Ireland,Language,Language modeling,,24000000.0,,,,,,,,,,Unreleased,No,Unreleased,Confident,
all,2-layer skip-LSTM + dropout tuning (WT2),2018-05-23,DeepMind,DeepMind,Industry,United Kingdom of Great Britain and Northern Ireland,Language,Language modeling,,5400000.0,,,,,,,14.0,,,Unreleased,No,Unreleased,,
all,RHN(depth=40),2018-05-23,Ben-Gurion University,Ben-Gurion University,Academia,Israel,Language,Language modeling,,,,,,,,,,,,Unreleased,No,Unreleased,Unknown,
all,RHN+HSG(depth=40),2018-05-23,Ben-Gurion University,Ben-Gurion University,Academia,Israel,Language,Language modeling,,,,,,,,,,,,Unreleased,No,Unreleased,Unknown,
all,GPT-1,2018-06-01,OpenAI,OpenAI,Industry,United States of America,Language,"Question answering,Text classification,Language modeling",1.7578125e+19,117000000.0,1333333333.0,,720.0,30.0,663.5535559333689,8.0,13799.0,NVIDIA Quadro P600,NVIDIA consumer / workstation GPU,Open weights (unrestricted),Yes,Open source,Likely,"Operation counting,Third-party estimation"
all,Relational Memory Core,2018-06-05,DeepMind,"DeepMind,University College London (UCL)",Industry-academia collaboration,United Kingdom of Great Britain and Northern Ireland,Language,Language modeling,,,4000000000.0,,,,,,235.0,,,Unreleased,No,Unreleased,Confident,
all,Image Transformer,2018-06-15,,,,,Vision,Image generation,,,,,,,,,,,,Unreleased,No,,Likely,
all,MobileNetV2,2018-06-18,Google,Google,Industry,United States of America,Vision,"Object detection,Image classification,Image segmentation",,3400000.0,1280000.0,,,,,,16899.0,,,,,,,
all,DARTS,2018-06-24,DeepMind,"DeepMind,Carnegie Mellon University (CMU)",Industry-academia collaboration,Multinational,Language,"Language modeling,Neural Architecture Search - NAS",3.2366286e+17,33000000.0,2000000.0,,72.0,3.0,284.6899784455654,1.0,4929.0,NVIDIA GeForce GTX 1080 Ti,NVIDIA consumer / workstation GPU,Unreleased,No,Open source,Speculative,"Operation counting,Hardware"
all,DARTS (second order) (PTB),2018-06-24,Carnegie Mellon University (CMU),"Carnegie Mellon University (CMU),DeepMind",Industry-academia collaboration,Multinational,Language,"Language modeling,Neural Architecture Search - NAS",,23000000.0,,,24.0,1.0,,1.0,4929.0,,,Open weights (unrestricted),Yes,Open source,Confident,
all,S + I-Attention (3),2018-06-26,National Research University Higher School of Economics,"National Research University Higher School of Economics,Samsung R&D Institute Russia",Industry-academia collaboration,Russia,Language,Language modeling,,,,,,,,,78.0,,,Unreleased,No,Unreleased,Unknown,
all,QT-Opt,2018-06-27,Google Brain,"Google Brain,University of California (UC) Berkeley",Industry-academia collaboration,United States of America,Robotics,Robotic manipulation,1.395e+19,1200000.0,11600000.0,1317.8035861002786,104.2,4.341666666666667,,,1692.0,NVIDIA P100,NVIDIA datacenter (pre-Volta),Unreleased,No,,Likely,Hardware
all,ShuffleNet v2,2018-06-30,Tsinghua University,"Tsinghua University,Megvii Inc",Industry-academia collaboration,China,Vision,"Image classification,Object detection",,2280000.0,1280000.0,,,,,,6289.0,,,,,,,
all,FTW (For The Win),2018-07-03,DeepMind,DeepMind,Industry,United Kingdom of Great Britain and Northern Ireland,Games,Capture the flag,3.49e+19,126001330.0,2000000000.0,,,,,,802.0,,,Unreleased,No,Unreleased,Speculative,Third-party estimation
all,RCAN,2018-07-08,Northeastern University,Northeastern University,Academia,United States of America,Image generation,Image super-resolution,,16000000.0,,,,,,,4954.0,,,,,,Unknown,
all,Big-Little Net,2018-07-10,IBM,IBM,Industry,United States of America,Vision,"Image classification,Object recognition",2.46048e+17,77360000.0,1280000.0,,,,,,101.0,NVIDIA Tesla K80,NVIDIA datacenter (pre-Volta),Open weights (unrestricted),Yes,Open source,Likely,Operation counting
all,Big-Little Net (speech),2018-07-10,IBM,IBM,Industry,United States of America,Speech,Speech recognition (ASR),4.290048e+17,3320000.0,720000000.0,,,,,,101.0,,,Open weights (unrestricted),Yes,Open source,Speculative,Operation counting
all,Big-Little Net (vision),2018-07-10,IBM,IBM,Industry,United States of America,Vision,Object recognition,6.2988288e+19,77360000.0,1280000.0,,,,,,101.0,,,Open weights (unrestricted),Yes,Open source,Confident,Operation counting
all,Glow (Celeba HQ),2018-07-10,OpenAI,OpenAI,Industry,United States of America,Image generation,Image generation,,,,,,,,,,,,Open weights (unrestricted),Yes,Open source,Unknown,
all,Dexterous In-Hand Manipulation [control policy],2018-08-01,OpenAI,OpenAI,Industry,United States of America,Robotics,Robotic manipulation,2.16e+20,3181588.0,,,50.0,2.0833333333333335,4969.895818092433,8.0,2156.0,NVIDIA V100,NVIDIA V100,Unreleased,No,Unreleased,Confident,Hardware
all,RGC+ASQ (PTB),2018-08-13,Tsinghua University,"Tsinghua University,University of California Los Angeles (UCLA)",Academia,Multinational,Language,Language modeling,1.19e+16,53477376.0,,,,,4140.473231727164,8.0,29.0,NVIDIA Titan V,NVIDIA consumer / workstation GPU,Unreleased,No,Unreleased,Likely,
all,RGC+ASQ (WT2),2018-08-13,Tsinghua University,"Tsinghua University,University of California Los Angeles (UCLA)",Academia,Multinational,Language,Language modeling,,209000000.0,,,,,,,29.0,,,Unreleased,No,Unreleased,,
all,AWD-LSTM-MoS+PDR + dynamic evaluation (PTB),2018-08-14,IBM,IBM,Industry,United States of America,Language,Language modeling,4.07e+17,60852800.0,929000.0,,,,,,,,,Unreleased,No,Unreleased,Likely,
all,AWD-LSTM-MoS+PDR + dynamic evaluation (WT2),2018-08-14,IBM,IBM,Industry,United States of America,Language,Language modeling,,35000000.0,2000000.0,,,,,,6.0,,,Unreleased,No,Unreleased,Confident,
all,Big Transformer for Back-Translation,2018-08-28,Facebook AI Research,"Facebook AI Research,Google Brain",Industry,Multinational,Language,Translation,4.7808e+20,,4520000000.0,2442.1618775733145,27.666,1.15275,66225.44602672113,128.0,1155.0,NVIDIA Tesla V100 DGXS 16 GB,NVIDIA V100,Open weights (unrestricted),Yes,Open source,Likely,Hardware
all,(ensemble): AWD-LSTM-DOC (fin) × 5 (PTB),2018-08-30,NTT Communication Science Laboratories,"NTT Communication Science Laboratories,Tohoku University",Industry-academia collaboration,Japan,Language,Language modeling,,,,,,,,,37.0,,,Open weights (unrestricted),Yes,Open source,Confident,
all,(ensemble): AWD-LSTM-DOC (fin) × 5 (WT2),2018-08-30,NTT Communication Science Laboratories,"NTT Communication Science Laboratories,Tohoku University",Industry-academia collaboration,Japan,Language,Language modeling,6.66e+17,185000000.0,2000000.0,,,,,,37.0,,,Open weights (unrestricted),Yes,Open source,Confident,Operation counting
all,AWD-LSTM-DOC (fin) (23M),2018-08-30,NTT Communication Science Laboratories,"NTT Communication Science Laboratories,Tohoku University",Industry-academia collaboration,Japan,Language,Language modeling,4.323e+16,23000000.0,,,,,,,37.0,,,Open weights (unrestricted),Yes,Open source,Confident,Operation counting
all,AWD-LSTM-DOC (fin) (37M),2018-08-30,NTT Communication Science Laboratories,"NTT Communication Science Laboratories,Tohoku University",Industry-academia collaboration,Japan,Language,Language modeling,,37000000.0,,,,,,,37.0,,,Open weights (unrestricted),Yes,Open source,Confident,
all,ESRGAN,2018-09-01,Chinese University of Hong Kong (CUHK),"Chinese University of Hong Kong (CUHK),Chinese Academy of Sciences,Nanyang Technological University",Academia,Multinational,Vision,Image super-resolution,,,,,,,,,4625.0,,,,,,Unknown,
all,NetSurfP-2.0,2018-09-10,Technical University of Denmark,"Technical University of Denmark,University of Copenhagen,Universidad Nacional de San Martín,AIMST University",Academia,Multinational,Biology,"Protein folding prediction,Protein property prediction",,,,,,,,,,,,Hosted access (no API),No,Unreleased,Unknown,
all,Transformer + Simple Recurrent Unit,2018-09-17,ASAPP,"ASAPP,Cornell University,Google,Princeton University",Industry-academia collaboration,United States of America,Language,Translation,1.1e+19,90000000.0,112500000.0,45.373219244858774,,,4964.696746005496,8.0,306.0,NVIDIA V100,NVIDIA V100,Unreleased,No,Unreleased,Confident,Hardware
all,"AWD-LSTM-MoS + dynamic evaluation (PTB, 2018)",2018-09-18,Peking University,"Peking University,Microsoft Research Asia",Industry-academia collaboration,China,Language,"Language modeling,Translation,Text classification",,24000000.0,,,,,,,,,,Open weights (non-commercial),Yes,Open (non-commercial),Confident,
all,"AWD-LSTM-MoS + dynamic evaluation (WT2, 2018)",2018-09-18,Peking University,"Peking University,Microsoft Research Asia",Industry-academia collaboration,China,Language,"Language modeling,Translation,Text classification",,35000000.0,2000000.0,,,,,,152.0,,,Unreleased,No,Open (non-commercial),Confident,
all,Talent Search and Recommendation Systems,2018-09-18,LinkedIn,LinkedIn,Industry,United States of America,Recommendation,Recommender system,,,,,,,,,,,,Unreleased,No,Unreleased,Unknown,
all,LSTM+NeuralCache,2018-09-24,KU Leuven,"KU Leuven,ESAT - PSI,Apple",Industry-academia collaboration,Multinational,Language,Language modeling,982800000000000.0,2100000.0,2000000.0,,,,,,3.0,,,Unreleased,No,Unreleased,Likely,Operation counting
all,ADP-FAIRSEQ + NGRAMRES,2018-09-28,Nara Institute of Science and Technology,"Nara Institute of Science and Technology,Chinese University of Hong Kong (CUHK),Tsinghua University",Academia,Multinational,Language,Language modeling,1.49682e+17,247000000.0,,,,,,,3.0,,,Unreleased,No,Open (non-commercial),Speculative,Operation counting
all,BigGAN-deep 512x512,2018-09-28,Heriot-Watt University,"Heriot-Watt University,DeepMind",Industry-academia collaboration,United Kingdom of Great Britain and Northern Ireland,Image generation,Image generation,1.8e+21,112694781.0,584000000.0,5371.7513177697365,48.0,2.0,238247.0749212108,256.0,6101.0,Google TPU v3,Google TPU v3,Open weights (unrestricted),Yes,Unreleased,Likely,Third-party estimation
all,Transformer (Adaptive Input Embeddings) WT103,2018-09-28,Facebook AI Research,Facebook AI Research,Industry,Multinational,Language,Language modeling,4.47e+19,247000000.0,100000000.0,2880.917278699733,67.0,2.7916666666666665,4963.480727525225,8.0,433.0,NVIDIA V100,NVIDIA V100,Open weights (unrestricted),Yes,Open source,Confident,"Hardware,Operation counting"
all,BERT-Large,2018-10-11,Google,Google,Industry,United States of America,Language,"Question answering,Text autocompletion",2.85e+20,340000000.0,2649900000.0,1751.4770087736404,96.0,4.0,37049.928524121315,64.0,114811.0,Google TPU v2,Google TPU v2,Open weights (unrestricted),Yes,Open source,Confident,"Operation counting,Hardware,Third-party estimation"
all,DeepConPred2,2018-10-11,Tsinghua University,Tsinghua University,Academia,China,Biology,"Proteins,Protein folding prediction,Protein contact and distance prediction",,,38733750.0,,,,,,31.0,,,,,,Confident,
all,MetaMimic,2018-10-11,Google,Google,Industry,United States of America,Robotics,Robotic manipulation,,22000000.0,,,,,,,26.0,,,,,,,
all,TrellisNet,2018-10-15,Carnegie Mellon University (CMU),"Carnegie Mellon University (CMU),Bosch Center for Artificial Intelligence,Intel Labs",Industry-academia collaboration,Multinational,Language,Language modeling,2.78e+18,180000000.0,103000000.0,,,,,,164.0,,,Unreleased,No,Open source,Confident,Operation counting
all,TrellisNet-MoS (1.4x larger) PTB,2018-10-15,Carnegie Mellon University (CMU),"Carnegie Mellon University (CMU),Intel Labs,Bosch Center for Artificial Intelligence",Industry-academia collaboration,Multinational,Language,Language modeling,,34000000.0,,,,,,,164.0,,,Open weights (unrestricted),Yes,Open source,Confident,
all,code2vec,2018-10-30,Technion - Israel Institute of Technology,"Technion - Israel Institute of Technology,Facebook AI Research",Industry-academia collaboration,Multinational,Language,Language modeling,3.1593888e+17,,14162842.0,,36.0,1.5,,,,NVIDIA Tesla K80,NVIDIA datacenter (pre-Volta),Open weights (unrestricted),Yes,Open source,Confident,Hardware
all,MemoReader,2018-10-31,Samsung,"Samsung,Korea University",Industry-academia collaboration,Korea (Republic of),Language,Question answering,,,1057958.0,,,,,,17.0,NVIDIA M40,NVIDIA datacenter (pre-Volta),Unreleased,No,,Confident,
all,Mesh-TensorFlow Transformer 2.9B (translation),2018-11-05,Google Brain,Google Brain,Industry,United States of America,Language,"Language modeling/generation,Translation",6.84288e+19,2900000000.0,1550000000.0,395.71656000308855,22.0,0.9166666666666666,37029.30729957453,64.0,437.0,Google TPU v2,Google TPU v2,Unreleased,No,Open source,Likely,Hardware
all,Mesh-TensorFlow Transformer 4.9B (language),2018-11-05,Google Brain,Google Brain,Industry,United States of America,Language,"Language modeling/generation,Translation",1.617408e+20,4900000000.0,5000000000.0,935.3300509163912,13.0,0.5416666666666666,148117.2291982981,256.0,437.0,Google TPU v2,Google TPU v2,Unreleased,No,Open source,Confident,Hardware
all,Discriminator-tuned LSTM,2018-11-12,Samsung R&D Institute Russia,Samsung R&D Institute Russia,Industry,Russia,Language,Language modeling,,111920000.0,,,,,,,,,,,,Unreleased,Likely,
all,Fine-tuned-AWD-LSTM-DOC (fin),2018-11-12,Samsung R&D Institute Russia,Samsung R&D Institute Russia,Industry,Russia,Language,Language modeling,5.188e+16,46000000.0,1044112.0,,,,,,2.0,,,Unreleased,No,Unreleased,Confident,Operation counting
all,Multi-cell LSTM,2018-11-15,University of Hyderabad,University of Hyderabad,Academia,India,Language,Language modeling,2006640000000000.0,7200000.0,929000.0,,,,,,6.0,,,Unreleased,No,Unreleased,Likely,Operation counting
all,GPipe (Amoeba),2018-11-16,Google,Google,Industry,United States of America,Vision,Image classification,,557000000.0,1281167.0,,,,,,1218.0,,,,,,,
all,GPipe (Transformer),2018-11-16,Google,Google,Industry,United States of America,Language,Translation,,6000000000.0,1450000000000.0,,,,,,1218.0,,,,,,Likely,
all,DMPFold,2018-11-29,University College London (UCL),University College London (UCL),Academia,United Kingdom of Great Britain and Northern Ireland,Biology,"Proteins,Protein folding prediction,Protein contact and distance prediction",,3800000.0,1516215024.0,,,,,,174.0,,,Open weights (unrestricted),Yes,Open source,Likely,
all,SPN (CelebA HQ),2018-12-04,Google Brain,"Google Brain,DeepMind",Industry,Multinational,Image generation,Image generation,,50000000.0,,,,,,,,Google TPU v3,Google TPU v3,Unreleased,No,Unreleased,Confident,
all,SPN (ImageNet 128),2018-12-04,Google Brain,"Google Brain,DeepMind",Industry,Multinational,Image generation,Image generation,,250000000.0,251658240000.0,,,,,,,Google TPU v3,Google TPU v3,Unreleased,No,Unreleased,Confident,
all,Vine copula (breast cancer),2018-12-04,Massachusetts Institute of Technology (MIT),"Massachusetts Institute of Technology (MIT),Rey Juan Carlos University",Academia,Multinational,Vision,Image classification,8459100000000000.0,,,,0.25,0.010416666666666666,,,,,,,,,Speculative,Hardware
all,Vine copula (crime),2018-12-04,Massachusetts Institute of Technology (MIT),"Massachusetts Institute of Technology (MIT),Rey Juan Carlos University",Academia,Multinational,,Regression,8459100000000000.0,,,,0.25,0.010416666666666666,,,,,,,,,Speculative,Hardware
all,Vine copula (wine quality),2018-12-04,Massachusetts Institute of Technology (MIT),"Massachusetts Institute of Technology (MIT),Rey Juan Carlos University",Academia,Multinational,,Multi-class classification,8459100000000000.0,,,,0.25,0.010416666666666666,,,,,,,,,Speculative,Hardware
all,StyleGAN,2018-12-12,NVIDIA,NVIDIA,Industry,United States of America,Image generation,Image generation,3.93e+16,26200000.0,50000000.0,,168.0,7.0,4955.197627044293,8.0,14496.0,NVIDIA V100,NVIDIA V100,Open weights (non-commercial),Yes,,Confident,
all,Transformer + Average Attention Network,2019-01-01,University of Electronic Science and Technology of China,University of Electronic Science and Technology of China,Academia,China,Language,Language modeling,,,,,,,,,126.0,,,Unreleased,No,Unreleased,Unknown,
all,Transformer ELMo,2019-01-01,Allen Institute for AI,"Allen Institute for AI,University of Washington",Industry-academia collaboration,United States of America,Language,Language modeling,,56000000.0,2000000000.0,,,,,,459.0,,,Unreleased,No,Unreleased,Confident,
all,Decoupled weight decay regularization,2019-01-04,University of Freiburg,University of Freiburg,Academia,Germany,Vision,Image classification,4.716e+17,36500000.0,50000.0,,,,,,2658.0,,,Open weights (unrestricted),Yes,Open source,Confident,Operation counting
all,Transformer-XL (257M),2019-01-09,Carnegie Mellon University (CMU),"Carnegie Mellon University (CMU),Google Brain",Industry-academia collaboration,United States of America,Language,Language modeling/generation,3.7832771e+20,256999999.99999997,103000000.0,,,,29712.65288608572,32.0,4320.0,Google TPU v3,Google TPU v3,Open weights (unrestricted),Yes,Open source,Speculative,"Operation counting,Hardware"
all,Transformer-XL-ptb,2019-01-09,Carnegie Mellon University (CMU),"Carnegie Mellon University (CMU),Google Brain",Industry-academia collaboration,United States of America,Language,Language modeling/generation,,24000000.0,,,,,,,4320.0,,,Unreleased,No,Open source,Confident,
all,Mono3D++,2019-01-11,University of California Los Angeles (UCLA),"University of California Los Angeles (UCLA),Megvii Inc",Industry-academia collaboration,Multinational,3D modeling,"3D segmentation,Object detection",4.85606016e+18,,,,168.0,7.0,2063.2867743998872,4.0,135.0,NVIDIA GeForce GTX TITAN X,NVIDIA consumer / workstation GPU,Unreleased,No,Unreleased,Confident,Hardware
all,H-LSTM+wg+rcp+rcg+wp,2019-01-30,Princeton University,"Princeton University,Alibaba",Industry-academia collaboration,Multinational,Language,Language modeling,,800000.0,,,,,,,10.0,,,Unreleased,No,Unreleased,,
all,MT-DNN,2019-01-31,Microsoft,Microsoft,Industry,United States of America,Language,Language modeling,,330000000.0,1000000.0,,,,,,1350.0,,,Open weights (unrestricted),Yes,Open source,Confident,
all,TSLM+MoS (PTB),2019-01-31,Tianjin University,"Tianjin University,Beijing Institute of Technology",Academia,China,Language,Language modeling,,,,,,,,,,,,Unreleased,No,Open (non-commercial),Confident,
all,TSLM+MoS (WT2),2019-01-31,Tianjin University,"Tianjin University,Beijing Institute of Technology",Academia,China,Language,Language modeling,,9120000.0,,,,,,,21.0,,,Unreleased,No,Open (non-commercial),,
all,Hanabi 4 player,2019-02-01,DeepMind,"DeepMind,University of Oxford,Carnegie Mellon University (CMU),Google Brain",Industry-academia collaboration,Multinational,Games,Hanabi,4.3e+18,764000.0,20000000000.0,,,,,,229.0,NVIDIA V100,NVIDIA V100,Unreleased,No,Unreleased,Confident,Hardware
all,Compress-LSTM (4.6M),2019-02-06,Samsung R&D Institute Russia,"Samsung R&D Institute Russia,National Research University Higher School of Economics",Industry-academia collaboration,Russia,Language,Language modeling,,4600000.0,929000.0,,,,,,43.0,,,Unreleased,No,Unreleased,Confident,
all,Compress-LSTM (66M),2019-02-06,Samsung R&D Institute Russia,"Samsung R&D Institute Russia,National Research University Higher School of Economics",Industry-academia collaboration,Russia,Language,Language modeling,3.31e+16,66000000.0,929000.0,,,,,,43.0,,,Unreleased,No,Unreleased,Confident,Operation counting
all,SDE,2019-02-09,Carnegie Mellon University (CMU),"Carnegie Mellon University (CMU),Google Brain,Monash University",Industry-academia collaboration,Multinational,Language,Translation,,,,,,,,,,,,Unreleased,No,Open (non-commercial),Unknown,
all,GPT-2 (1.5B),2019-02-14,OpenAI,OpenAI,Industry,United States of America,Language,Language modeling/generation,1.920000000001e+21,1500000000.0,10666666666.666666,4348.443645,,,,,26463.0,Google TPU v3,Google TPU v3,Open weights (unrestricted),Yes,Unreleased,Speculative,Operation counting
all,GPT-2 (124M),2019-02-14,OpenAI,OpenAI,Industry,United States of America,Language,Language modeling/generation,7.936e+20,124000000.0,10666666666.666666,,,,,,26463.0,,,Open weights (unrestricted),Yes,Unreleased,Speculative,Operation counting
all,GPT-2 (355M),2019-02-14,OpenAI,OpenAI,Industry,United States of America,Language,Language modeling/generation,2.272000000071e+21,355000000.0,10666666666.666666,8649.049000458455,,,,,26463.0,,,Open weights (unrestricted),Yes,Unreleased,Speculative,
all,GPT-2 (774M),2019-02-14,OpenAI,OpenAI,Industry,United States of America,Language,Language modeling/generation,4.9536e+21,774000000.0,10666666666.666666,18857.363172241257,,,,,26463.0,,,Open weights (unrestricted),Yes,Unreleased,Speculative,
all,code2seq,2019-02-21,Technion - Israel Institute of Technology,"Technion - Israel Institute of Technology,Facebook AI Research",Industry-academia collaboration,Multinational,Language,Language modeling,1.1513908e+19,37000000.0,46033536.0,,,,,,,,,Open weights (unrestricted),Yes,Open source,Confident,Operation counting
all,SSA,2019-02-22,Massachusetts Institute of Technology (MIT),Massachusetts Institute of Technology (MIT),Academia,United States of America,Biology,Protein embedding,1.296e+19,,,,72.0,3.0,339.78426205130415,1.0,344.0,NVIDIA V100,NVIDIA V100,,,,Confident,Hardware
all,ProxylessNAS,2019-02-23,Massachusetts Institute of Technology (MIT),Massachusetts Institute of Technology (MIT),Academia,United States of America,Vision,"Image classification,Neural Architecture Search - NAS",3.723192e+18,,1230000.0,122.74110657965193,,,,,2054.0,NVIDIA V100,NVIDIA V100,Open weights (unrestricted),Yes,Open source,Confident,Hardware
all,KataGo,2019-02-27,Jane Street,Jane Street,Industry,United States of America,Games,Go,2.32e+19,2500000.0,241000000.0,104.91425851608678,456.0,19.0,,,111.0,NVIDIA Tesla V100 DGXS 16 GB,NVIDIA V100,Open weights (unrestricted),Yes,Open source,Speculative,Hardware
all,NMT Transformer 437M,2019-02-28,Google,"Google,Bar-Ilan University",Industry-academia collaboration,Multinational,Language,Translation,,437700000.0,,,,,,,539.0,,,Unreleased,No,Unreleased,Confident,
all,DOC + Finetune∗ + Partial Shuffle (PTB),2019-03-11,University of Washington,University of Washington,Academia,United States of America,Language,Language modeling,,,929000.0,,,,,,6.0,,,Unreleased,No,Open (non-commercial),Confident,
all,DOC + Finetune∗ + Partial Shuffle (WT2),2019-03-11,University of Washington,University of Washington,Academia,United States of America,Language,Language modeling,,67300000.0,,,,,,,6.0,,,Unreleased,No,Open (non-commercial),,
all,SciBERT,2019-03-26,Allen Institute for AI,Allen Institute for AI,Research collective,United States of America,Language,"Relation extraction,Sentiment classification,Text classification,Named entity recognition (NER)",8.926848e+19,110000000.0,3170000000.0,247.26289010271603,168.0,7.0,3707.800947246574,4.0,3705.0,Google TPU v3,Google TPU v3,Open weights (unrestricted),Yes,Open source,Confident,Hardware
all,UniRep,2019-03-26,Harvard University,Harvard University,Academia,United States of America,Biology,"Proteins,Protein or nucleotide language model (pLM/nLM)",2.2e+19,18200000.0,,,588.0,24.5,2471.867298164383,4.0,989.0,NVIDIA Tesla K80,NVIDIA datacenter (pre-Volta),Open weights (non-commercial),Yes,Open source,Likely,Hardware
all,FAIRSEQ Adaptive Inputs,2019-04-01,Facebook AI Research,"Facebook AI Research,Google Brain",Industry,Multinational,Language,Language modeling/generation,3.1804274e+19,247000000.00000003,103000000.0,,,,,,3381.0,NVIDIA V100,NVIDIA V100,Unreleased,No,Open source,Speculative,"Operation counting,Hardware"
all,Cross-lingual alignment,2019-04-04,Tel Aviv University,"Tel Aviv University,Massachusetts Institute of Technology (MIT)",Academia,Multinational,Language,Translation,2.56e+18,,,,,,,,221.0,NVIDIA GeForce GTX 1080 Ti,NVIDIA consumer / workstation GPU,Open weights (unrestricted),Yes,Open source,Speculative,Hardware
all,True-Regularization+Finetune,2019-04-08,Mobvoi,"Mobvoi,Williams College",Industry-academia collaboration,Multinational,Language,Language modeling,,7000000.0,,,,,,,26.0,,,Unreleased,No,Unreleased,,
all,True-Regularization+Finetune+Dynamic-Eval,2019-04-08,Mobvoi,"Mobvoi,Williams College",Industry-academia collaboration,Multinational,Language,Language modeling,,7000000.0,929000.0,,,,,,26.0,,,Unreleased,No,Unreleased,Confident,
all,WeNet (PTB),2019-04-08,Amazon,Amazon,Industry,United States of America,Language,"Neural Architecture Search - NAS,Language modeling",3.530047365121324e+18,23000000.0,,,120.0,5.0,339.4439274233134,1.0,,NVIDIA V100,NVIDIA V100,Unreleased,No,Unreleased,Likely,"Hardware,Operation counting"
all,WeNet (Penn Treebank),2019-04-08,Amazon,Amazon,Industry,United States of America,Language,"Neural Architecture Search - NAS,Language modeling",7.30000001e+17,23000000.0,929000.0,,24.0,1.0,339.4439274233134,1.0,5.0,NVIDIA V100,NVIDIA V100,Unreleased,No,Unreleased,Likely,"Hardware,Operation counting"
all,WeNet (WT2),2019-04-08,Amazon,Amazon,Industry,United States of America,Language,"Neural Architecture Search - NAS,Language modeling",,33000000.0,,,,,,,5.0,,,Unreleased,No,Unreleased,,
all,MEGNet (crystal band gap model),2019-04-10,University of California San Diego,University of California San Diego,Academia,United States of America,Materials science,Molecular property prediction,4.536e+17,26128.0,36720.0,,28.0,1.1666666666666667,282.85734112857654,1.0,1301.0,NVIDIA GeForce GTX 1080 Ti,NVIDIA consumer / workstation GPU,,,,Likely,
all,MEGNet (crystal elasticity model),2019-04-10,University of California San Diego,University of California San Diego,Academia,United States of America,Materials science,Molecular property prediction,4.536e+17,26128.0,4664.0,,28.0,1.1666666666666667,,,1301.0,NVIDIA GeForce GTX 1080 Ti,NVIDIA consumer / workstation GPU,,,,Likely,
all,MEGNet (crystal formation energy model),2019-04-10,University of California San Diego,University of California San Diego,Academia,United States of America,Materials science,Molecular property prediction,4.536e+17,26128.0,60000.0,,28.0,1.1666666666666667,,,1301.0,NVIDIA GeForce GTX 1080 Ti,NVIDIA consumer / workstation GPU,,,,Likely,
all,MEGNet (molecule model),2019-04-10,University of California San Diego,University of California San Diego,Academia,United States of America,Materials science,Molecular property prediction,4.536e+17,8720.0,117416.0,,28.0,1.1666666666666667,282.85734112857654,1.0,1301.0,NVIDIA GeForce GTX 1080 Ti,NVIDIA consumer / workstation GPU,,,,Speculative,
all,Transformer-XL + RMS dynamic eval,2019-04-17,University of Edinburgh,University of Edinburgh,Academia,United Kingdom of Great Britain and Northern Ireland,Language,Language modeling/generation,,256999999.99999997,103000000.0,,,,,,47.0,,,Unreleased,No,Open source,Confident,
all,LTM,2019-04-18,Murdoch University,Murdoch University,Academia,Australia,Language,Language modeling/generation,,,,,,,,,19.0,,,Unreleased,No,Unreleased,Unknown,
all,SpecAugment,2019-04-18,Google Brain,Google Brain,Industry,United States of America,Language,Speech recognition (ASR),,,17510400.0,,,,,,4016.0,,,Unreleased,No,Unreleased,Unknown,
all,BERT-Large-CAS (PTB+WT2+WT103),2019-04-20,Amazon,Amazon,Industry,United States of America,Language,"Neural Architecture Search - NAS,Language modeling/generation",1.5405e+20,395000000.0,1300000000.0,,,,,,139.0,,,Unreleased,No,Open source,Likely,Operation counting
all,BERT-Large-CAS (WT103),2019-04-20,Amazon,Amazon,Industry,United States of America,Language,"Neural Architecture Search - NAS,Language modeling",,340000000.0,103000000.0,,,,,,139.0,,,Unreleased,No,Open (non-commercial),Confident,
all,BERT-Large-CAS (WT2),2019-04-20,Amazon,Amazon,Industry,United States of America,Language,"Neural Architecture Search - NAS,Language modeling",,340000000.0,2000000.0,,,,,,139.0,,,Unreleased,No,Open (non-commercial),Confident,
all,DANet,2019-04-21,Chinese Academy of Sciences,Chinese Academy of Sciences,Academia,China,Vision,Semantic segmentation,,,1757085696.0,,,,,,5741.0,,,Open weights (unrestricted),Yes,Open source,Unknown,
all,Sparse Transformer (CIFAR10),2019-04-23,OpenAI,OpenAI,Industry,United States of America,Image generation,Image generation,,59000000.0,,,,,4940.652929089749,8.0,,NVIDIA V100,NVIDIA V100,Unreleased,No,Open (non-commercial),Confident,
all,Sparse Transformer (Enwik8),2019-04-23,OpenAI,OpenAI,Industry,United States of America,Language,Language modeling,4.104e+18,95000000.0,90000000.0,,,,4940.652929089749,8.0,,NVIDIA V100,NVIDIA V100,Unreleased,No,Open (non-commercial),Confident,Operation counting
all,Sparse Transformer (ImageNet),2019-04-23,OpenAI,OpenAI,Industry,United States of America,Image generation,Image generation,1.45152e+21,152000000.0,,,168.0,7.0,39525.22343271799,64.0,,NVIDIA V100,NVIDIA V100,Unreleased,No,Open (non-commercial),Confident,Hardware
all,MuseNet,2019-04-25,OpenAI,OpenAI,Industry,United States of America,Audio,Audio generation,2.208301056e+20,2038431744.0,,,,,,,,,,Unreleased,No,,Likely,Operation counting
all,Neuro-Symbolic Concept Learner,2019-04-26,Massachusetts Institute of Technology (MIT),"Massachusetts Institute of Technology (MIT),Tsinghua University,MIT-IBM Watson AI Lab,DeepMind",Industry-academia collaboration,Multinational,Vision,"Visual question answering,Semantic segmentation",,,100000.0,,,,,,837.0,,,Unreleased,No,Open source,Unknown,
all,RaptorX-Contact,2019-05-02,Toyota Technological Institute at Chicago,Toyota Technological Institute at Chicago,Academia,United States of America,Biology,"Protein folding prediction,Proteins,Protein contact and distance prediction",,,,,,,,,,,,Unreleased,No,Open (restricted use),Unknown,
all,ResNeXt-101 Billion-scale,2019-05-02,Facebook AI,Facebook AI,Industry,United States of America,Vision,Image classification,,193000000.0,90000000.0,,,,,,490.0,,,Open weights (non-commercial),Yes,Unreleased,,
all,ResNet-50 Billion-scale,2019-05-02,Facebook AI,Facebook AI,Industry,United States of America,Vision,Image classification,,25000000.0,1091200000.0,,,,,,490.0,,,Open weights (non-commercial),Yes,Unreleased,,
all,AWD-LSTM-DRILL + dynamic evaluation† (PTB),2019-05-14,IDIAP,IDIAP,Academia,Switzerland,Language,Language modeling/generation,,24000000.0,,,,,,,,,,Open weights (unrestricted),Yes,Open source,Confident,
all,AWD-LSTM-DRILL + dynamic evaluation† (WT2),2019-05-14,IDIAP,IDIAP,Academia,Switzerland,Language,Language modeling,4.08e+17,34000000.0,2000000.0,,29.0,1.2083333333333333,,,7.0,,,Open weights (unrestricted),Yes,Open source,Likely,Operation counting
all,Flow++ (CIFAR10),2019-05-15,University of California (UC) Berkeley,"University of California (UC) Berkeley,Covariant",Industry-academia collaboration,United States of America,Image generation,Image generation,,31400000.0,,,,,,8.0,,,,Unreleased,No,Open source,Confident,
all,CPC v2,2019-05-22,DeepMind,"DeepMind,University of California (UC) Berkeley",Industry-academia collaboration,Multinational,Vision,"Image completion,Object detection,Image classification",,303000000.0,,,,,,,1556.0,,,Unreleased,No,Unreleased,,
all,EfficientNet-B1,2019-05-28,Google,Google,Industry,United States of America,Vision,Image classification,,7800000.0,,,,,,,23945.0,,,Open weights (unrestricted),Yes,Open source,Unknown,
all,EfficientNet-L2,2019-05-28,Google,Google,Industry,United States of America,Vision,Image classification,,480000000.0,1280000.0,,,,,,23945.0,,,Open weights (unrestricted),Yes,Open source,,
all,RSM,2019-05-28,Cerenaut,Cerenaut,,Australia,Language,Language modeling,,,,,,,,,4.0,,,Unreleased,No,Open source,Unknown,
all,Grover-Mega,2019-05-29,University of Washington,University of Washington,Academia,United States of America,Language,Language modeling/generation,4.6386183e+21,1500000000.0,32000000000.0,15691.613136656457,336.0,14.0,118480.6465908319,128.0,1231.0,Google TPU v3,Google TPU v3,Open weights (unrestricted),Yes,Open source,Confident,"Hardware,Operation counting"
all,MnasNet-A1 + SSDLite,2019-05-29,Google,Google,Industry,United States of America,Vision,"Image classification,Object detection,Neural Architecture Search - NAS",1.5e+21,4900000.0,,9551.591619865148,108.0,4.5,236961.2931816638,256.0,3396.0,Google TPU v3,Google TPU v3,Open weights (unrestricted),Yes,Open source,Speculative,Hardware
all,MnasNet-A3,2019-05-29,Google,Google,Industry,United States of America,Vision,"Image classification,Object detection",1.5e+21,5200000.0,1230000.0,9551.591619865148,108.0,4.5,236961.2931816638,256.0,3396.0,Google TPU v3,Google TPU v3,Open weights (unrestricted),Yes,Open source,Speculative,Hardware
all,DLRM-2020,2019-05-31,Facebook AI,Facebook AI,Industry,United States of America,Recommendation,Recommender system,4e+18,100000000000.0,38571428.0,,,,,,908.0,,,Unreleased,No,Open source,Confident,Reported
all,XLM,2019-06-01,Facebook,Facebook,Industry,United States of America,Language,"Translation,Language modeling",,665000000.0,,,,,,,2986.0,,,Open weights (non-commercial),Yes,Open (non-commercial),,
all,XLNet,2019-06-01,Carnegie Mellon University (CMU),"Carnegie Mellon University (CMU),Google Brain",Industry-academia collaboration,United States of America,Language,"Language modeling/generation,Question answering,Sentiment classification",6.19e+21,340000000.0,32890000000.0,13644.95913543866,,,,,9353.0,Google TPU v3,Google TPU v3,Open weights (unrestricted),Yes,Open source,Confident,"Hardware,Operation counting"
all,VQ-VAE-2 (FFHQ),2019-06-02,Google,Google,Industry,United States of America,Image generation,Image generation,,,,,,,,,,,,Unreleased,No,Unreleased,Unknown,
all,VQ-VAE-2 (ImageNet),2019-06-02,Google,Google,Industry,United States of America,Image generation,Image generation,,,,,,,,,,,,Unreleased,No,Unreleased,Unknown,
all,AMDIM,2019-06-03,Microsoft Research,Microsoft Research,Industry,United States of America,Vision,Image completion,,626000000.0,,,,,,,1644.0,,,Open weights (unrestricted),Yes,Open source,,
all,AWD-LSTM + Phrase Induction + finetuning (PTB),2019-06-04,Massachusetts Institute of Technology (MIT),"Massachusetts Institute of Technology (MIT),University of Illinois Urbana-Champaign (UIUC)",Academia,United States of America,Language,Language modeling/generation,,24000000.0,,,,,,,14.0,,,Unreleased,No,Open source,Confident,
all,Transformer-XL Large + Phrase Induction,2019-06-04,Massachusetts Institute of Technology (MIT),"Massachusetts Institute of Technology (MIT),University of Illinois Urbana-Champaign (UIUC)",Academia,United States of America,Language,Language modeling/generation,3.7848651e+20,256999999.99999997,103000000.0,,,,,,14.0,,,Unreleased,No,Open source,Speculative,Operation counting
all,4 layer QRNN + dynamic evaluation,2019-06-10,University of Texas at Austin,University of Texas at Austin,Academia,United States of America,Language,"Language modeling,Translation",,,,,,,,,126.0,,,Unreleased,No,Unreleased,Confident,
all,AWD-LSTM + MoS + Partial Shuffled,2019-06-10,University of Texas at Austin,University of Texas at Austin,Academia,United States of America,Language,Language modeling,3.15e+17,35000000.0,2000000.0,,,,,,126.0,,,Open weights (non-commercial),Yes,Open (non-commercial),Confident,Operation counting
all,AdvSoft + 4 layer QRNN + dynamic evaluation (WT103),2019-06-10,University of Texas at Austin,University of Texas at Austin,Academia,United States of America,Language,"Language modeling,Translation",,,,,,,,,126.0,,,Unreleased,No,Unreleased,Confident,
all,Adversarial + AWD-LSTM-MoS + partial shuffled,2019-06-10,University of Texas at Austin,University of Texas at Austin,Academia,United States of America,Language,"Translation,Language modeling",,,,,,,,,126.0,,,Unreleased,No,Open (non-commercial),Confident,
all,Char-CNN-BiLSTM,2019-06-13,Capital One,Capital One,Industry,United States of America,Language,Language modeling,,,929000.0,,,,,,2.0,,,Unreleased,No,Unreleased,Confident,
all,RNN + char2-MS-vec,2019-06-13,NTT Communication Science Laboratories,"NTT Communication Science Laboratories,Tohoku University",Industry-academia collaboration,Japan,Language,Language modeling,,158000000.0,,,,,,,,NVIDIA Tesla P100 PCIe 16GB,NVIDIA datacenter (pre-Volta),Unreleased,No,Unreleased,Confident,
all,FixRes ResNeXt-101 WSL,2019-06-14,Facebook AI,Facebook AI,Industry,United States of America,Vision,Image classification,,829000000.0,940000000.0,,,,,,477.0,,,Open weights (non-commercial),Yes,Open (non-commercial),,
all,SAGAN,2019-06-14,Rutgers University,"Rutgers University,Google Research",Industry-academia collaboration,United States of America,Image generation,Image generation,2.2374144e+20,,,,336.0,14.0,,4.0,,,,Unreleased,No,Open source,Likely,Hardware
all,PG-SWGAN,2019-06-15,ETH Zurich,ETH Zurich,Academia,Switzerland,Image generation,Image generation,,,,,,,,,136.0,,,Unreleased,No,Open (non-commercial),Unknown,
all,LaNet-L (CIFAR-10),2019-06-17,Brown University,"Brown University,Facebook",Industry-academia collaboration,United States of America,Vision,"Image classification,Neural Architecture Search - NAS",,44100000.0,60000.0,,,,,,48.0,,,Open weights (non-commercial),Yes,Open (non-commercial),Confident,
all,Stacked-LSTM+PruningNo,2019-06-17,University of Electronic Science and Technology of China,"University of Electronic Science and Technology of China,Chinese University of Hong Kong (CUHK),Peng Cheng Laboratory",Academia,Multinational,Language,Language modeling,,6160000.0,,,,,,,43.0,,,Unreleased,No,Unreleased,,
all,TAPE Transformer,2019-06-19,University of California (UC) Berkeley,"University of California (UC) Berkeley,Covariant,Google,Chan Zuckerberg Initiative",Industry-academia collaboration,United States of America,Biology,"Proteins,Protein or nucleotide language model (pLM/nLM)",3e+19,38000000.0,5198462441.0,,168.0,7.0,2467.192734691173,4.0,1004.0,NVIDIA V100,NVIDIA V100,Open weights (unrestricted),Yes,Open source,Confident,Hardware
all,Walking Minotaur robot,2019-06-19,University of California (UC) Berkeley,"University of California (UC) Berkeley,Google Brain",Industry-academia collaboration,United States of America,Robotics,Animal (human/non-human) imitation,,,,,,,,,493.0,,,Unreleased,No,Unreleased,Unknown,
all,Tensorized Transformer (257M),2019-06-24,Tianjin University,"Tianjin University,Microsoft Research Asia,Beijing Institute of Technology",Industry-academia collaboration,China,Language,Language modeling/generation,4.76e+18,256999999.99999997,103000000.0,,,,1027.8825149290835,2.0,194.0,NVIDIA P40,NVIDIA datacenter (pre-Volta),Unreleased,No,Open (non-commercial),Confident,Operation counting
all,Tensorized Transformer (OBW),2019-06-24,Tianjin University,"Tianjin University,Microsoft Research Asia,Beijing Institute of Technology",Industry-academia collaboration,China,Language,"Language modeling,Translation",2.388e+19,160000000.0,,,,,1027.8825149290835,2.0,194.0,NVIDIA P40,NVIDIA datacenter (pre-Volta),Unreleased,No,Unreleased,Confident,
all,Tensorized Transformer (PTB),2019-06-24,Tianjin University,"Tianjin University,Microsoft Research Asia,Beijing Institute of Technology",Industry-academia collaboration,China,Language,"Language modeling,Translation",2000000000000000.0,12000000.0,,,,,1027.8825149290835,2.0,194.0,NVIDIA P40,NVIDIA datacenter (pre-Volta),Unreleased,No,Unreleased,Confident,
all,Tensorized Transformer (W103),2019-06-24,Tianjin University,"Tianjin University,Microsoft Research Asia,Beijing Institute of Technology",Industry-academia collaboration,China,Language,"Language modeling,Translation",1.58e+18,85300000.0,,,,,1027.8825149290835,2.0,194.0,NVIDIA P40,NVIDIA datacenter (pre-Volta),Unreleased,No,Unreleased,Confident,
all,Tensorized Transformer (large PTB),2019-06-24,Tianjin University,"Tianjin University,Microsoft Research Asia,Beijing Institute of Technology",Industry-academia collaboration,China,Language,"Language modeling,Translation",,,,,,,1027.8825149290835,2.0,194.0,NVIDIA P40,NVIDIA datacenter (pre-Volta),Unreleased,No,Unreleased,Confident,
all,RoBERTa Base,2019-07-01,Facebook,"Facebook,University of Washington",Industry-academia collaboration,United States of America,Language,"Question answering,Language modeling/generation",1.536e+21,125000000.0,,,,,,,29641.0,,,Open weights (unrestricted),Yes,Open source,Confident,Operation counting
all,RoBERTa Large,2019-07-01,Facebook,"Facebook,University of Washington",Industry-academia collaboration,United States of America,Language,"Question answering,Language modeling/generation",8.5067e+21,355000000.0,42666666666.0,85350.2350127364,120.0,5.0,526193.8152119832,1024.0,29641.0,NVIDIA Tesla V100 DGXS 32 GB,NVIDIA V100,Open weights (unrestricted),Yes,Open source,Confident,"Hardware,Operation counting,Third-party estimation"
all,All-attention network + adaptive span,2019-07-02,Facebook AI Research,Facebook AI Research,Industry,Multinational,Language,Language modeling/generation,1.1657733e+19,133000000.0,103000000.0,,24.0,1.0,39463.657300276864,64.0,156.0,NVIDIA V100,NVIDIA V100,Unreleased,No,Unreleased,Likely,"Hardware,Operation counting"
all,BigBiGAN,2019-07-04,Google,Google,Industry,United States of America,Vision,Image completion,,86000000.0,2560000.0,,,,,,576.0,,,Open weights (unrestricted),Yes,Unreleased,,
all,Pluribus,2019-07-11,Facebook AI Research,Facebook AI Research,Industry,Multinational,Games,Poker,6.6e+16,,,,,,,,797.0,,,Unreleased,No,Unreleased,Likely,Hardware
all,R-Transformer,2019-07-12,Michigan State University,"Michigan State University,TAL Education Group (Xueersi)",Industry-academia collaboration,Multinational,Language,Language modeling,8649021100000000.0,15800000.0,912344.0,,,,,,116.0,,,Unreleased,No,Open (non-commercial),Likely,Operation counting
all,RNN Baseline,2019-07-14,Massachusetts Institute of Technology (MIT),"Massachusetts Institute of Technology (MIT),Rey Juan Carlos University",Academia,Multinational,Language,Language modeling/generation,,,,,,,,,,,,Unreleased,No,Unreleased,Unknown,
all,RNN + char3-MS-vec,2019-07-16,NTT Communication Science Laboratories,"NTT Communication Science Laboratories,Tohoku University",Industry-academia collaboration,Japan,Language,Language modeling,,175000000.0,,,,,,,,NVIDIA Tesla P100 PCIe 16GB,NVIDIA datacenter (pre-Volta),Unreleased,No,Unreleased,Confident,
all,Graph-based Semi-Supervised Learning (GSSL) Model on MNIST,2019-07-17,West Virginia University,West Virginia University,Academia,United States of America,Vision,Image classification,,,60000.0,,,,1027.3561728965055,2.0,,NVIDIA GeForce GTX TITAN X,NVIDIA consumer / workstation GPU,Unreleased,No,Unreleased,Unknown,
all,RNN + char4-MS-vec,2019-07-17,NTT Communication Science Laboratories,"NTT Communication Science Laboratories,Tohoku University",Industry-academia collaboration,Japan,Language,Language modeling,,225999999.99999997,,,,,,,26.0,NVIDIA Tesla P100 PCIe 16GB,NVIDIA datacenter (pre-Volta),Unreleased,No,Unreleased,Confident,
all,LSTM+Adam+Lookahead,2019-07-19,University of Toronto,University of Toronto,Academia,Canada,Language,Language modeling,,7190000.0,,,,,,,850.0,,,Unreleased,No,Unreleased,,
all,EN^2AS with performance reward,2019-07-22,Beijing Institute of Technology,"Beijing Institute of Technology,University of Technology Sydney,Monash University",Academia,Multinational,Language,"Neural Architecture Search - NAS,Language modeling",,23000000.0,,,,,,,1.0,,,Unreleased,No,Unreleased,,
all,L_UL-seq,2019-08-12,New York University (NYU),"New York University (NYU),Facebook AI Research,CIFAR AI Research",Industry-academia collaboration,Multinational,Language,Language modeling/generation,,247000000.00000003,,,,,,,690.0,,,Open weights (non-commercial),Yes,Open (non-commercial),,
all,TripletRes,2019-08-13,University of Michigan,University of Michigan,Academia,United States of America,Biology,"Proteins,Protein folding prediction",,,,,,,,,,,,Unreleased,No,,Unknown,
all,trRosetta,2019-08-22,Nankai University,"Nankai University,University of Washington,Tianjin University,Harvard University",Academia,Multinational,Biology,Protein folding prediction,3.8047968e+19,,,,1080.0,45.0,315.8562689911153,1.0,,NVIDIA TITAN RTX,NVIDIA consumer / workstation GPU,Open weights (unrestricted),Yes,Open source,Confident,Hardware
all,AWD-LSTM+Behaviorial-Gating,2019-08-31,University of Southern California,University of Southern California,Academia,United States of America,Language,Language modeling,,27000000.0,929000.0,,,,,,,,,Unreleased,No,Unreleased,Confident,
all,LSTM-Large+Behaviorial-Gating,2019-08-31,University of Southern California,University of Southern California,Academia,United States of America,Language,Language modeling,,67000000.0,,,,,,,3.0,,,Unreleased,No,Unreleased,,
all,LSTM-Medium+Behaviorial-Gating (PTB),2019-08-31,University of Southern California,University of Southern California,Academia,United States of America,Language,Language modeling,,20000000.0,,,,,,,,,,Unreleased,No,Unreleased,Confident,
all,"DEQ-Transformer (Medium, Adaptive Embedding)",2019-09-03,Carnegie Mellon University (CMU),"Carnegie Mellon University (CMU),Intel Labs",Industry-academia collaboration,United States of America,Language,Language modeling,8.1576e+17,110000000.0,103000000.0,,,,,,873.0,,,Open weights (unrestricted),Yes,Open source,Confident,Operation counting
all,DEQ-TrellisNet (PTB),2019-09-03,Carnegie Mellon University (CMU),"Carnegie Mellon University (CMU),Intel Labs",Industry-academia collaboration,United States of America,Language,Language modeling/generation,,24000000.0,,,,,,,873.0,,,Unreleased,No,Unreleased,Confident,
all,DEQ-TrellisNet (WT-103),2019-09-03,Carnegie Mellon University (CMU),"Carnegie Mellon University (CMU),Intel Labs",Industry-academia collaboration,United States of America,Language,Language modeling/generation,,180000000.0,,,,,,,873.0,,,Unreleased,No,Unreleased,Confident,
all,"Mogrifier (d2, MC) + dynamic eval",2019-09-04,DeepMind,DeepMind,Industry,United Kingdom of Great Britain and Northern Ireland,Language,Language modeling,,24000000.0,,,,,,,,,,Unreleased,No,Unreleased,Confident,
all,"Mogrifier (d2, MoS2, MC) + dynamic eval",2019-09-04,DeepMind,"DeepMind,University of Oxford",Industry-academia collaboration,United Kingdom of Great Britain and Northern Ireland,Language,Language modeling,,35000000.0,2000000.0,,,,,,109.0,,,Unreleased,No,Unreleased,Confident,
all,UDSMProt,2019-09-04,Fraunhofer Heinrich Hertz Institute,Fraunhofer Heinrich Hertz Institute,Research collective,Germany,Biology,"Proteins,Protein or nucleotide language model (pLM/nLM),Enzyme function prediction",6.37e+17,28303800.0,149700000.0,,,,,,,,,Open weights (unrestricted),Yes,Open source,Likely,Operation counting
all,ResNet-152 + ObjectNet,2019-09-06,Massachusetts Institute of Technology (MIT),Massachusetts Institute of Technology (MIT),Academia,United States of America,Vision,Object recognition,1.94e+19,38000000.0,50000.0,,,,,,2393.0,,,Unreleased,No,Unreleased,Confident,Hardware
all,Xiaoice,2019-09-14,Microsoft Research Asia,Microsoft Research Asia,Industry,China,Multimodal,"Chat,Image captioning,Visual question answering,Language modeling/generation,Translation",,,,,,,,,,,,Hosted access (no API),No,,Unknown,
all,Hide and Seek,2019-09-17,OpenAI,OpenAI,Industry,United States of America,Games,Hide and seek,1.15e+18,1600000.0,120000000000.0,,,,,,752.0,,,Unreleased,No,Unreleased,Confident,"Operation counting,Third-party estimation"
all,Megatron-BERT,2019-09-17,NVIDIA,NVIDIA,Industry,United States of America,Language,Language modeling/generation,2.2e+22,3900000000.0,6960000000.0,171818.64196707975,374.0,15.583333333333334,262640.30207328824,512.0,2766.0,NVIDIA Tesla V100S PCIe 32 GB,NVIDIA Tesla V100S PCIe 32 GB,Unreleased,No,Open source,Confident,"Operation counting,Third-party estimation"
all,Megatron-LM (1.2B),2019-09-17,NVIDIA,NVIDIA,Industry,United States of America,Language,Language modeling/generation,1.1304e+21,1200000000.0,157000000000.0,,,,338.2215428484996,1.0,2766.0,NVIDIA Tesla V100 SXM3 32 GB,NVIDIA V100,Unreleased,No,Open source,Confident,Operation counting
all,Megatron-LM (2.5B),2019-09-17,NVIDIA,NVIDIA,Industry,United States of America,Language,Language modeling/generation,2.359e+21,2500000000.0,,,,,78792.09062198647,128.0,2766.0,NVIDIA V100,NVIDIA V100,Unreleased,No,Open source,Likely,Operation counting
all,Megatron-LM (355M),2019-09-17,NVIDIA,NVIDIA,Industry,United States of America,Language,Language modeling/generation,3.35e+20,355000000.0,46400000000.0,,,,,,2766.0,,,Open weights (unrestricted),Yes,Open source,Confident,Operation counting
all,Megatron-LM (8.3B),2019-09-17,NVIDIA,NVIDIA,Industry,United States of America,Language,Language modeling/generation,9.1e+21,8300000000.0,46400000000.0,109287.55758939347,327.0,13.625,262640.30207328824,512.0,2766.0,NVIDIA Tesla V100 DGXS 32 GB,NVIDIA V100,Unreleased,No,Open source,Likely,"Hardware,Operation counting,Third-party estimation"
all,Alleviated TOI 10 (PTB),2019-09-18,Ecole Polytechnique F´ed´erale de Lausanne (EPFL),"Ecole Polytechnique F´ed´erale de Lausanne (EPFL),Swisscom,University of Freiburg",Industry-academia collaboration,Multinational,Language,Language modeling,,,,,,,,,,,,Unreleased,No,Open source,Confident,
all,Alleviated TOI 10 (WT103),2019-09-18,Ecole Polytechnique F´ed´erale de Lausanne (EPFL),"Ecole Polytechnique F´ed´erale de Lausanne (EPFL),Swisscom,University of Freiburg",Industry-academia collaboration,Multinational,Language,Language modeling,,,,,,,,,,,,Unreleased,No,Open source,Unknown,
all,Alleviated TOI 10 (WT2),2019-09-18,Ecole Polytechnique F´ed´erale de Lausanne (EPFL),"Ecole Polytechnique F´ed´erale de Lausanne (EPFL),Swisscom,University of Freiburg",Industry-academia collaboration,Multinational,Language,Language modeling,,,,,,,,,,,,Unreleased,No,Open source,Confident,
all,Transformer-XL+AdamGapAware(GA),2019-09-24,Technion - Israel Institute of Technology,Technion - Israel Institute of Technology,Academia,Israel,Language,Language modeling,,256999999.99999997,,,,,,,27.0,,,Unreleased,No,Unreleased,,
all,Adaptive Inputs + LayerDrop,2019-09-25,Facebook AI Research,"Facebook AI Research,LORIA",Industry-academia collaboration,Multinational,Language,"Language modeling/generation,Translation,Question answering,Text summarization,Language modeling",,423000000.00000006,103000000.0,,,,,,702.0,,,Open weights (unrestricted),Yes,Open source,Confident,
all,ALBERT,2019-09-26,Toyota Technological Institute at Chicago,"Toyota Technological Institute at Chicago,Google Research",Industry-academia collaboration,United States of America,Language,"Language modeling/generation,Question answering",,18000000.0,3300000000.0,,,,,,7447.0,Google TPU v3,Google TPU v3,Open weights (unrestricted),Yes,Open source,Confident,
all,AlphaX-1,2019-10-02,Facebook AI Research,"Facebook AI Research,Brown University",Industry-academia collaboration,Multinational,Vision,"Neural architecture search for computer vision,Image classification,Object detection,Image captioning",8.89344e+17,5400000.0,61280000.0,,,,,,100.0,NVIDIA GeForce GTX 1080 Ti,NVIDIA consumer / workstation GPU,Unreleased,No,Open (non-commercial),Confident,
all,DistilBERT,2019-10-02,Hugging Face,Hugging Face,Industry,United States of America,Language,Text autocompletion,1.24416e+19,66000000.0,495000000.0,,,,,,9714.0,NVIDIA Tesla V100 DGXS 16 GB,NVIDIA V100,Open weights (unrestricted),Yes,Open source,Confident,Hardware
all,M4-50B,2019-10-11,Google,Google,Industry,United States of America,Language,Translation,,50000000000.0,,,,,,,,,,Unreleased,No,Unreleased,Confident,
all,dense-IndRNN+dynamic eval,2019-10-11,Shandong University,"Shandong University,University of Wollongong",Academia,Multinational,Language,Language modeling,,44100000.0,,,,,,,55.0,,,Unreleased,No,Unreleased,,
all,Rubik's cube ADR robot,2019-10-15,OpenAI,OpenAI,Industry,United States of America,Robotics,Robotic manipulation,8.54e+20,27769565.0,,,,,,,1359.0,NVIDIA Tesla V100 DGXS 32 GB,NVIDIA V100,Unreleased,No,Unreleased,Likely,Third-party estimation
all,RMSNorm (Transformer-base),2019-10-16,University of Edinburgh,"University of Edinburgh,University of Zurich",Academia,Multinational,Language,Translation,2.7570535e+18,65000000.0,7500000000.0,,19.25,0.8020833333333334,338.0031859126085,1.0,,NVIDIA V100,NVIDIA V100,Unreleased,No,Open source,Confident,"Operation counting,Hardware"
all,LSTM(large)+Sememe+cell,2019-10-20,Tsinghua University,"Tsinghua University,Beijing University of Posts and Telecommunications,Huawei Noah's Ark Lab",Industry-academia collaboration,China,Language,Language modeling,2.304e+16,48000000.0,2000000.0,,,,,,19.0,,,Unreleased,No,Open (non-commercial),Likely,Operation counting
all,LSTM(medium)+Sememe+cell (WT2),2019-10-20,Tsinghua University,"Tsinghua University,Beijing University of Posts and Telecommunications,Huawei Noah's Ark Lab",Industry-academia collaboration,China,Language,Language modeling,,24000000.0,2088628.0,,,,,,,,,Unreleased,No,Open (non-commercial),Confident,
all,T5-11B,2019-10-23,Google,Google,Industry,United States of America,Language,"Text autocompletion,Language modeling/generation",3.3e+22,11000000000.0,34000000000.0,78464.68282814459,481.9,20.079166666666666,472373.69114573154,512.0,25683.0,Google TPU v3,Google TPU v3,Open weights (unrestricted),Yes,Open source,Confident,"Reported,Operation counting,Third-party estimation"
all,T5-3B,2019-10-23,Google,Google,Industry,United States of America,Language,Text autocompletion,9.0000000001e+21,2800000000.0,5100000000.0,17420.709393371122,,,,,25683.0,Google TPU v3,Google TPU v3,Open weights (unrestricted),Yes,Open source,Confident,"Third-party estimation,Reported"
all,Amended-DARTS,2019-10-25,Tsinghua University,"Tsinghua University,Huawei,Tongji University",Industry-academia collaboration,China,Language,"Neural Architecture Search - NAS,Language modeling",,23000000.0,,,,,,,54.0,,,Unreleased,No,Unreleased,,
all,BART-large,2019-10-29,Facebook AI,Facebook AI,Industry,United States of America,Language,"Language modeling/generation,Question answering",,406291456.0,42666666666.0,,,,,,12770.0,,,Open weights (unrestricted),Yes,Open source,Likely,
all,AlphaStar,2019-10-30,DeepMind,DeepMind,Industry,United Kingdom of Great Britain and Northern Ireland,Games,StarCraft,1.0773400001e+23,139000000.0,,130654.07330431018,1056.0,44.0,354225.04547181545,384.0,4093.0,Google TPU v3,Google TPU v3,Unreleased,No,Open source,Confident,Hardware
all,Base LM + kNN LM + Continuous Cache,2019-11-01,Stanford University,"Stanford University,Facebook AI Research",Industry-academia collaboration,Multinational,Language,Language modeling,3.05292e+19,247000000.00000003,103000000.0,,,,,,1049.0,,,Unreleased,No,Open source,Likely,Operation counting
all,XLM-RoBERTa,2019-11-05,Facebook AI,Facebook AI,Industry,United States of America,Language,"Named entity recognition (NER),Question answering,Text classification",2.076e+22,550000000.0,167000000000.0,77861.31819548723,,,256204.94677329363,500.0,8373.0,NVIDIA Tesla V100 DGXS 32 GB,NVIDIA V100,Open weights (non-commercial),Yes,Open (non-commercial),Confident,Operation counting
all,Self-Attention and Convolutional Layers,2019-11-08,Ecole Polytechnique F´ed´erale de Lausanne (EPFL),Ecole Polytechnique F´ed´erale de Lausanne (EPFL),Academia,Switzerland,Vision,Image classification,6.75e+17,29500000.0,,,,,,,630.0,,,Unreleased,No,Open source,Confident,Operation counting
all,CamemBERT,2019-11-10,Facebook,"Facebook,INRIA,Sorbonne University",Industry-academia collaboration,Multinational,Language,"Language modeling/generation,Part-of-speech tagging,Named entity recognition (NER)",8.3e+20,335000000.0,28615771779.58404,2319.5419478533995,24.0,1.0,,,1083.0,NVIDIA V100,NVIDIA V100,Open weights (unrestricted),Yes,Unreleased,Confident,"Hardware,Operation counting"
all,Sandwich Transformer,2019-11-10,Allen Institute for AI,"Allen Institute for AI,Facebook AI Research",Industry-academia collaboration,Multinational,Language,Language modeling,2.3504093e+19,209000000.0,700000000.0,,,,,,97.0,,,Unreleased,No,Open (non-commercial),Speculative,Operation counting
all,Noisy Student (L2),2019-11-11,Carnegie Mellon University (CMU),"Carnegie Mellon University (CMU),Google",Industry-academia collaboration,United States of America,Vision,Image classification,2.612e+22,480000000.0,81000000.0,45609.73119622589,144.0,6.0,944347.7271739373,1024.0,2743.0,Google TPU v3,Google TPU v3,Unreleased,No,Open source,Confident,Hardware
all,Long-range sequence Compressive Transformers,2019-11-13,DeepMind,DeepMind,Industry,United Kingdom of Great Britain and Northern Ireland,Language,Language modeling,1.0202112e+20,,,,12.0,0.5,59019.10425314221,64.0,845.0,Google TPU v3,Google TPU v3,Unreleased,No,Unreleased,Confident,Hardware
all,MoCo,2019-11-13,Facebook AI,Facebook AI,Industry,United States of America,Vision,Image completion,,375000000.0,940000000.0,,,,,,14915.0,,,Open weights (non-commercial),Yes,Open (non-commercial),,
all,MuZero,2019-11-19,DeepMind,DeepMind,Industry,United Kingdom of Great Britain and Northern Ireland,Games,Atari,4.8e+19,36864000.0,12288000000.0,,,,,,2491.0,,,Unreleased,No,Unreleased,Speculative,Hardware
all,Transformer - LibriVox + Decoding/Rescoring,2019-11-19,Facebook,Facebook,Industry,United States of America,Speech,Speech recognition (ASR),,296000000.0,981312000.0,,,,,,263.0,,,Open weights (unrestricted),Yes,,Confident,
all,FastSpeech,2019-11-20,Zhejiang University (ZJU),"Zhejiang University (ZJU),Microsoft Research",Industry-academia collaboration,Multinational,Speech,Text-to-speech (TTS),7.1712e+18,30100000.0,,,,,2458.746030907577,4.0,,NVIDIA V100,NVIDIA V100,Unreleased,No,Unreleased,Likely,Hardware
all,Photo-Geometric Autoencoder,2019-11-25,University of Oxford,University of Oxford,Academia,United Kingdom of Great Britain and Northern Ireland,3D modeling,3D reconstruction,,,819200000.0,,,,,,338.0,,,Open weights (unrestricted),Yes,Open source,Unknown,
all,AWD-LSTM + DeFINE,2019-11-27,University of Washington,University of Washington,Academia,United States of America,Language,"Language modeling,Translation",,20000000.0,,,,,202.61231684196784,1.0,29.0,NVIDIA GeForce GTX 1080,NVIDIA consumer / workstation GPU,Unreleased,No,Unreleased,Confident,
all,Adaptive LSTM + DeFINE,2019-11-27,University of Washington,University of Washington,Academia,United States of America,Language,"Language modeling,Translation",,48690000.0,,,,,1024.317824034393,2.0,29.0,NVIDIA GeForce GTX 1080 Ti,NVIDIA consumer / workstation GPU,Unreleased,No,Unreleased,Confident,
all,Transformer-XL DeFINE (107M),2019-11-27,University of Washington,University of Washington,Academia,United States of America,Language,"Language modeling,Translation",,107370000.0,,,,,2048.635648068786,4.0,29.0,NVIDIA GeForce RTX 2080 Ti 11GB,NVIDIA consumer / workstation GPU,Unreleased,No,Unreleased,Confident,
all,Transformer-XL DeFINE (141M),2019-11-27,University of Washington,"University of Washington,Allen Institute for AI",Industry-academia collaboration,United States of America,Language,Language modeling,1.74276e+18,141000000.0,103000000.0,,,,,,29.0,,,Unreleased,No,Unreleased,Speculative,Operation counting
all,bRSM + cache,2019-12-02,Numenta,"Numenta,Incubator 491",Industry,Multinational,Language,Language modeling,275400000000000.0,2550000.0,912344.0,,,,,,6.0,,,Unreleased,No,Open source,Speculative,Operation counting
all,StyleGAN2,2019-12-03,NVIDIA,"NVIDIA,Aalto University",Industry-academia collaboration,Multinational,Image generation,Image generation,,30000000.0,114000000.0,,2016.0,84.0,4916.068644931902,8.0,7908.0,NVIDIA V100,NVIDIA V100,Open weights (restricted use),Yes,,Confident,
all,StarGAN v2,2019-12-04,NAVER,"NAVER,Yonsei University,Swiss Federal Institute of Technology",Industry-academia collaboration,Multinational,Vision,"Image generation,Image-to-image",,,400000.0,,,,,,2072.0,,,Open weights (non-commercial),Yes,Open (non-commercial),Unknown,
all,MMLSTM (PTB),2019-12-05,Beijing University of Posts and Telecommunications,"Beijing University of Posts and Telecommunications,University of West London",Academia,Multinational,Language,Language modeling,5.8298782e+16,21300000.0,929000.0,,,,,,19.0,,,Unreleased,No,Unreleased,Likely,Operation counting
all,MMLSTM (WT-103),2019-12-05,Beijing University of Posts and Telecommunications,"Beijing University of Posts and Telecommunications,University of West London",Academia,Multinational,Language,Language modeling,2.3175e+18,75000000.0,103000000.0,,,,,,19.0,,,Unreleased,No,Unreleased,Likely,Operation counting
all,MMLSTM (WT-2),2019-12-05,Beijing University of Posts and Telecommunications,"Beijing University of Posts and Telecommunications,University of West London",Academia,Multinational,Language,Language modeling,1.938e+17,32300000.0,2000000.0,,,,,,19.0,,,Unreleased,No,Unreleased,Likely,Operation counting
all,OpenAI Five,2019-12-13,OpenAI,OpenAI,Industry,United States of America,Games,Dota 2,6.7e+22,159000000.0,454164480000.0,4328311.470477086,7104.0,296.0,786395.8382790724,1536.0,2137.0,NVIDIA P100,NVIDIA datacenter (pre-Volta),Unreleased,No,Unreleased,Confident,Reported
all,OpenAI Five Rerun,2019-12-13,OpenAI,OpenAI,Industry,United States of America,Games,Dota 2,1.3e+22,159000000.0,53084160000.0,321105.9055,,,262131.94609302413,512.0,2137.0,NVIDIA P100,NVIDIA datacenter (pre-Volta),Unreleased,No,Unreleased,Confident,Third-party estimation
all,SeqVec,2019-12-17,Technical University of Munich,Technical University of Munich,Academia,Germany,Biology,Proteins,4.1e+19,93000000.0,,,508.0,21.166666666666668,2559.654268344264,5.0,,NVIDIA Titan V,NVIDIA consumer / workstation GPU,Open weights (unrestricted),Yes,Unreleased,Confident,Hardware
all,DD-PPO,2019-12-19,Georgia Institute of Technology,"Georgia Institute of Technology,Facebook AI Research,Oregon State University,Simon Fraser University",Industry-academia collaboration,Multinational,Robotics,Object detection,7.8e+20,,2500000000.0,1926.8992900057376,66.0,2.75,39314.53850266432,64.0,611.0,NVIDIA V100,NVIDIA V100,Unreleased,No,Unreleased,Likely,Hardware
all,Big Transfer (BiT-L),2019-12-24,Google Brain,Google Brain,Industry,United States of America,Vision,Image classification,,928000000.0,300000000.0,,,,,,1361.0,Google TPU v3,Google TPU v3,Unreleased,No,Unreleased,,
all,Big Transfer (BiT-M),2019-12-24,Google Brain,Google Brain,Industry,United States of America,Vision,Image classification,,928000000.0,14200000.0,,,,,,1361.0,Google TPU v3,Google TPU v3,Unreleased,No,Unreleased,Confident,
all,"MicroNet (Adaptive, Cache)",2020-01-01,Massachusetts Institute of Technology (MIT),"Massachusetts Institute of Technology (MIT),Harvard University",Academia,United States of America,Language,Language modeling,,8300000.000000001,,,,,,,8.0,,,Open weights (unrestricted),Yes,Open source,,
all,AlphaFold,2020-01-15,DeepMind,DeepMind,Industry,United Kingdom of Great Britain and Northern Ireland,Biology,"Protein folding prediction,Proteins",1e+20,16340840.0,6622252080.0,,120.0,5.0,,,2773.0,,,Unreleased,No,Unreleased,Speculative,"Hardware,Third-party estimation"
all,ContextNet + Noisy Student,2020-01-19,Google,Google,Industry,United States of America,Speech,Speech recognition (ASR),8.16e+21,,,14226.054462994534,1440.0,60.0,,,264.0,Google TPU v3,Google TPU v3,Unreleased,No,Unreleased,Confident,Hardware
all,Meena,2020-01-28,Google Brain,Google Brain,Industry,United States of America,Language,"Text autocompletion,Chat",1.12e+23,2600000000.0,53333333333.333336,214809.91213508433,720.0,30.0,942708.8086440804,1024.0,1020.0,Google TPU v3,Google TPU v3,Unreleased,No,Unreleased,Confident,"Hardware,Operation counting,Third-party estimation"
all,Theseus 6/768,2020-02-07,University of California San Diego,"University of California San Diego,Beihang University,Microsoft",Industry-academia collaboration,Multinational,Language,Text autocompletion,,66000000.0,393000.0,,,,,,224.0,NVIDIA V100,NVIDIA V100,Open weights (unrestricted),Yes,Open source,Confident,
all,Perceiver IO (optical flow),2020-02-08,DeepMind,DeepMind,Industry,United Kingdom of Great Britain and Northern Ireland,Multimodal,"Language modeling/generation,Image captioning",,27900000.0,146022400000.0,,,,,,816.0,,,Unreleased,No,Unreleased,Confident,
all,TaLK Convolution,2020-02-08,Carleton University,Carleton University,Academia,Canada,Language,"Language modeling,Translation,Text summarization",2.6990346e+19,240000000.0,103000000.0,,,,4090.615920439178,8.0,30.0,NVIDIA GeForce RTX 2080 Ti 11GB,NVIDIA consumer / workstation GPU,Unreleased,No,Unreleased,Likely,Operation counting
all,ALBERT-xxlarge,2020-02-09,Toyota Technological Institute at Chicago,"Toyota Technological Institute at Chicago,Google",Industry-academia collaboration,United States of America,Language,"Language modeling/generation,Question answering",2.39e+21,235000000.0,3300000000.0,4439.921298510215,32.0,1.3333333333333333,471228.4599562152,512.0,7447.0,Google TPU v3,Google TPU v3,Open weights (unrestricted),Yes,Open source,Speculative,"Hardware,Third-party estimation,Operation counting"
all,SimCLR,2020-02-13,Google Brain,Google Brain,Industry,United States of America,Vision,Image completion,,375000000.0,10467704832.0,,,,,,24316.0,Google TPU v3,Google TPU v3,Open weights (unrestricted),Yes,Open source,,
all,Turing-NLG,2020-02-13,Microsoft,Microsoft,Industry,United States of America,Language,"Text autocompletion,Language generation,Text summarization",1.57e+22,17000000000.0,46400000000.0,51659.713290894986,,,130885.13499433055,256.0,114.0,NVIDIA Tesla V100 DGXS 32 GB,NVIDIA V100,Unreleased,No,Unreleased,Likely,"Third-party estimation,Operation counting"
all,FFN SwiGLU,2020-02-14,Google,Google,Industry,United States of America,Language,"Language modeling,Question answering",3.3687317e+19,220000000.0,50600083456.0,,21.85,0.9104166666666668,9161.75542079835,16.0,,Google TPU v2,Google TPU v2,Unreleased,No,Unreleased,Confident,"Hardware,Operation counting"
all,Feedback Transformer,2020-02-21,LORIA,"LORIA,University of Lorraine,Facebook AI Research",Industry-academia collaboration,Multinational,Language,Language modeling,7.690547e+18,126000000.0,103000000.0,,84.0,3.5,,,41.0,,,Unreleased,No,Unreleased,Speculative,"Operation counting,Hardware"
all,TCAN (PTB),2020-02-28,Ant Group,Ant Group,Industry,China,Language,Language modeling,,13000000.0,,,,,,,47.0,,,Unreleased,No,Open source,Confident,
all,TCAN (WT2),2020-02-28,Nanjing University,"Nanjing University,Ant Group",Industry-academia collaboration,China,Language,Language modeling,,33000000.0,2000000.0,,,,,,47.0,,,Unreleased,No,Open source,Confident,
all,LSTM-3-layer+Gadam,2020-03-02,University of Oxford,"University of Oxford,University of Bristol,University of Cambridge",Academia,United Kingdom of Great Britain and Northern Ireland,Language,Language modeling,2.6275507e+16,24000000.0,912344.0,,,,280.8050317098096,1.0,5.0,NVIDIA GeForce RTX 2080 Ti 11GB,NVIDIA consumer / workstation GPU,Unreleased,No,Unreleased,Likely,Operation counting
all,MuPIPR,2020-03-05,University of California Los Angeles (UCLA),"University of California Los Angeles (UCLA),University of Pennsylvania",Academia,United States of America,Biology,Protein interaction prediction,,,,,,,,,65.0,,,,,,Confident,
all,TransformerXL + spectrum control,2020-03-11,University of California Los Angeles (UCLA),"University of California Los Angeles (UCLA),JD.com",Industry-academia collaboration,Multinational,Language,Language modeling,2.6289761e+19,151000000.0,103000000.0,,219.0,9.125,2452.6211427753756,4.0,90.0,NVIDIA V100,NVIDIA V100,Unreleased,No,Unreleased,Speculative,"Operation counting,Hardware"
all,Local Transformer (WT103),2020-03-12,Google Research,Google Research,Industry,United States of America,Language,Language modeling,,,,,,,58861.596601264864,64.0,754.0,Google TPU v3,Google TPU v3,Unreleased,No,Open source,Confident,
all,Routing Transformer (WT-103),2020-03-12,Google Research,Google Research,Industry,United States of America,Language,Language modeling,,79500000.0,103000000.0,,,,,,754.0,,,Open weights (unrestricted),Yes,Unreleased,Confident,
all,ProGen,2020-03-13,Salesforce Research,"Salesforce Research,Stanford University",Industry-academia collaboration,United States of America,Biology,"Protein generation,Proteins,Protein or nucleotide language model (pLM/nLM)",3.7e+20,1200000000.0,,,,,,,315.0,,,,,,Likely,"Hardware,Third-party estimation"
all,WDC20 / DLWP,2020-03-15,University of Washington,"University of Washington,Microsoft Research",Industry-academia collaboration,United States of America,Earth science,Weather forecasting,2.4362208e+18,672080.0,,,72.0,3.0,280.72374990639975,1.0,,NVIDIA Tesla V100 DGXS 32 GB,NVIDIA V100,Unreleased,No,Open source,Confident,Hardware
all,Tensor-Transformer(1core)+PN (PTB),2020-03-17,University of California (UC) Berkeley,University of California (UC) Berkeley,Academia,United States of America,Language,"Language modeling,Translation",,,,,,,,,,,,Unreleased,No,Unreleased,Confident,
all,Tensor-Transformer(1core)+PN (WT103),2020-03-17,University of California (UC) Berkeley,University of California (UC) Berkeley,Academia,United States of America,Language,Language modeling,1.58e+18,85300000.0,103000000.0,,,,,,60.0,,,Open weights (unrestricted),Yes,Open source,Confident,Operation counting
all,ELECTRA,2020-03-23,Stanford University,"Stanford University,Google,Google Brain",Industry-academia collaboration,United States of America,Language,Text autocompletion,3.1e+21,335000000.0,33000000000.0,,,,,,2968.0,,,Open weights (unrestricted),Yes,Open source,Likely,Reported
all,MetNet,2020-03-24,Google,Google,Industry,United States of America,Earth science,Weather forecasting,9.510912e+18,225000000.0,7045120000.0,,,,235383.4758953672,256.0,345.0,Google TPU v3,Google TPU v3,Unreleased,No,Unreleased,Speculative,Operation counting
all,Agent57,2020-03-30,DeepMind,DeepMind,Industry,United Kingdom of Great Britain and Northern Ireland,Games,Atari,,,,,,,,,587.0,,,Unreleased,No,Unreleased,Unknown,
all,AraBERT,2020-03-30,American University of Beirut,American University of Beirut,Academia,Lebanon,Language,"Language modeling/generation,Question answering",3.1765134e+19,110000000.0,,,96.0,4.0,4576.289412806967,8.0,,Google TPU v2,Google TPU v2,Open weights (unrestricted),Yes,,Confident,"Operation counting,Hardware"
all,AraBERT LArge v2,2020-03-30,American University of Beirut,American University of Beirut,Academia,Lebanon,Language,"Language modeling/generation,Question answering",1.5399499e+21,371000000.0,,,168.0,7.0,117676.01347217915,128.0,,Google TPU v3,Google TPU v3,Open weights (unrestricted),Yes,,Confident,"Operation counting,Hardware"
all,DiffStk-MRNN,2020-04-04,Pennsylvania State University,"Pennsylvania State University,Rochester Institute of Technology",Academia,United States of America,Language,Language modeling,276440230000000.0,1010000.0,912344.0,,,,,,14.0,,,Unreleased,No,Unreleased,Likely,Operation counting
all,MobileBERT,2020-04-06,Carnegie Mellon University (CMU),"Carnegie Mellon University (CMU),Google Brain",Industry-academia collaboration,United States of America,Language,"Text autocompletion,Language modeling/generation",,25300000.0,,,,,,,1011.0,,,Open weights (unrestricted),Yes,Unreleased,,
all,CURL,2020-04-08,University of California (UC) Berkeley,University of California (UC) Berkeley,Academia,United States of America,Games,Atari,,907264.0,,,,,,,1280.0,,,Open weights (unrestricted),Yes,Open source,,
all,Cube-Space AutoEncoder,2020-04-27,MIT-IBM Watson AI Lab,MIT-IBM Watson AI Lab,Industry-academia collaboration,United States of America,Vision,Visual puzzles,1.0660896e+17,,4243600000.0,,24.0,1.0,336.5460747498431,1.0,56.0,NVIDIA Tesla K80,NVIDIA datacenter (pre-Volta),,,,Confident,Hardware
all,Go-explore,2020-04-27,Uber AI,"Uber AI,OpenAI",Industry,United States of America,Games,Atari,,,40000000000.0,,,,,,436.0,,,Unreleased,No,Open (non-commercial),Unknown,
all,Once for All,2020-04-29,MIT-IBM Watson AI Lab,"MIT-IBM Watson AI Lab,Massachusetts Institute of Technology (MIT),IBM",Industry-academia collaboration,United States of America,Vision,Image classification,6.237e+20,7700000.0,1280000.0,1753.9255676777682,,,,,1536.0,NVIDIA V100,NVIDIA V100,Open weights (unrestricted),Yes,Open source,Confident,Hardware
all,"Segatron XL base, M=384",2020-04-30,University of Waterloo,"University of Waterloo,RSVP.ai,Peking University",Industry-academia collaboration,Multinational,Language,Language modeling,2.653e+19,257000000.0,,,,,,,,,,Open weights (non-commercial),Yes,Open (non-commercial),Confident,
all,"Segatron XL large, M=384",2020-04-30,University of Waterloo,"University of Waterloo,Peking University,RSVP.ai",Industry-academia collaboration,Multinational,Language,Language modeling,2.6527334e+19,256999999.99999997,103000000.0,,,,,,13.0,,,Open weights (non-commercial),Yes,Open (non-commercial),Confident,Operation counting
all,UnifiedQA,2020-05-02,Allen Institute for AI,"Allen Institute for AI,University of Washington",Industry-academia collaboration,United States of America,Language,Question answering,1.65e+19,11000000000.0,,59.122086907352475,36.0,1.5,7349.34790019072,8.0,816.0,Google TPU v3,Google TPU v3,Open weights (unrestricted),Yes,Open source,Confident,"Operation counting,Hardware"
all,NAS+ESS (156M),2020-05-06,Northeastern University (China),"Northeastern University (China),Chinese Academy of Sciences,NiuTrans Research,Kingsoft",Industry-academia collaboration,China,Language,"Neural Architecture Search - NAS,Language modeling",2.89e+18,156000000.0,103000000.0,,,,280.3988579029138,1.0,12.0,NVIDIA GeForce GTX 1080 Ti,NVIDIA consumer / workstation GPU,Unreleased,No,Unreleased,Confident,Operation counting
all,NAS+ESS (23M),2020-05-06,Northeastern University (China),"Northeastern University (China),NiuTrans Research,Kingsoft",Industry-academia collaboration,China,Language,"Neural Architecture Search - NAS,Language modeling",,23000000.0,,,,,280.3988579029138,1.0,,NVIDIA GeForce GTX 1080 Ti,NVIDIA consumer / workstation GPU,Unreleased,No,Unreleased,Confident,
all,ContextNet,2020-05-07,Google,Google,Industry,United States of America,Speech,Speech recognition (ASR),,112700000.0,349200000.0,,,,,,302.0,,,Unreleased,No,Unreleased,Likely,
all,ONLSTM-SYD,2020-05-12,Westlake University,"Westlake University,Institute for Advanced Study,McGill University,Mila - Quebec AI (originally Montreal Institute for Learning Algorithms),CIFAR AI Research,University of Montreal / Université de Montréal",Industry-academia collaboration,Multinational,Language,Language modeling,1.368516e+17,25000000.0,912344.0,,,,,,15.0,,,Unreleased,No,Open source,Confident,Operation counting
all,Conformer,2020-05-16,Google,Google,Industry,United States of America,Speech,Speech recognition (ASR),,118800000.0,,,,,,,4054.0,,,Unreleased,No,Unreleased,Confident,
all,Decay RNN,2020-05-17,Indian Institute of Technology Delhi,Indian Institute of Technology Delhi,Academia,India,Language,Language modeling,,1400000.0,,,,,,,7.0,,,Unreleased,No,Unreleased,,
all,Specter,2020-05-20,Allen Institute for AI,"Allen Institute for AI,University of Washington",Industry-academia collaboration,United States of America,Language,Document representation,,110000000.0,,,84.0,3.5,280.311451241256,1.0,,NVIDIA Titan V,NVIDIA consumer / workstation GPU,Open weights (unrestricted),Yes,Open source,Likely,"Hardware,Operation counting"
all,rTop-k(distributed setting),2020-05-21,Stanford University,Stanford University,Academia,United States of America,Language,Language modeling,1.4352996e+16,69000000.0,912344.0,,,,,,71.0,,,Unreleased,No,Unreleased,Likely,Operation counting
all,Retrieval-Augmented Generator,2020-05-22,Facebook,"Facebook,New York University (NYU),University College London (UCL)",Industry-academia collaboration,Multinational,Language,"Question answering,Retrieval-augmented generation",,626000000.0,3074560.0,,,,,,13907.0,NVIDIA Tesla V100 PCIe 32 GB,NVIDIA V100,Open weights (unrestricted),Yes,Unreleased,Confident,
all,DETR,2020-05-26,Facebook,Facebook,Industry,United States of America,Vision,Object detection,4e+20,60000000.0,826000.0,959.9097627206426,,,,,18148.0,NVIDIA V100,NVIDIA V100,Open weights (unrestricted),Yes,Open source,Confident,Hardware
all,GPT-3 175B (davinci),2020-05-28,OpenAI,OpenAI,Industry,United States of America,Language,"Text autocompletion,Language modeling/generation",3.14e+23,174600000000.0,238000000000.0,2116866.2428390156,355.2,14.799999999999999,5100759.605963441,10000.0,58240.0,NVIDIA Tesla V100 DGXS 32 GB,NVIDIA V100,API access,No,Unreleased,Confident,Reported
all,GPT3-6.7B (rerun of original),2020-05-28,Microsoft,"Microsoft,OpenAI",Industry,United States of America,Language,Language modeling/generation,1.2e+22,6700000000.0,300000000000.0,,,,,,262.0,NVIDIA V100,NVIDIA V100,Unreleased,No,Unreleased,Confident,Operation counting
all,3-Layer-Tensor-Transformer+AdaHessian,2020-06-01,University of California (UC) Berkeley,"University of California (UC) Berkeley,NERSC, Lawrence Berkeley National Laboratory",Industry-academia collaboration,United States of America,Language,"Language modeling,Translation",,,,,,,,,365.0,,,Unreleased,No,Open source,Confident,
all,6-Layer-Tensor-Transformer+AdaHessian,2020-06-01,NERSC,"NERSC, Lawrence Berkeley National Laboratory,University of California (UC) Berkeley",Industry-academia collaboration,United States of America,Language,Language modeling,1.58e+18,85500000.0,103000000.0,,,,,,365.0,,,Unreleased,No,Open source,Confident,Operation counting
all,SqueezeBERT,2020-06-10,University of California (UC) Berkeley,University of California (UC) Berkeley,Academia,United States of America,Language,Text autocompletion,,51100000.0,,,,,,,140.0,,,,,,,
all,Transformer-XL+AdamP,2020-06-15,Naver AI Lab,"Naver AI Lab,Naver Clova",Industry,Korea (Republic of),Language,Language modeling,,256999999.99999997,,,,,,,114.0,,,Unreleased,No,Unreleased,,
all,Transformer-XL+WN+AdamP,2020-06-15,Naver AI Lab,"Naver AI Lab,Naver Clova",Industry,Korea (Republic of),Language,Language modeling,,256999999.99999997,,,,,,,114.0,,,Unreleased,No,Unreleased,,
all,iGPT-L,2020-06-17,OpenAI,OpenAI,Industry,United States of America,Image generation,Image completion,8.91e+21,1362000000.0,2654208000.0,30093.444683107013,,,,,1694.0,NVIDIA Tesla V100 DGXS 32 GB,NVIDIA V100,Open weights (unrestricted),Yes,Open source,Confident,Hardware
all,iGPT-XL,2020-06-17,OpenAI,OpenAI,Industry,United States of America,Vision,Image completion,3.3e+22,6801000000.0,4718592000.0,100796.41431883824,,,,,1694.0,NVIDIA Tesla V100 DGXS 32 GB,NVIDIA V100,Open weights (unrestricted),Yes,Open source,Likely,Third-party estimation
all,GPT-3 13B,2020-06-22,OpenAI,OpenAI,Industry,United States of America,Language,"Text autocompletion,Language modeling/generation",2.31e+22,12850000000.0,300000000000.0,,,,,,58240.0,NVIDIA Tesla V100 DGXS 32 GB,NVIDIA V100,,,,Confident,Reported
all,GPT-3 2.7B,2020-06-22,OpenAI,OpenAI,Industry,United States of America,Language,"Text autocompletion,Language modeling/generation",4.77e+21,2650000000.0,300000000000.0,,,,,,58240.0,NVIDIA Tesla V100 DGXS 32 GB,NVIDIA V100,,,,Confident,Reported
all,GPT-3 6.7B,2020-06-22,OpenAI,OpenAI,Industry,United States of America,Language,"Text autocompletion,Language modeling/generation",1.2e+22,6660000000.0,300000000000.0,,,,,,58240.0,NVIDIA Tesla V100 DGXS 32 GB,NVIDIA V100,,,,Confident,Reported
all,GPT-3 Large,2020-06-22,OpenAI,OpenAI,Industry,United States of America,Language,"Text autocompletion,Language modeling/generation",1.37e+21,760000000.0,300000000000.0,,,,,,58240.0,NVIDIA Tesla V100 DGXS 32 GB,NVIDIA V100,,,,Confident,Reported
all,GPT-3 Medium,2020-06-22,OpenAI,OpenAI,Industry,United States of America,Language,"Text autocompletion,Language modeling/generation",6.41e+20,356000000.0,300000000000.0,,,,,,58240.0,NVIDIA Tesla V100 DGXS 32 GB,NVIDIA V100,,,,Confident,Reported
all,GPT-3 Small,2020-06-22,OpenAI,OpenAI,Industry,United States of America,Language,"Text autocompletion,Language modeling/generation",2.25e+20,125000000.0,300000000000.0,,,,,,58240.0,NVIDIA Tesla V100 DGXS 32 GB,NVIDIA V100,,,,Confident,Reported
all,GPT-3 XL,2020-06-22,OpenAI,OpenAI,Industry,United States of America,Language,"Text autocompletion,Language modeling/generation",2.38e+21,1320000000.0,300000000000.0,,,,,,58240.0,NVIDIA Tesla V100 DGXS 32 GB,NVIDIA V100,,,,Confident,Reported
all,GShard (600B),2020-06-30,Google,Google,Industry,United States of America,Language,Translation,1.33e+22,600000000000.0,1000000000000.0,,96.0,4.0,,,1992.0,Google TPU v3,Google TPU v3,Unreleased,No,Open source,Confident,"Third-party estimation,Hardware"
all,GShard (dense),2020-06-30,Google,Google,Industry,United States of America,Language,Translation,4.765e+22,2300000000.0,346666666667.0,266200.0315979732,1008.0,42.0,939481.3420790088,1024.0,1992.0,Google TPU v3,Google TPU v3,Unreleased,No,Open source,Confident,"Operation counting,Hardware"
all,DLRM-2021,2020-07-01,Meta AI,Meta AI,Industry,United States of America,Recommendation,Recommender system,3e+20,1000000000000.0,,,,,,,197.0,,,Unreleased,No,Unreleased,Confident,Reported
all,SemExp,2020-07-02,Carnegie Mellon University (CMU),"Carnegie Mellon University (CMU),Facebook AI Research",Industry-academia collaboration,Multinational,Robotics,Object detection,,,,,,,,,723.0,,,Open weights (unrestricted),Yes,Open source,Unknown,
all,1-layer-LSTM,2020-07-13,Harvard University,Harvard University,Academia,United States of America,Language,Language modeling,,86500000.0,,,,,,,10.0,,,Unreleased,No,Unreleased,,
all,Hopfield Networks (2020),2020-07-16,Johannes Kepler University Linz,"Johannes Kepler University Linz,Institute of Advanced Research in Artificial Intelligence,University of Oslo",Academia,Multinational,Biology,"Drug discovery,Language modeling,Object recognition,Cancer diagnosis",,,,,,,,,634.0,,,Open weights (unrestricted),Yes,Unreleased,Unknown,
all,EfficientDet,2020-07-27,Google Brain,Google Brain,Industry,United States of America,Vision,Object detection,,77000000.0,,,,,,,6849.0,,,Open weights (unrestricted),Yes,Open source,,
all,GPT2-LayerFusion-WS,2020-07-29,University of Liverpool,"University of Liverpool,University of Southern California",Academia,Multinational,Language,Language modeling,,,,,,,,,7.0,,,Unreleased,No,Unreleased,Unknown,
all,TransformerXL-LayerFusion-CA,2020-07-29,University of Liverpool,"University of Liverpool,University of Southern California",Academia,Multinational,Language,Language modeling,,,,,,,,,7.0,,,Unreleased,No,Unreleased,Unknown,
all,Grown to Prune Two-layer stacked LSTM,2020-07-30,University of Chicago,"University of Chicago,Toyota Technological Institute at Chicago",Academia,United States of America,Language,Language modeling,,,,,,,,,51.0,,,Unreleased,No,Unreleased,Unknown,
all,mBART-50,2020-08-02,Facebook AI,Facebook AI,Industry,United States of America,Language,Translation,1.45152e+22,610000000.0,,,420.0,17.5,156465.19682753857,256.0,552.0,NVIDIA V100,NVIDIA V100,Open weights (unrestricted),Yes,,Confident,Hardware
all,DeLighT,2020-08-03,University of Washington,"University of Washington,Allen Institute for AI,Facebook AI Research",Industry-academia collaboration,Multinational,Language,"Language modeling,Translation",3.8016e+18,99000000.0,103000000.0,,30.0,1.25,4889.428515149248,8.0,98.0,NVIDIA V100,NVIDIA V100,Unreleased,No,Open source,Likely,"Operation counting,Hardware"
all,ERNIE-GEN (large),2020-08-06,Baidu,Baidu,Industry,China,Language,"Language modeling,Language modeling/generation,Text summarization,Chat",2e+20,340000000.0,114666666666.66669,,,,,,133.0,,,Open weights (non-commercial),Yes,Open (non-commercial),Speculative,Operation counting
all,Transformer+Recurrent Windows of Context,2020-08-16,Toyota Technological Institute at Chicago,"Toyota Technological Institute at Chicago,University of Chicago",Academia,United States of America,Language,Language modeling,7.9375326e+20,124000000.0,,,,,,,7.0,,,Unreleased,No,Unreleased,Speculative,Operation counting
all,ESM1-43M,2020-08-31,Facebook AI Research,"Facebook AI Research,New York University (NYU)",Industry-academia collaboration,Multinational,Biology,"Proteins,Protein or nucleotide language model (pLM/nLM)",2.8e+19,42600000.0,27750400000.0,61.53113747598667,,,78182.09119198628,128.0,2637.0,NVIDIA V100,NVIDIA V100,Open weights (unrestricted),Yes,Unreleased,Confident,Operation counting
all,ESM1-670M (UR100),2020-08-31,Facebook AI Research,"Facebook AI Research,New York University (NYU)",Industry-academia collaboration,Multinational,Biology,"Proteins,Protein or nucleotide language model (pLM/nLM)",1.4e+20,669200000.0,127897600000.0,307.6556873799333,,,78182.09119198628,128.0,2637.0,NVIDIA V100,NVIDIA V100,Open weights (unrestricted),Yes,Unreleased,Confident,Operation counting
all,ESM1-670M (UR50/D),2020-08-31,Facebook AI Research,"Facebook AI Research,New York University (NYU)",Industry-academia collaboration,Multinational,Biology,"Proteins,Protein or nucleotide language model (pLM/nLM)",4.8e+20,669200000.0,33847900000.0,1054.8194995883428,,,78182.09119198628,128.0,2637.0,NVIDIA V100,NVIDIA V100,Open weights (unrestricted),Yes,Unreleased,Confident,Operation counting
all,ESM1-670M (UR50/S),2020-08-31,Facebook AI Research,"Facebook AI Research,New York University (NYU)",Industry-academia collaboration,Multinational,Biology,"Proteins,Protein or nucleotide language model (pLM/nLM),Mutation prediction,Protein contact and distance prediction",4.4e+20,669200000.0,27750400000.0,966.9178746226474,,,78182.09119198628,128.0,2637.0,NVIDIA V100,NVIDIA V100,Open weights (unrestricted),Yes,Unreleased,Confident,Operation counting
all,ESM1-85M,2020-08-31,Facebook AI Research,"Facebook AI Research,New York University (NYU)",Industry-academia collaboration,Multinational,Biology,"Proteins,Protein or nucleotide language model (pLM/nLM)",5.6e+19,85100000.0,27750400000.0,123.06227495197334,,,78182.09119198628,128.0,2637.0,NVIDIA V100,NVIDIA V100,Open weights (unrestricted),Yes,Unreleased,Confident,Operation counting
all,ProBERTa,2020-09-01,University of Illinois Urbana-Champaign (UIUC),"University of Illinois Urbana-Champaign (UIUC),Reed College",Academia,United States of America,Biology,"Proteins,Protein representation learning,Protein classification,Protein interaction prediction",9.72e+18,44000000.0,58320000.0,26.206992435694065,18.0,0.75,2443.135942042391,4.0,97.0,NVIDIA V100,NVIDIA V100,Open weights (non-commercial),Yes,Open (non-commercial),Confident,Hardware
all,PAR Transformer Large,2020-09-09,NVIDIA,NVIDIA,Industry,United States of America,Language,Language modeling,,,,,,,,,11.0,,,Unreleased,No,Unreleased,Unknown,
all,Integer Transformer,2020-09-17,Northeastern University (China),"Northeastern University (China),NiuTrans Research,Chinese Academy of Sciences",Academia,China,Language,"Language modeling,Translation",,247000000.00000003,,,,,,,74.0,,,Unreleased,No,Unreleased,,
all,Frage-AWD-LSTM-MemoryAug-NeuralCache (PTB),2020-09-29,Johns Hopkins University,"Johns Hopkins University,Xiaomi Corp",Industry-academia collaboration,Multinational,Language,Language modeling,,24000000.0,929000.0,,,,,,5.0,,,Unreleased,No,Unreleased,Confident,
all,Frage-AWD-LSTM-MemoryAug-NeuralCache (WT2),2020-09-29,Johns Hopkins University,"Johns Hopkins University,Xiaomi Corp",Industry-academia collaboration,Multinational,Language,Language modeling,,33000000.0,,,,,,,5.0,,,Unreleased,No,Unreleased,,
all,LSTM-MemoryAug (PTB),2020-09-29,Johns Hopkins University,"Johns Hopkins University,Xiaomi Corp",Industry-academia collaboration,Multinational,Language,Language modeling,,13300000.0,929000.0,,,,,,5.0,,,Unreleased,No,Unreleased,Confident,
all,LSTM-MemoryAug (WT2),2020-09-29,Johns Hopkins University,"Johns Hopkins University,Xiaomi Corp",Industry-academia collaboration,Multinational,Language,Language modeling,,28500000.0,2000000.0,,,,,,5.0,,,Unreleased,No,Unreleased,Confident,
all,LUKE,2020-10-02,University of Washington,"University of Washington,National Institute of Informatics",Academia,Multinational,Language,"Question answering,Relation extraction,Named entity recognition (NER)",1.8144e+22,483000000.0,4666666667.0,4186.383565732907,720.0,30.0,9765.799615782104,16.0,766.0,NVIDIA V100,NVIDIA V100,Open weights (unrestricted),Yes,Open source,Likely,Hardware
all,Memformer (4 encoder + 16 decoder),2020-10-14,UC Davis,"UC Davis,Westlake University,Facebook AI",Industry-academia collaboration,Multinational,Language,Language modeling,1.2e+19,76200000.0,103000000.0,,96.0,4.0,,4.0,77.0,"NVIDIA Tesla V100 DGXS 16 GB,NVIDIA GeForce RTX 2080 Ti 11GB",NVIDIA V100,Unreleased,No,Unreleased,Likely,Hardware
all,TinyBert,2020-10-16,Huazhong University of Science and Technology,"Huazhong University of Science and Technology,Huawei Noah's Ark Lab,Huawei",Industry-academia collaboration,China,Language,"Language modeling/generation,Question answering",3.9798e+18,67000000.0,3300000000.0,,,,,,,,,Open weights (unrestricted),Yes,Open source,Confident,Operation counting
all,Conformer + Wav2vec 2.0 + Noisy Student,2020-10-20,Google,"Google,Google Research,Google Brain",Industry,United States of America,Speech,Speech recognition (ASR),7.6e+21,1000000000.0,,9449.541661137231,168.0,7.0,234285.25901630375,256.0,332.0,Google TPU v3,Google TPU v3,Unreleased,No,Unreleased,Confident,Hardware
all,mT5-XXL,2020-10-20,Google,"Google,Google Research",Industry,United States of America,Language,"Language modeling,Translation,Language modeling/generation,Question answering",8.2e+22,13000000000.0,1000000000000.0,179442.0291399545,,,,,2892.0,,,Open weights (unrestricted),Yes,Open source,Confident,Operation counting
all,GBERT-Large,2020-10-21,deepset,"deepset,Bayerische Staatsbibliothek Muenchen",Industry-academia collaboration,Germany,Language,"Document classification,Named entity recognition (NER)",2.2444646e+21,335000000.0,5457559999.0,3771.13338489269,264.0,11.0,58570.010422244966,64.0,333.0,Google TPU v3,Google TPU v3,Open weights (unrestricted),Yes,Unreleased,Likely,Hardware
all,German ELECTRA Large,2020-10-21,deepset,"deepset,Bayerische Staatsbibliothek Muenchen",Industry-academia collaboration,Germany,Language,"Document classification,Named entity recognition (NER),Text classification",1.42829568e+21,335000000.0,36383733333.0,2392.2883349806307,168.0,7.0,58570.010422244966,64.0,333.0,Google TPU v3,Google TPU v3,Open weights (unrestricted),Yes,Unreleased,Confident,"Hardware,Operation counting"
all,CryptoGRU,2020-10-22,Indiana University Bloomington,Indiana University Bloomington,Academia,United States of America,Language,Language modeling,,,,,,,,,19.0,,,Unreleased,No,Unreleased,Unknown,
all,ViT-Base/32,2020-10-22,Google Brain,Google Brain,Industry,United States of America,Vision,Image representation,,86000000.0,303000000.0,,,,,,62651.0,,,Open weights (unrestricted),Yes,Open source,,
all,ViT-Huge/14,2020-10-22,Google Brain,"Google Brain,Google Research",Industry,United States of America,Vision,Image representation,4.262e+21,632000000.0,303000000.0,6724.023241261178,,,,,62651.0,Google TPU v3,Google TPU v3,Open weights (unrestricted),Yes,Open source,Confident,Hardware
all,wave2vec 2.0 LARGE,2020-10-22,Facebook,Facebook,Industry,United States of America,Speech,Speech completion,3.87072e+21,317000000.0,4598395200.0,5021.241075362514,,,,,8294.0,NVIDIA Tesla V100 DGXS 32 GB,NVIDIA V100,Open weights (unrestricted),Yes,Open source,Confident,Hardware
all,ChemBERTa,2020-10-23,University of Toronto,"University of Toronto,Reverie Labs,DeepChem",Industry-academia collaboration,Multinational,Biology,Molecular property prediction,8.4654366e+18,125000000.0,225000000.0,,48.0,2.0,335.20719920857016,1.0,,NVIDIA V100,NVIDIA V100,Open weights (unrestricted),Yes,,Likely,"Operation counting,Hardware"
all,HiPPO-LegS,2020-10-23,Stanford University,"Stanford University,University at Buffalo",Academia,United States of America,Vision,Image classification,,,,,,,,,,NVIDIA P100,NVIDIA datacenter (pre-Volta),Open weights (unrestricted),Yes,Open source,Unknown,
all,SimCLRv2,2020-10-26,Google Brain,Google Brain,Industry,United States of America,Vision,Image classification,,795000000.0,20937965568.0,,,,,,2532.0,,,Open weights (unrestricted),Yes,Open source,,
all,CPCProt,2020-11-10,University of Toronto,University of Toronto,Academia,Canada,Biology,Protein or nucleotide language model (pLM/nLM),,1700000.0,2963049428.0,,,,,,95.0,,,,,,Confident,
all,AWD-FWM (PTB),2020-11-16,IDSIA,"IDSIA,Microsoft Research",Industry-academia collaboration,Multinational,Language,Language modeling,,24000000.0,,,,,,,64.0,,,Unreleased,No,Open source,Confident,
all,AWD-FWM (WT2),2020-11-16,IDSIA,"IDSIA,Microsoft Research",Industry-academia collaboration,Multinational,Language,Language modeling,7.104e+17,37000000.0,2000000.0,,,,,,64.0,,,Unreleased,No,Open source,Confident,Operation counting
all,Machine learning a model for RNA structure prediction,2020-11-16,International School for Advanced Studies,"International School for Advanced Studies,Institute of Structural Biology,Technical University of Munich",Academia,Multinational,Biology,RNA structure prediction,1.799999999999987e+18,,,,,,,,32.0,,,,,,Confident,Hardware
all,KEPLER,2020-11-23,Tsinghua University,"Tsinghua University,Mila - Quebec AI (originally Montreal Institute for Learning Algorithms),HEC,CIFAR AI Research,Princeton University,University of Montreal / Université de Montréal",Industry-academia collaboration,Multinational,Language,Relation extraction,1.66e+21,125000000.0,3533640000.0,,,,,,819.0,,,Unreleased,No,Open source,Confident,Hardware
all,AlphaFold 2,2020-11-30,DeepMind,DeepMind,Industry,United Kingdom of Great Britain and Northern Ireland,Biology,"Protein folding prediction,Proteins",2.99e+21,93000000.0,5724000000.0,3841.772612266474,264.0,11.0,,,31909.0,Google TPU v3,Google TPU v3,Open weights (unrestricted),Yes,Unreleased,Likely,Hardware
all,CPM-Large,2020-12-01,Tsinghua University,"Tsinghua University,Beijing Academy of Artificial Intelligence / BAAI",Academia,China,Language,Language modeling,2.6052e+20,2600000000.0,16700000000.0,7340.099044719796,336.0,14.0,39011.038545758856,64.0,129.0,NVIDIA V100,NVIDIA V100,Open weights (unrestricted),Yes,Unreleased,Confident,Third-party estimation
all,Profile Prediction,2020-12-01,University of Washington,"University of Washington,Salesforce Research",Industry-academia collaboration,United States of America,Biology,"Protein or nucleotide language model (pLM/nLM),Proteins",4.9999999999999993e+20,,,,,,4876.379818219857,8.0,27.0,NVIDIA V100,NVIDIA V100,,,,Confident,Hardware
all,OC-GAN (COCO-Stuff),2020-12-03,Mila - Quebec AI (originally Montreal Institute for Learning Algorithms),"Mila - Quebec AI (originally Montreal Institute for Learning Algorithms),University of Montreal / Université de Montréal,Microsoft Research,CIFAR AI Research",Industry-academia collaboration,Multinational,Image generation,Image generation,,,,,,,2438.08131761556,4.0,,NVIDIA V100,NVIDIA V100,Unreleased,No,Unreleased,Unknown,
all,OC-GAN (Visual Genome),2020-12-03,Mila - Quebec AI (originally Montreal Institute for Learning Algorithms),"Mila - Quebec AI (originally Montreal Institute for Learning Algorithms),University of Montreal / Université de Montréal,Microsoft Research,CIFAR AI Research",Industry-academia collaboration,Multinational,Image generation,Image generation,,,,,,,2438.08131761556,4.0,,NVIDIA V100,NVIDIA V100,Unreleased,No,Unreleased,Unknown,
all,RoBERTa (PFAM),2020-12-05,IBM Research,"IBM Research,ETH Zurich",Industry-academia collaboration,Multinational,Biology,Protein or nucleotide language model (pLM/nLM),1.2276e+19,,,,,,2031.643942464676,4.0,19.0,NVIDIA P100,NVIDIA datacenter (pre-Volta),Open weights (unrestricted),Yes,Open source,Likely,Operation counting
all,ESM1b,2020-12-15,Facebook AI Research,"Facebook AI Research,New York University (NYU)",Industry-academia collaboration,Multinational,Biology,"Proteins,Protein or nucleotide language model (pLM/nLM)",5.1e+21,652400000.0,27750400000.0,924.3248891034536,,,77997.75584661258,128.0,2637.0,NVIDIA V100,NVIDIA V100,Open weights (unrestricted),Yes,Unreleased,Confident,"Hardware,Operation counting"
all,VQGAN + CLIP,2020-12-17,Heidelberg University,Heidelberg University,Academia,Germany,Image generation,Text-to-image,,,251988480000.0,,,,,,4226.0,,,Open weights (unrestricted),Yes,Open source,Unknown,
all,DensePhrases,2020-12-23,Korea University,"Korea University,Princeton University",Academia,Multinational,Language,Question answering,2.09952e+18,,58000000.0,,20.0,0.8333333333333334,4061.6594477324606,8.0,128.0,NVIDIA TITAN Xp,NVIDIA consumer / workstation GPU,Open weights (unrestricted),Yes,Open source,Speculative,Hardware
all,RaSoR,2020-12-23,Korea University,"Korea University,Princeton University",Academia,Multinational,Language,Question answering,,,,,,,,,154.0,,,,,,Confident,
all,CT-MoS (PTB),2020-12-25,National Tsing Hua University,"National Tsing Hua University,Google",Industry-academia collaboration,Multinational,Language,Language modeling,,24000000.0,929000.0,,,,200.84234590663945,1.0,36.0,NVIDIA GeForce GTX 1080,NVIDIA consumer / workstation GPU,Unreleased,No,Unreleased,Confident,
all,CT-MoS (WT2),2020-12-25,Google,"Google,National Tsing Hua University",Industry-academia collaboration,Multinational,Language,Language modeling,5.4e+17,45000000.0,2000000.0,,,,2030.739275278243,4.0,36.0,NVIDIA GeForce GTX 1080 Ti,NVIDIA consumer / workstation GPU,Unreleased,No,Unreleased,Confident,Operation counting
all,CT-MoS + DynamicEval (PTB),2020-12-25,National Tsing Hua University,"National Tsing Hua University,Google",Industry-academia collaboration,Multinational,Language,Language modeling,,24000000.0,929000.0,,,,200.84234590663945,1.0,36.0,NVIDIA GeForce GTX 1080,NVIDIA consumer / workstation GPU,Unreleased,No,Unreleased,Confident,
all,CT-MoS + DynamicEval (WT2),2020-12-25,National Tsing Hua University,"National Tsing Hua University,Google",Industry-academia collaboration,Multinational,Language,Language modeling,5.4e+17,45000000.0,2000000.0,,,,,,36.0,,,Unreleased,No,Unreleased,Confident,Operation counting
all,AraGPT2-Mega,2020-12-31,American University of Beirut,American University of Beirut,Academia,Lebanon,Language,"Language modeling/generation,Question answering",2e+21,1500000000.0,,,216.0,9.0,116954.95413218816,128.0,145.0,Google TPU v3,Google TPU v3,Open weights (unrestricted),Yes,Open source,Confident,"Third-party estimation,Hardware,Operation counting"
all,ERNIE-Doc (247M),2020-12-31,Baidu,Baidu,Industry,China,Language,"Language modeling,Language modeling/generation",3.0302798e+19,247000000.00000003,103000000.0,,,,,,64.0,,,Open weights (unrestricted),Yes,Unreleased,Confident,Operation counting
all,"ERNIE-Doc Base (151M, WT103)",2020-12-31,Baidu,Baidu,Industry,China,Language,"Language modeling,Language modeling/generation",1.7395e+18,151000000.0,,,,,,,64.0,,,Open weights (unrestricted),Yes,Unreleased,Confident,Operation counting
all,Shortformer,2020-12-31,University of Washington,"University of Washington,Facebook AI Research,Allen Institute for AI",Industry-academia collaboration,Multinational,Language,Language modeling,3.04e+18,247000000.0,103000000.0,,,,,,100.0,,,Unreleased,No,Open source,Confident,Operation counting
all,Subformer (122M),2021-01-01,National Institute of Advanced Industrial Science and Technology (AIST),"National Institute of Advanced Industrial Science and Technology (AIST),University of Tokyo",Academia,Japan,Language,Language modeling,5.1450348e+18,122000000.0,,,,,4873.014568662182,8.0,60.0,NVIDIA V100,NVIDIA V100,Unreleased,No,Unreleased,Confident,Operation counting
all,Subformer (83M),2021-01-01,University of Tokyo,"University of Tokyo,National Institute of Advanced Industrial Science and Technology (AIST)",Academia,Japan,Language,"Language modeling/generation,Translation",3.5e+18,83000000.0,,,,,4873.014568662182,8.0,60.0,NVIDIA V100,NVIDIA V100,Unreleased,No,Unreleased,Likely,Operation counting
all,Subformer (96M),2021-01-01,University of Tokyo,"University of Tokyo,National Institute of Advanced Industrial Science and Technology (AIST)",Academia,Japan,Language,"Language modeling,Text summarization,Translation",4.05e+18,96000000.0,,,,,4873.014568662182,8.0,60.0,NVIDIA V100,NVIDIA V100,Unreleased,No,Unreleased,Likely,Operation counting
all,CLIP (ResNet-50),2021-01-05,OpenAI,OpenAI,Industry,United States of America,Multimodal,"Zero-shot image classification,Character recognition (OCR),Video description",,88600000.0,400000000.0,,,,,,48743.0,,,Open weights (unrestricted),Yes,Unreleased,Likely,
all,CLIP (ViT L/14@336px),2021-01-05,OpenAI,OpenAI,Industry,United States of America,Multimodal,"Zero-shot image classification,Character recognition (OCR),Video description",1.05e+22,370000000.0,400000000.0,24638.51841340951,288.0,12.0,155922.57638758916,256.0,48743.0,NVIDIA V100,NVIDIA V100,Open weights (unrestricted),Yes,Unreleased,Confident,Third-party estimation
all,DALL-E,2021-01-05,OpenAI,OpenAI,Industry,United States of America,Image generation,"Text-to-image,Image generation",4.7e+22,12000000000.0,320000000000.0,125818.6901,,,519741.92129196384,1024.0,6403.0,NVIDIA Tesla V100 DGXS 16 GB,NVIDIA V100,API access,No,Unreleased,Likely,Third-party estimation
all,Transformer-XL + AutoDropout (PTB),2021-01-05,Google Research,Google Research,Industry,United States of America,Language,Language modeling,5.7829941034035304e+16,24000000.0,,,0.66,0.0275,2273.870905652342,4.0,63.0,Google TPU v2,Google TPU v2,Unreleased,No,Unreleased,Confident,
all,Transformer-XL + AutoDropout (WT2),2021-01-05,Google Brain,"Google Brain,Carnegie Mellon University (CMU)",Industry-academia collaboration,United States of America,Language,"Language modeling,Translation",,35000000.0,,,,,,,63.0,,,Unreleased,No,Unreleased,,
all,NVAE (CIFAR 10),2021-01-08,NVIDIA,NVIDIA,Industry,United States of America,Image generation,Image generation,5.94e+19,,,,55.0,2.2916666666666665,4060.2124958936606,8.0,,NVIDIA Tesla V100 DGXS 16 GB,NVIDIA V100,Unreleased,No,Open (non-commercial),Confident,Hardware
all,NVAE (Celeba HQ),2021-01-08,NVIDIA,NVIDIA,Industry,United States of America,Image generation,Image generation,3.0456e+20,,,,94.0,3.9166666666666665,12180.637487680982,24.0,,NVIDIA Tesla V100 DGXS 32 GB,NVIDIA V100,Unreleased,No,Open (non-commercial),Confident,Hardware
all,NVAE (FFHQ),2021-01-08,NVIDIA,NVIDIA,Industry,United States of America,Image generation,Image generation,5.184e+20,,,,160.0,6.666666666666667,12180.637487680982,24.0,,NVIDIA Tesla V100 DGXS 32 GB,NVIDIA V100,Unreleased,No,Open (non-commercial),Confident,Hardware
all,BigSSL,2021-01-10,Google,"Google,Apple",Industry,United States of America,Speech,"Speech recognition (ASR),Audio classification",,8000000000.0,100530000000.0,,,,,,204.0,,,Unreleased,No,Unreleased,,
all,Switch,2021-01-11,Google,Google,Industry,United States of America,Language,Text autocompletion,8.22e+22,1571000000000.0,86400000000.0,145100.89767585773,648.0,27.0,935410.4639575824,1024.0,3888.0,Google TPU v3,Google TPU v3,Open weights (unrestricted),Yes,Unreleased,Confident,Third-party estimation
all,Wu Dao - Wen Yuan,2021-01-11,Beijing Academy of Artificial Intelligence / BAAI,Beijing Academy of Artificial Intelligence / BAAI,Academia,China,Language,Language modeling/generation,6.5028096e+20,2600000000.0,,,336.0,14.0,38975.435998232606,64.0,,NVIDIA V100,NVIDIA V100,API access,No,,Confident,Hardware
all,DeiT-B,2021-01-15,Meta AI,"Meta AI,Sorbonne University",Industry-academia collaboration,Multinational,Vision,Image classification,7.884e+19,86000000.0,3840000.0,,53.0,2.2083333333333335,,,9077.0,NVIDIA V100,NVIDIA V100,Open weights (unrestricted),Yes,Open source,Confident,Hardware
all,Selfish-RNN (AWD-LSTM-MoS),2021-01-22,Eindhoven University of Technology,Eindhoven University of Technology,Academia,Netherlands,Language,Language modeling,,15600000.0,,,,,,,43.0,,,Unreleased,No,Open (non-commercial),Confident,
all,Selfish-RNN (ON-LSTM),2021-01-22,Eindhoven University of Technology,Eindhoven University of Technology,Academia,Netherlands,Language,Language modeling,,25200000.0,,,,,,,43.0,,,Unreleased,No,Open (non-commercial),Confident,
all,Selfish-RNN (SNT-ASGD) Stacked LSTMs,2021-01-22,Eindhoven University of Technology,"Eindhoven University of Technology,University of Twente",Academia,Netherlands,Language,Language modeling,1.178e+16,25200000.0,912344.0,,,,,,43.0,,,Open weights (non-commercial),Yes,Open (non-commercial),Confident,"Reported,Operation counting"
all,Selfish-RNN (SNT-ASGD)RHNs,2021-01-22,Eindhoven University of Technology,Eindhoven University of Technology,Academia,Netherlands,Language,Language modeling,,7600000.0,,,,,,,43.0,,,Unreleased,No,Open (non-commercial),Confident,
all,Culturome,2021-01-31,,,,,,,,,700000000000.0,,,,,,,,,,,,Unknown,
all,CryoDRGN,2021-02-04,Massachusetts Institute of Technology (MIT),Massachusetts Institute of Technology (MIT),Academia,United States of America,Biology,Cryo-EM image reconstruction,,,,,,,,,,,,Unreleased,No,Open source,Unknown,
all,DLWP,2021-02-09,University of Washington,"University of Washington,Microsoft Research",Industry-academia collaboration,United States of America,Earth science,Weather forecasting,5.6845152e+18,2676376.0,,,168.0,7.0,278.6620974208019,1.0,,NVIDIA Tesla V100 DGXS 32 GB,NVIDIA V100,Unreleased,No,Unreleased,Confident,Hardware
all,top-down frozen classifier,2021-02-09,University of Edinburgh,"University of Edinburgh,Toshiba Cambridge Research Laboratory",Industry-academia collaboration,United Kingdom of Great Britain and Northern Ireland,Speech,Speech recognition (ASR),,,3408000.0,,,,,,2.0,,,Unreleased,No,Unreleased,Unknown,
all,MSA Transformer,2021-02-13,Facebook AI Research,"Facebook AI Research,University of California (UC) Berkeley,New York University (NYU)",Industry-academia collaboration,Multinational,Biology,"Proteins,Protein or nucleotide language model (pLM/nLM),Protein contact and distance prediction,Protein folding prediction",5.49e+21,100000000.0,1395000000000.0,13256.937301517895,,,16227.834954676886,32.0,644.0,NVIDIA Tesla V100 DGXS 32 GB,NVIDIA V100,Open weights (unrestricted),Yes,Unreleased,Likely,Operation counting
all,Rational DQN Average,2021-02-18,TU Darmstadt,TU Darmstadt,Academia,Germany,Games,Atari,,1683456.0,,,,,,,26.0,,,Unreleased,No,Open (non-commercial),,
all,Linear Transformer (large),2021-02-22,IDSIA,IDSIA,Academia,Switzerland,Language,"Language modeling,Translation",3.89e+18,90000000.0,103000000.0,,,,,,405.0,,,Unreleased,No,Open source,Confident,Operation counting
all,Linear Transformer (small),2021-02-22,IDSIA,"IDSIA,SUPSI",Academia,Switzerland,Language,"Language modeling,Translation",1.7304e+18,40000000.0,103000000.0,,,,1216.8437120592066,2.0,405.0,NVIDIA V100,NVIDIA V100,Unreleased,No,Open source,Confident,Operation counting
all,SRU++ Base,2021-02-24,ASAPP,ASAPP,Industry,United States of America,Language,Language modeling,2.592e+19,148000000.0,,,24.0,1.0,4867.158066309197,8.0,54.0,NVIDIA V100,NVIDIA V100,Unreleased,No,Unreleased,Confident,Hardware
all,SRU++ Large,2021-02-24,ASAPP,ASAPP,Industry,United States of America,Language,Language modeling,2.1173704e+19,234000000.0,103000000.0,,,,,,54.0,NVIDIA V100,NVIDIA V100,Open weights (unrestricted),Yes,Open source,Confident,"Operation counting,Hardware"
all,SRU++ Large only 2 attention layers (k=5) (WT103),2021-02-24,ASAPP,ASAPP,Industry,United States of America,Language,Language modeling,3.564e+19,225000000.0,,,33.0,1.375,4867.158066309197,8.0,54.0,NVIDIA V100,NVIDIA V100,Unreleased,No,Unreleased,Confident,Hardware
all,M6-100B,2021-03-01,Tsinghua University,"Tsinghua University,Alibaba",Industry-academia collaboration,China,Multimodal,"Image generation,Visual question answering",,100000000000.0,,,,,,,152.0,,,,,,,
all,M6-10B,2021-03-01,Tsinghua University,"Tsinghua University,Alibaba",Industry-academia collaboration,China,Multimodal,"Image generation,Visual question answering",,10000000000.0,,,,,,,152.0,,,,,,,
all,Meta Pseudo Labels,2021-03-01,Google Brain,"Google Brain,Google AI",Industry,United States of America,Vision,Image classification,4.79e+22,480000000.0,131280000.0,53844.28059190435,264.0,11.0,934390.3015161052,1024.0,766.0,Google TPU v3,Google TPU v3,Unreleased,No,Open source,Likely,Hardware
all,Wu Dao - Wen Hui,2021-03-01,Beijing Academy of Artificial Intelligence / BAAI,Beijing Academy of Artificial Intelligence / BAAI,Academia,China,Multimodal,"Language modeling/generation,Image generation,Video generation,Text-to-image,Question answering,Visual question answering",1.161216e+20,11300000000.0,,,60.0,2.5,38932.92922983772,64.0,,NVIDIA V100,NVIDIA V100,,,,Confident,Hardware
all,Wu Dao - Wen Lan,2021-03-01,Beijing Academy of Artificial Intelligence / BAAI,Beijing Academy of Artificial Intelligence / BAAI,Academia,China,Multimodal,Image captioning,7.1995392e+21,1000000000.0,,,168.0,7.0,103821.1446129006,128.0,,NVIDIA A100,NVIDIA A100 / A800,,,,Confident,Hardware
all,Wu Dao - Wen Su,2021-03-01,Beijing Academy of Artificial Intelligence / BAAI,Beijing Academy of Artificial Intelligence / BAAI,Academia,China,Biology,"Proteins,Protein or nucleotide language model (pLM/nLM),Protein folding prediction",,,,,,,,,,,,Open weights (non-commercial),Yes,,Unknown,
all,RFA-GATE-Gaussian-Stateful Big,2021-03-03,University of Washington,"University of Washington,DeepMind,Allen Institute for AI,Hebrew University of Jerusalem,The University of Hong Kong",Industry-academia collaboration,Multinational,Language,"Language modeling/generation,Translation",7.14e+18,242000000.0,103000000.0,,3.36,0.13999999999999999,14599.198216777892,16.0,430.0,Google TPU v3,Google TPU v3,Unreleased,No,Unreleased,Confident,Operation counting
all,ProteinGAN,2021-03-04,Vilnius University,"Vilnius University,Chalmers University of Technology",Academia,Multinational,Biology,"Proteins,Protein generation",4.3e+18,60000000.0,,,210.0,8.75,278.51940448398403,1.0,,NVIDIA P100,NVIDIA datacenter (pre-Volta),,,,Confident,Hardware
all,DCTransformer (ImageNet),2021-03-05,DeepMind,DeepMind,Industry,United Kingdom of Great Britain and Northern Ireland,Image generation,Image generation,4.428e+21,736000000.0,1000000000000.0,,,,116788.38401061652,128.0,,Google TPU v3,Google TPU v3,Unreleased,No,Unreleased,Confident,Operation counting
all,Generative BST,2021-03-05,Facebook AI Research,Facebook AI Research,Industry,Multinational,Language,"Language modeling/generation,Chat,Question answering",1.449e+22,9431810048.0,56800000000.0,,,,,,1123.0,,,Open weights (unrestricted),Yes,Open source,Confident,Operation counting
all,M6-T,2021-03-05,Alibaba,Alibaba,Industry,China,Multimodal,"Chat,Image captioning",5.5e+21,1002700000000.0,111800000000.0,13156.86123531961,,,243309.1333554511,480.0,76.0,NVIDIA Tesla V100 DGXS 32 GB,NVIDIA V100,Unreleased,No,Unreleased,Likely,Third-party estimation
all,AraELECTRA,2021-03-07,American University of Beirut,American University of Beirut,Academia,Lebanon,Language,"Language modeling/generation,Question answering",2.5587079e+20,136000000.0,,,576.0,24.0,7298.948907417686,8.0,,Google TPU v3,Google TPU v3,Open weights (unrestricted),Yes,Open source,Confident,"Operation counting,Hardware"
all,ResNet-RS,2021-03-13,Google Brain,"Google Brain,University of California (UC) Berkeley",Industry-academia collaboration,United States of America,Vision,Image classification,1.763328e+22,192000000.0,,,,,,,358.0,Google TPU v3,Google TPU v3,Open weights (unrestricted),Yes,Unreleased,Confident,Operation counting
all,Very Deep VAEs (ImageNet-64),2021-03-16,OpenAI,OpenAI,Industry,United States of America,Image generation,"Image generation,Image representation",1.8144e+21,125000000.0,,,420.0,17.5,19459.963111943263,32.0,,NVIDIA V100,NVIDIA V100,Open weights (unrestricted),Yes,Open source,Confident,Hardware
all,GLM-10B,2021-03-18,Tsinghua University,"Tsinghua University,Beijing Academy of Artificial Intelligence / BAAI,Massachusetts Institute of Technology (MIT),Shanghai Qi Zhi institute",Academia,Multinational,Language,Language modeling/generation,4.9397553e+21,10000000000.0,,,1791.0,74.625,38918.19281791449,64.0,1919.0,NVIDIA V100,NVIDIA V100,Open weights (unrestricted),Yes,Open source,Likely,"Hardware,Operation counting"
all,GLM-10B-bidirectional,2021-03-18,Tsinghua University,"Tsinghua University,Beijing Academy of Artificial Intelligence / BAAI,Massachusetts Institute of Technology (MIT)",Academia,Multinational,Language,Language modeling/generation,,10000000000.0,,,,,,,1919.0,,,Open weights (unrestricted),Yes,Open source,Confident,
all,GLM-10B-unidirectional,2021-03-18,Tsinghua University,"Tsinghua University,Beijing Academy of Artificial Intelligence / BAAI,Massachusetts Institute of Technology (MIT)",Academia,Multinational,Language,Language modeling/generation,,10000000000.0,,,,,,,1919.0,,,Open weights (unrestricted),Yes,Open source,Confident,
all,GLM-2B,2021-03-18,Tsinghua University,"Tsinghua University,Beijing Academy of Artificial Intelligence / BAAI,Massachusetts Institute of Technology (MIT)",Academia,Multinational,Language,Language modeling/generation,,2000000000.0,33000000000.0,,,,,,1919.0,,,Open weights (unrestricted),Yes,Open source,Confident,
all,U-Net GAN (FFHQ),2021-03-19,Bosch Center for Artificial Intelligence,"Bosch Center for Artificial Intelligence,Max Planck Institute for Informatics",Industry-academia collaboration,Germany,Image generation,Image generation,,,,,,,,,,,,Open weights (unrestricted),Yes,Open source,Unknown,
all,GPT-Neo-1.3B,2021-03-21,EleutherAI,EleutherAI,Research collective,United States of America,Language,Language modeling/generation,,1300000000.0,,,,,,,880.0,,,Open weights (unrestricted),Yes,Open source,Confident,
all,GPT-Neo-1.3B (finetuned),2021-03-21,EleutherAI,EleutherAI,Research collective,United States of America,Language,Language modeling/generation,,1300000000.0,,,,,,,880.0,,,Unreleased,No,Open source,Confident,
all,GPT-Neo-125M,2021-03-21,EleutherAI,EleutherAI,Research collective,United States of America,Language,Language modeling/generation,,125000000.0,,,,,,,880.0,,,Open weights (unrestricted),Yes,Open source,Confident,
all,GPT-Neo-125M (finetuned),2021-03-21,EleutherAI,EleutherAI,Research collective,United States of America,Language,Language modeling/generation,,125000000.0,,,,,,,,,,Unreleased,No,Open source,Confident,
all,GPT-Neo-2.7B,2021-03-21,EleutherAI,EleutherAI,Research collective,United States of America,Language,"Language modeling/generation,Question answering",7.9e+21,2700000000.0,420000000000.0,,,,,,880.0,,,Open weights (unrestricted),Yes,Open source,Confident,"Third-party estimation,Operation counting"
all,GPT-Neo-2.7B (finetuned on PTB),2021-03-21,EleutherAI,EleutherAI,Research collective,United States of America,Language,Language modeling/generation,,2700000000.0,,,,,,,880.0,,,Unreleased,No,Open source,Confident,
all,GPT-Neo-2.7B (finetuned),2021-03-21,EleutherAI,EleutherAI,Research collective,United States of America,Language,Language modeling/generation,,2700000000.0,,,,,,,880.0,,,Unreleased,No,Open source,Confident,
all,T2R + Pretrain,2021-03-24,University of Washington,"University of Washington,Microsoft,DeepMind",Industry-academia collaboration,Multinational,Language,Language modeling,1.372929105052406e+19,668893184.0,,,12.25,0.5104166666666666,4864.124132899583,8.0,94.0,NVIDIA V100,NVIDIA V100,Unreleased,No,Unreleased,Confident,"Operation counting,Hardware"
all,T2R + Random Init,2021-03-24,University of Washington,"University of Washington,Microsoft,DeepMind,Allen Institute for AI",Industry-academia collaboration,Multinational,Language,Language modeling,2.749544e+19,450000000.0,103000000.0,,,,4864.124132899583,8.0,94.0,NVIDIA V100,NVIDIA V100,Unreleased,No,Unreleased,Likely,"Operation counting,Hardware"
all,T2R 75% + Pretrain (WT-103),2021-03-24,University of Washington,"University of Washington,Microsoft,DeepMind",Industry-academia collaboration,Multinational,Language,Language modeling,1.3517515512289972e+19,668893184.0,,,11.8,0.4916666666666667,4864.124132899583,8.0,94.0,NVIDIA V100,NVIDIA V100,Unreleased,No,Unreleased,Confident,"Operation counting,Hardware"
all,Unicorn,2021-03-24,Allen Institute for AI,Allen Institute for AI,Research collective,United States of America,Language,"Question answering,Language modeling/generation",,11000000000.0,,,3.0,0.125,,,,,,Open weights (unrestricted),Yes,Open source,Confident,Hardware
all,GraphMS,2021-04-04,Dalian University of Technology,"Dalian University of Technology,Dongbei University of Technology,Baidu,China National Health Development Research Center",Industry-academia collaboration,China,Biology,Protein-ligand contact prediction,,,963423.0,,,,,,14.0,,,Unreleased,No,Unreleased,Likely,
all,TransfoRNN(d=1024)(2-layer) (PTB),2021-04-04,Lenovo Research,Lenovo Research,Industry,China,Language,Language modeling,,97600000.0,,,,,,,,,,Unreleased,No,Unreleased,Confident,
all,TransfoRNN(d=1024)(2-layer) (WT2),2021-04-04,Lenovo Research,Lenovo Research,Industry,China,Language,Language modeling,,97600000.0,,,,,,,,,,Unreleased,No,Unreleased,,
all,Transformer-C,2021-04-08,University of Massachusetts Amherst,University of Massachusetts Amherst,Academia,United States of America,Language,Language modeling,1.8877734e+18,148000000.0,103000000.0,,40.0,1.6666666666666667,2026.0414956053005,4.0,16.0,NVIDIA GeForce GTX 1080 Ti,NVIDIA consumer / workstation GPU,Unreleased,No,Open source,Confident,"Operation counting,Hardware"
all,Megatron-LM (1T),2021-04-09,Microsoft Research,"Microsoft Research,NVIDIA,Stanford University",Industry-academia collaboration,United States of America,Language,Text autocompletion,,1000000000000.0,,,,,,,1172.0,NVIDIA A100,NVIDIA A100 / A800,Unreleased,No,Open source,Confident,
all,DLRM-12T,2021-04-12,Meta AI,"Meta AI,Carnegie Mellon University (CMU)",Industry-academia collaboration,United States of America,Recommendation,Recommender system,,12000000000000.0,,,,,,,197.0,NVIDIA A100,NVIDIA A100 / A800,Unreleased,No,Unreleased,Confident,
all,PLUG,2021-04-19,Alibaba,Alibaba,Industry,China,Language,Language modeling/generation,3.5997696e+22,27000000000.0,60000000000.0,108672.69136370042,840.0,35.0,103707.91685199105,128.0,,NVIDIA A100,NVIDIA A100 / A800,Hosted access (no API),No,Unreleased,Confident,Hardware
all,DiffQ Transformer (16L),2021-04-20,Meta AI,Meta AI,Industry,United States of America,Language,Language modeling,3.02e+19,247000000.0,103000000.0,,,,,,63.0,NVIDIA V100,NVIDIA V100,Unreleased,No,Open (non-commercial),Confident,Operation counting
all,PanGu-α,2021-04-25,Huawei Noah's Ark Lab,Huawei Noah's Ark Lab,Industry,China,Language,"Language modeling/generation,Text summarization,Question answering",5.112e+22,207000000000.0,,,,,1285806.3528918722,2048.0,234.0,Huawei Ascend 910,Huawei Ascend,Unreleased,No,,Likely,"Operation counting,Third-party estimation"
all,SPALM + kNN,2021-04-26,DeepMind,DeepMind,Industry,United Kingdom of Great Britain and Northern Ireland,Language,Language modeling/generation,,,,,,,,,105.0,,,Unreleased,No,Unreleased,Unknown,
all,ViT + DINO,2021-04-29,INRIA,"INRIA,Facebook AI Research",Industry-academia collaboration,Multinational,Vision,Image classification,2.1e+20,85000000.0,1280000.0,380.2849049080349,,,,,9037.0,NVIDIA V100,NVIDIA V100,Open weights (unrestricted),Yes,Open source,Confident,Hardware
all,GPT-J-6B,2021-05-01,EleutherAI,"EleutherAI,LAION",Research collective,Multinational,Language,"Language modeling/generation,Question answering,Automated theorem proving,Code generation",1.5e+22,6053381344.0,400000000000.0,,840.0,35.0,,,,Google TPU v3,Google TPU v3,Open weights (unrestricted),Yes,Unreleased,Confident,Reported
all,Transformer-XL + SIS,2021-05-03,INRIA,INRIA,Academia,France,Language,Language modeling,3.7848651e+20,246000000.0,,,,,,,15.0,,,Unreleased,No,Unreleased,Speculative,Comparison with other models
all,ProtBERT-BFD,2021-05-04,Technical University of Munich,"Technical University of Munich,NVIDIA,Seoul National University,Google,Oak Ridge National Laboratory,Med AI Technology",Industry-academia collaboration,Multinational,Biology,"Proteins,Protein or nucleotide language model (pLM/nLM)",3.9e+22,420000000.0,58950000000.0,45350.73595674403,,,933059.519872234,1024.0,,Google TPU v3,Google TPU v3,Open weights (unrestricted),Yes,Unreleased,Confident,Operation counting
all,ProtBERT-UniRef,2021-05-04,Technical University of Munich,"Technical University of Munich,NVIDIA,Seoul National University,Google,Oak Ridge National Laboratory,Med AI Technology",Industry-academia collaboration,Multinational,Biology,"Proteins,Protein or nucleotide language model (pLM/nLM)",7.27e+21,420000000.0,,,,,466529.759936117,512.0,5.0,Google TPU v3,Google TPU v3,,,,Confident,
all,ProtT5-XL-U50,2021-05-04,Technical University of Munich,"Technical University of Munich,Med AI Technology,NVIDIA,Oak Ridge National Laboratory,Google,Seoul National University",Industry-academia collaboration,Multinational,Biology,"Proteins,Protein or nucleotide language model (pLM/nLM),Protein contact and distance prediction",1.8704498688e+22,3000000000.0,19582371375.0,,,,,256.0,,,,Open weights (non-commercial),Yes,Unreleased,Confident,Operation counting
all,ProtT5-XXL,2021-05-04,Technical University of Munich,"Technical University of Munich,Med AI Technology,NVIDIA,Oak Ridge National Laboratory,Google,Seoul National University",Industry-academia collaboration,Multinational,Biology,"Proteins,Protein or nucleotide language model (pLM/nLM),Protein representation learning",7.37e+22,11000000000.0,61050000000.0,85701.26256441118,,,466529.759936117,512.0,396.0,Google TPU v3,Google TPU v3,Open weights (unrestricted),Yes,Unreleased,Confident,"Third-party estimation,Operation counting"
all,ProtT5-XXL-BFD,2021-05-04,Technical University of Munich,"Technical University of Munich,Med AI Technology,NVIDIA,Oak Ridge National Laboratory,Google,Seoul National University",Industry-academia collaboration,Multinational,Biology,"Proteins,Protein or nucleotide language model (pLM/nLM),Protein representation learning",3.7e+22,11000000000.0,393000000000.0,43025.05718973151,,,466529.759936117,512.0,,Google TPU v3,Google TPU v3,Open weights (unrestricted),Yes,Unreleased,Confident,Operation counting
all,ADM,2021-05-11,OpenAI,OpenAI,Industry,United States of America,Image generation,"Image generation,Text-to-image",6.2e+21,559000000.0,130191200000000.0,11274.484326547095,,,,,11766.0,NVIDIA V100,NVIDIA V100,Open weights (non-commercial),Yes,Open source,Confident,Hardware
all,Fairseq + UID: variance,2021-05-15,Google AI,"Google AI,ETH Zurich,University of Cambridge",Industry-academia collaboration,Multinational,Language,Language modeling/generation,,,,,,,,,23.0,,,Unreleased,No,Unreleased,Unknown,
all,Multitask Unified Model (MUM),2021-05-18,Google,Google,Industry,United States of America,Multimodal,"Language modeling/generation,Image captioning,Question answering,Visual question answering,Translation,Character recognition (OCR),Search",,,,,,,,,,,,Unreleased,No,Unreleased,Unknown,
all,MedBERT,2021-05-20,Peng Cheng Laboratory,"Peng Cheng Laboratory,University of Texas at Houston",Academia,Multinational,Medicine,"Medical diagnosis,Text classification,Prediction of hospital stay duration,Prediction of diabetic heart failure (DHF),Prediction of onset of pancreatic cancer (PaCa)",9.47e+18,17000000.0,14587212800.0,62.48645493610712,168.0,7.0,278.0422249147422,1.0,835.0,NVIDIA Tesla V100 DGXS 32 GB,NVIDIA V100,Unreleased,No,Open source,Likely,Hardware
all,ConSERT,2021-05-25,Meituan University,"Meituan University,Beijing University of Posts and Telecommunications",Academia,China,Language,Language modeling,2.8e+20,340000000.0,,957.274379475876,0.1,0.004166666666666667,,,633.0,NVIDIA Tesla V100S PCIe 32 GB,NVIDIA Tesla V100S PCIe 32 GB,Open weights (unrestricted),Yes,Open source,Confident,Hardware
all,CogView,2021-05-26,Tsinghua University,"Tsinghua University,Alibaba DAMO Academy",Industry-academia collaboration,China,Image generation,"Text-to-image,Image generation",2.68e+22,4000000000.0,964800000000.0,60071.706664791694,,,259056.25043301377,512.0,979.0,NVIDIA Tesla V100 DGXS 16 GB,NVIDIA V100,Open weights (unrestricted),Yes,Open source,Likely,Third-party estimation
all,DeepFRI,2021-05-26,Flatiron Institute,"Flatiron Institute,University of California San Diego,Jagiellonian University,New York University (NYU),Broad Institute,University of Auckland,Massachusettes General Hospital,Harvard Medical School,Massachusetts Institute of Technology (MIT)",Industry-academia collaboration,Multinational,Biology,Protein function prediction,,,,,,,,,786.0,,,Open weights (unrestricted),Yes,Open source,Confident,
all,Transformer local-attention (NesT-B),2021-05-26,Google Cloud,"Google Cloud,Google Research",Industry,United States of America,Vision,"Image classification,Image generation",2.40576e+19,90100000.0,1280000.0,,,,,,5734.0,,,Open weights (unrestricted),Yes,Open source,Confident,Operation counting
all,ByT5-XXL,2021-05-28,Google,"Google,Google Research",Industry,United States of America,Language,Language modeling,8.1e+22,12900000000.0,1048576000000.0,92453.37635669748,,,,,688.0,Google TPU v3,Google TPU v3,Open weights (unrestricted),Yes,Open source,Likely,Operation counting
all,CODA,2021-05-31,The University of Hong Kong,"The University of Hong Kong,Sun Yat-sen University,Shanghai AI Lab",Academia,Multinational,Language,"Language modeling,Translation",,246930000.0,103000000.0,,,,,,3.0,,,Unreleased,No,Open source,Confident,
all,Wu Dao 2.0,2021-05-31,Beijing Academy of Artificial Intelligence / BAAI,Beijing Academy of Artificial Intelligence / BAAI,Academia,China,Multimodal,"Image captioning,Chat,Image generation,Text-to-image,Language modeling/generation,Question answering,Visual question answering",1.54350000000001e+24,1750000000000.0,4900000000000.0,2870839.8244998017,,,,,,,,API access,No,,Speculative,Operation counting
all,GPT2-Large+LHOPT,2021-06-02,OpenAI,OpenAI,Industry,United States of America,Language,Language modeling/generation,4.9540697e+21,760000000.0,103000000.0,,,,,,35.0,,,Unreleased,No,Unreleased,Speculative,Operation counting
all,AFP+FPI (PTB),2021-06-04,University of Sheffield,University of Sheffield,Academia,United Kingdom of Great Britain and Northern Ireland,Language,Language modeling,223363710000000.0,2040000.0,912344.0,,,,,,4.0,,,Unreleased,No,Unreleased,Likely,Operation counting
all,AFP+FPI (WT2),2021-06-04,University of Sheffield,University of Sheffield,Academia,United Kingdom of Great Britain and Northern Ireland,Language,Language modeling,6528000000000000.0,13600000.0,,,,,,,4.0,,,Unreleased,No,Unreleased,Confident,
all,ViT-G/14,2021-06-08,Google Brain,"Google Brain,Google Research",Industry,United States of America,Vision,Image classification,5.85e+22,1843000000.0,3000000000.0,3847.8613922131217,,,1864665.1010174437,2048.0,1393.0,Google TPU v3,Google TPU v3,Unreleased,No,Open source,Confident,"Hardware,Operation counting"
all,CoAtNet,2021-06-09,Google,"Google,Google Research,Google Brain",Industry,United States of America,Vision,Image classification,4.27e+22,2440000000.0,88779000000000.0,1887.1635925610951,,,,,1589.0,Google TPU v3,Google TPU v3,Unreleased,No,Unreleased,Confident,Hardware
all,EMDR,2021-06-09,Mila - Quebec AI (originally Montreal Institute for Learning Algorithms),"Mila - Quebec AI (originally Montreal Institute for Learning Algorithms),McGill University,DeepMind",Industry-academia collaboration,Multinational,Language,Question answering,1.91e+21,440000000.0,171600000000.0,2773.312430781674,355.0,14.791666666666666,,,191.0,NVIDIA A100,NVIDIA A100 / A800,Open weights (unrestricted),Yes,Open source,Confident,"Hardware,Operation counting"
all,DeBERTa,2021-06-10,Microsoft,Microsoft,Industry,United States of America,Language,"Language modeling/generation,Question answering",2.588e+22,1500000000.0,20800000000.0,6682.2289986716,720.0,30.0,155381.83775233384,256.0,3764.0,NVIDIA V100,NVIDIA V100,Open weights (unrestricted),Yes,Open source,Confident,Hardware
all,ALIGN,2021-06-11,Google Research,Google Research,Industry,United States of America,Multimodal,"Representation learning,Image classification,Image representation",2.598670000001e+22,820000000.0,1800000000.0,32852.91660437908,347.3,14.470833333333333,466135.13260508416,512.0,5463.0,Google TPU v3,Google TPU v3,Unreleased,No,Unreleased,Confident,Hardware
all,Delta RNN (+ full context),2021-06-11,IDSIA,"IDSIA,SUPSI,King Abdullah University of Science and Technology (KAUST)",Academia,Multinational,Language,Language modeling,1.1e+18,44600000.0,103000000.0,,,,,,77.0,,,Unreleased,No,Open source,Speculative,Operation counting
all,Denoising Diffusion Probabilistic Models (LSUN Bedroom),2021-06-11,University of California (UC) Berkeley,University of California (UC) Berkeley,Academia,United States of America,Vision,Image generation,7.840125000000001e+19,256000000.0,596320321536.0,436.308484475363,,,,,30642.0,Google TPU v3,Google TPU v3,Open weights (unrestricted),Yes,Open source,Confident,Hardware
all,StyleGAN3-R,2021-06-21,NVIDIA,"NVIDIA,Aalto University",Industry-academia collaboration,Multinational,Image generation,Image generation,2.42784e+21,1580000.0,50000000.0,,2248.0,93.66666666666667,4854.493112492733,8.0,2031.0,NVIDIA V100,NVIDIA V100,Open weights (non-commercial),Yes,Open (non-commercial),Confident,Hardware
all,StyleGAN3-T,2021-06-21,NVIDIA,"NVIDIA,Aalto University",Industry-academia collaboration,Multinational,Image generation,Image generation,1.70208e+21,2230000.0,50000000.0,,1576.0,65.66666666666667,4854.493112492733,8.0,2031.0,NVIDIA V100,NVIDIA V100,Open weights (non-commercial),Yes,Open (non-commercial),Confident,Hardware
all,EfficientNetV2-XL,2021-06-23,Google,"Google,Google Brain",Industry,United States of America,Vision,"Image classification,Neural Architecture Search - NAS",9.56e+19,208000000.0,,104.34013401561587,45.0,1.875,14562.830712865913,16.0,4324.0,Google TPU v3,Google TPU v3,Open weights (unrestricted),Yes,Open source,Confident,Hardware
all,CPM-2,2021-06-24,Tsinghua University,"Tsinghua University,Beijing Academy of Artificial Intelligence / BAAI",Academia,China,Language,Language generation,3.600000000001e+22,11000000000.0,69615000000.0,,,,,,101.0,,,,,,Likely,Operation counting
all,Fold2Seq,2021-06-24,IBM,"IBM,Texas A&M",Industry-academia collaboration,United States of America,Biology,"Proteins,Protein generation,Protein inverse folding,Protein fold classification",1.4e+17,12427904.0,45995.0,,,,1213.542200949413,2.0,56.0,NVIDIA Tesla K80,NVIDIA datacenter (pre-Volta),Unreleased,No,Open source,Speculative,Operation counting
all,Adaptive Input Transformer + RD,2021-06-28,Microsoft Research Asia,"Microsoft Research Asia,Soochow University",Industry-academia collaboration,Multinational,Language,Language modeling,8.58e+19,247000000.00000003,103000000.0,,79.4,3.3083333333333336,4853.736425906205,8.0,538.0,NVIDIA V100,NVIDIA V100,Unreleased,No,Open source,Likely,Hardware
all,DEQ-Transformer (Post-LN) + Jacobian Regularisation,2021-06-28,Carnegie Mellon University (CMU),"Carnegie Mellon University (CMU),Intel Labs",Industry-academia collaboration,United States of America,Language,Language modeling,2.9e+19,98000000.0,,,250.0,10.416666666666666,2022.3901774609187,4.0,81.0,NVIDIA GeForce RTX 2080 Ti 11GB,NVIDIA consumer / workstation GPU,Open weights (unrestricted),Yes,Open source,Likely,"Operation counting,Hardware"
all,GemNet-T (OC20),2021-07-01,Technical University of Munich,Technical University of Munich,Academia,Germany,Materials science,"Molecular simulation,Molecular property prediction,Molecular representation learning,Atomistic simulations",7.34832e+17,1900000.0,,,60.0,2.5,277.78228982155673,1.0,,NVIDIA GeForce GTX 1080 Ti,NVIDIA consumer / workstation GPU,Open weights (restricted use),Yes,Open (restricted use),Likely,Hardware
all,ERNIE 3.0,2021-07-05,Baidu,Baidu,Industry,China,Language,"Language modeling,Language modeling/generation,Text classification,Question answering",2.25e+22,10000000000.0,375000000000.0,39104.26710360624,,,232943.03314881725,384.0,590.0,NVIDIA V100,NVIDIA V100,Open weights (unrestricted),Yes,Open source,Confident,Operation counting
all,Codex,2021-07-07,OpenAI,OpenAI,Industry,United States of America,Language,Code autocompletion,7.344e+22,12000000000.0,52788000000.0,,,,,,9577.0,,,API access,No,Unreleased,Likely,
all,FNetAR Medium,2021-07-22,X-Mechanics,X-Mechanics,Research collective,United States of America,Language,Language modeling,,34300000.0,,,,,,,4.0,,,Unreleased,No,Unreleased,,
all,GOAT,2021-07-27,DeepMind,DeepMind,Industry,United Kingdom of Great Britain and Northern Ireland,Games,Open ended play,2.412e+22,3472816.0,798720000000000.0,84799.78517435073,,,,,228.0,Google TPU v3,Google TPU v3,Unreleased,No,Unreleased,Speculative,Hardware
all,HuBERT,2021-07-27,Facebook AI Research,Facebook AI Research,Industry,Multinational,Speech,Speech recognition (ASR),5.54e+21,1000000000.0,864000000.0,,,,,,4518.0,,,Open weights (unrestricted),Yes,Open source,Speculative,Hardware
all,SEER,2021-07-29,Facebook AI Research,"Facebook AI Research,INRIA",Industry-academia collaboration,Multinational,Vision,"Image embedding,Image classification",1.8e+22,1300000000.0,1000000000.0,34114.252463690456,195.5,8.145833333333334,310424.75538121304,512.0,301.0,NVIDIA V100,NVIDIA V100,Open weights (non-commercial),Yes,Open (non-commercial),Confident,Hardware
all,6-Act Tether,2021-08-03,Facebook AI Research,"Facebook AI Research,Georgia Institute of Technology",Industry-academia collaboration,Multinational,Robotics,Object detection,,5000000.0,125000000.0,,,,,,140.0,,,Open weights (unrestricted),Yes,Open source,Confident,
all,FMMformer (2-kernel fast weight + Band20),2021-08-05,University of California Los Angeles (UCLA),"University of California Los Angeles (UCLA),University of Utah",Academia,United States of America,Language,"Language modeling,Text classification",2.472e+16,40000000.0,,,,,3637.223067232183,4.0,38.0,NVIDIA GeForce RTX 3090 Ti,NVIDIA consumer / workstation GPU,Unreleased,No,Unreleased,Speculative,Operation counting
all,YOLOX-X,2021-08-06,Megvii Inc,Megvii Inc,Industry,China,Vision,Object detection,6.34275e+20,99100000.0,2500000.0,,,,4849.522759284234,8.0,5755.0,NVIDIA V100,NVIDIA V100,Open weights (unrestricted),Yes,Open source,Likely,Operation counting
all,W2v-BERT,2021-08-07,Google Brain,"Google Brain,Massachusetts Institute of Technology (MIT)",Industry-academia collaboration,United States of America,Speech,Speech recognition (ASR),,1000000000.0,,,,,,,534.0,,,Unreleased,No,Unreleased,Confident,
all,Jurassic-1-Jumbo,2021-08-11,AI21 Labs,AI21 Labs,Industry,Israel,Language,"Language modeling/generation,Chat",3.7e+23,178000000000.0,300000000000.0,836700.050829598,,,,,55.0,NVIDIA A100,NVIDIA A100 / A800,API access,No,Unreleased,Confident,Third-party estimation
all,Zidong Taichu,2021-08-11,Chinese Academy of Sciences,"Chinese Academy of Sciences,Wuhan AI Computing Center",Industry-academia collaboration,China,Multimodal,"Language modeling/generation,Speech recognition (ASR),Image captioning",8.016e+20,3200000000.0,,,,,,,,,,Open weights (unrestricted),Yes,Unreleased,Confident,Operation counting
all,"GPT-2 (1.5B, Curriculum Learning 45K)",2021-08-13,Microsoft,Microsoft,Industry,United States of America,Language,Language modeling/generation,2.3811e+21,1500000000.0,157000000000.0,,155.0,6.458333333333333,77580.26955910088,128.0,55.0,NVIDIA V100,NVIDIA V100,Unreleased,No,Unreleased,Likely,"Comparison with other models,Hardware,Operation counting"
all,"GPT-2 (117M, SLW 110K)",2021-08-13,Microsoft,Microsoft,Industry,United States of America,Language,Language modeling/generation,1.10214e+20,117000000.0,,,,,77580.26955910088,128.0,55.0,NVIDIA V100,NVIDIA V100,Unreleased,No,Unreleased,Confident,Operation counting
all,DNABERT,2021-08-15,Northeastern University,Northeastern University,Academia,United States of America,Biology,Protein or nucleotide language model (pLM/nLM),1.07e+20,110000000.0,1444128539.3656242,,600.0,25.0,,,958.0,NVIDIA GeForce RTX 2080 Ti 11GB,NVIDIA consumer / workstation GPU,Open weights (unrestricted),Yes,Open source,Confident,"Hardware,Operation counting"
all,ProteinLM,2021-08-17,Tsinghua University,"Tsinghua University,Beijing Academy of Artificial Intelligence / BAAI,Tencent",Industry-academia collaboration,China,Biology,"Proteins,Protein or nucleotide language model (pLM/nLM)",1.6e+22,3000000000.0,,,252.0,10.5,29090.009704341683,48.0,40.0,NVIDIA V100,NVIDIA V100,Open weights (unrestricted),Yes,Open source,Confident,Hardware
all,XLMR-XXL,2021-08-17,Facebook AI Research,Facebook AI Research,Industry,Multinational,Language,"Translation,Language modeling/generation",3.366e+22,10700000000.0,167000000000.0,,,,,,159.0,,,Open weights (unrestricted),Yes,Unreleased,Confident,Operation counting
all,Speechmatics Standard,2021-08-23,Speechmatics,Speechmatics,Industry,United Kingdom of Great Britain and Northern Ireland,Speech,"Speech-to-text,Speech recognition (ASR)",,,,,,,,,,,,API access,No,Unreleased,Unknown,
all,"ALiBi (L=3072, Lvalid = 3072)",2021-08-27,University of Washington,"University of Washington,Facebook AI Research,Allen Institute for AI",Industry-academia collaboration,Multinational,Language,Language modeling,8.1e+20,1300000000.0,,,,,,,1194.0,,,Open weights (unrestricted),Yes,Open source,Confident,Hardware
all,$\infty$-former (SM),2021-09-01,Universidade de Lisboa (ULisboa),"Universidade de Lisboa (ULisboa),DeepMind",Industry-academia collaboration,Multinational,Language,Language modeling/generation,1.2e+22,124000000.0,200000000.0,,,,277.3990201821971,1.0,31.0,NVIDIA GeForce RTX 2080 Ti 11GB,NVIDIA consumer / workstation GPU,Unreleased,No,Open (non-commercial),Speculative,Operation counting
all,HJRSS,2021-09-01,University of Washington,"University of Washington,Microsoft",Industry-academia collaboration,United States of America,Biology,Protein design,,16000000.0,,,,,332.8788242186365,1.0,21.0,NVIDIA V100,NVIDIA V100,,,,Confident,
all,FLAN 137B,2021-09-03,Google Research,Google Research,Industry,United States of America,Language,"Language modeling,Question answering,Language modeling/generation",2.047e+24,137000000000.0,2490000000000.0,,,,,,5011.0,Google TPU v3,Google TPU v3,Unreleased,No,Unreleased,Confident,Operation counting
all,PLUS-RNN,2021-09-03,Seoul National University,"Seoul National University,LG AI Research,NAVER,Kangwon National University",Industry-academia collaboration,Korea (Republic of),Biology,Protein or nucleotide language model (pLM/nLM),,,,,,,,,69.0,,,,,,Confident,
all,MEB,2021-09-04,Microsoft,Microsoft,Industry,United States of America,Search,Search,,135000000000.0,500000000000.0,,,,,,26.0,,,Hosted access (no API),No,Unreleased,Confident,
all,RNS-RNN,2021-09-05,University of Notre Dame,University of Notre Dame,Academia,United States of America,Language,Language modeling,,5751892.0,,,,,,,19.0,,,Unreleased,No,Open (non-commercial),Confident,
all,PermuteFormer,2021-09-06,Peking University,Peking University,Academia,China,Language,Language modeling,2.775e+18,149697024.0,103000000.0,,,,4846.17604411253,8.0,23.0,NVIDIA V100,NVIDIA V100,Unreleased,No,Open source,Speculative,Operation counting
all,Speechmatics Enhanced,2021-09-07,Speechmatics,Speechmatics,Industry,United Kingdom of Great Britain and Northern Ireland,Speech,"Speech-to-text,Speech recognition (ASR)",,,,,,,,,,,,API access,No,Unreleased,Unknown,
all,NLM,2021-09-09,Carnegie Mellon University (CMU),"Carnegie Mellon University (CMU),University of California San Diego",Academia,United States of America,Language,Language modeling,2.783e+19,247000512.0,,,,,388.2894463979599,1.0,123.0,NVIDIA GeForce RTX 3090,NVIDIA consumer / workstation GPU,Unreleased,No,Open source,Confident,Operation counting
all,HyperCLOVA 204B,2021-09-10,NAVER,NAVER,Industry,Korea (Republic of),Language,Language modeling/generation,2.0000000001e+23,204000000000.0,560000000000.0,441770.0038182093,,,,,92.0,NVIDIA A100,NVIDIA A100 / A800,Hosted access (no API),No,Unreleased,Speculative,
all,HyperCLOVA 82B,2021-09-10,NAVER,"NAVER,Search Solutions",Industry,Korea (Republic of),Language,"Language modeling/generation,Chat,Translation,Text classification",1.476e+23,82000000000.0,300000000000.0,586408.7810520589,643.2,26.8,827007.0405400413,1024.0,131.0,NVIDIA A100,NVIDIA A100 / A800,API access,No,Unreleased,Confident,"Operation counting,Hardware"
all,MegaMolBART,2021-09-14,NVIDIA,NVIDIA,Industry,United States of America,Biology,Drug discovery,7.2e+20,45000000.0,,,80.0,3.3333333333333335,,,,NVIDIA V100,NVIDIA V100,Open weights (unrestricted),Yes,Open source,Likely,Hardware
all,DLRM-2022,2021-09-15,Facebook,Facebook,Industry,United States of America,Recommendation,Recommender system,1.1e+21,3000000000000.0,,,,,,,197.0,"NVIDIA Tesla V100 DGXS 32 GB,NVIDIA A100",NVIDIA A100 / A800,Unreleased,No,Unreleased,Confident,Reported
all,PLATO-XL,2021-09-20,Baidu,Baidu,Industry,China,Language,Language modeling,9.9e+21,11000000000.0,150000000000.0,,,,155029.29220816068,256.0,69.0,NVIDIA V100,NVIDIA V100,Open weights (unrestricted),Yes,Unreleased,Confident,Operation counting
all,LM-GVP,2021-09-21,Amazon Machine Learning Solutions Lab,"Amazon Machine Learning Solutions Lab,Johnson & Johnson",Industry,United States of America,Biology,Protein property prediction,,,,,,,4844.557495054221,8.0,11.0,NVIDIA V100,NVIDIA V100,Open weights (non-commercial),Yes,Open (non-commercial),Unknown,Hardware
all,TrOCR,2021-09-21,Beihang University,"Beihang University,Microsoft Research Asia",Industry-academia collaboration,China,Vision,Character recognition (OCR),,558000000.0,,,,,19378.229980216885,32.0,616.0,NVIDIA V100,NVIDIA V100,Open weights (unrestricted),Yes,Open source,Confident,
all,Turing ULRv5,2021-09-28,Microsoft,Microsoft,Industry,United States of America,Language,"Language modeling/generation,Question answering,Translation",2.8983951e+22,2200000000.0,,,336.0,14.0,206668.900572444,256.0,,NVIDIA A100,NVIDIA A100 / A800,Hosted access (no API),No,Unreleased,Confident,Hardware
all,AlphaFold-Multimer,2021-10-04,Google DeepMind,"Google DeepMind,DeepMind",Industry,Multinational,Biology,"Protein folding prediction,Proteins",4.35e+21,,56573952.0,7966.2330131223,384.0,16.0,58117.86227766231,64.0,2694.0,Google TPU v3,Google TPU v3,Open weights (unrestricted),Yes,Unreleased,Confident,Hardware
all,M6-10T,2021-10-08,Alibaba,Alibaba,Industry,China,Multimodal,Language modeling/generation,5.53e+21,10000000000000.0,,,,,,,47.0,,,Unreleased,No,Unreleased,Confident,Hardware
all,Megatron-Turing NLG 530B,2021-10-11,Microsoft,"Microsoft,NVIDIA",Industry,United States of America,Language,"Language modeling,Language modeling/generation,Question answering",8.586e+23,530000000000.0,270000000000.0,3848505.6256471737,770.0,32.083333333333336,3615658.868639838,4480.0,847.0,NVIDIA A100 SXM4 80 GB,NVIDIA A100 / A800,Unreleased,No,Unreleased,Confident,Third-party estimation
all,TOME,2021-10-12,University of Southern California,"University of Southern California,Google",Industry-academia collaboration,United States of America,Language,Question answering,1.03809024e+21,220000000.0,,,,,,,55.0,,,Unreleased,No,Open source,Likely,Operation counting
all,Yuan 1.0,2021-10-12,Inspur,Inspur,Industry,China,Language,Language modeling,3.5380000000001e+23,245730000000.0,180000000000.0,591664.5798708292,,,,2128.0,69.0,,,API access,No,Unreleased,Confident,Reported
all,KnGPT2,2021-10-15,Huawei Noah's Ark Lab,"Huawei Noah's Ark Lab,McGill University",Industry-academia collaboration,Multinational,Language,Language modeling/generation,7.9402496e+20,83000000.0,853333333.0,,6.5,0.2708333333333333,,,42.0,,,Unreleased,No,Unreleased,Speculative,Operation counting
all,T0-XXL,2021-10-15,Hugging Face,"Hugging Face,Brown University",Industry-academia collaboration,United States of America,Language,Language modeling,9.1819e+20,11000000000.0,,11671.840843653788,27.0,1.125,232414.50916190376,256.0,1988.0,Google TPU v3,Google TPU v3,Open weights (unrestricted),Yes,Open source,Confident,Hardware
all,GPT-2 (fine-tuned with HYDRA),2021-10-16,University of California San Diego,University of California San Diego,Academia,United States of America,Language,Language modeling/generation,1.92e+21,1540000000.0,,,,,,,6.0,,,Unreleased,No,Unreleased,Confident,Operation counting
all,MGK 4 heads (medium),2021-10-16,FPT Software AI Center,"FPT Software AI Center,University of California Los Angeles (UCLA),VinUniversity,Deezer Research,Rice University,University of Texas at Austin",Industry-academia collaboration,Multinational,Language,Language modeling,8.8992e+18,90000000.0,,,,,1613.9537048231884,2.0,39.0,NVIDIA A100,NVIDIA A100 / A800,Unreleased,No,Open source,Confident,Operation counting
all,MGK 8 heads (small),2021-10-16,FPT Software AI Center,"FPT Software AI Center,University of California Los Angeles (UCLA),VinUniversity,Deezer Research,Rice University,University of Texas at Austin",Industry-academia collaboration,Multinational,Language,Language modeling,2.9664e+18,40000000.0,,,,,1613.9537048231884,2.0,39.0,NVIDIA A100,NVIDIA A100 / A800,Unreleased,No,Open source,Confident,
all,PAGnol-XL,2021-10-16,LightOn,"LightOn,Laboratoire de Physique de l'Ecole Normale (LPENS),INRIA",Industry-academia collaboration,France,Language,"Language modeling,Language modeling/generation,Translation",2.592e+20,1500000000.0,,,,,,,10.0,NVIDIA Tesla V100 SXM2,NVIDIA V100,API access,No,,Confident,Reported
all,base LM+GNN (WT103),2021-10-17,Shannon.AI,"Shannon.AI,Nanjing University,Nanyang Technological University,Zhejiang University (ZJU)",Industry-academia collaboration,Multinational,Language,Language modeling,,247000000.0,,,,,,,46.0,,,Unreleased,No,Open source,Confident,
all,base LM+GNN+kNN,2021-10-17,Shannon.AI,"Shannon.AI,Nanjing University,Nanyang Technological University,Zhejiang University (ZJU)",Industry-academia collaboration,Multinational,Language,Language modeling,5.2587456e+19,274000000.0,103000000.0,,,,,,46.0,,,Open weights (unrestricted),Yes,Open source,Confident,Operation counting
all,WD+LR+M,2021-10-20,University of Cambridge,"University of Cambridge,Alan Turing Institute",Industry-academia collaboration,United Kingdom of Great Britain and Northern Ireland,Language,Language modeling,,,,,,,,,9.0,,,Unreleased,No,Open (non-commercial),Unknown,
all,Cloob,2021-10-21,Johannes Kepler University,"Johannes Kepler University,HERE Technologies,Institute of Advanced Research in Artificial Intelligence",Academia,Multinational,Multimodal,Image captioning,,,15000000.0,,,,,,127.0,,,,,,,
all,PMLM-large,2021-10-21,Microsoft Research Asia,"Microsoft Research Asia,Nanyang Technological University,Xi’an Jiaotong University,Sun Yat-sen University",Industry-academia collaboration,Multinational,Biology,Protein or nucleotide language model (pLM/nLM),3.81e+21,250000000.0,,,1176.0,49.0,14523.966055408006,24.0,36.0,NVIDIA V100,NVIDIA V100,,,,Confident,Hardware
all,DALL-E mini,2021-10-26,Craiyon,Craiyon,Industry,United States of America,Vision,Text-to-image,3.8e+19,,4352000000.0,,72.0,3.0,3630.5872368693063,4.0,,Google TPU v3,Google TPU v3,Open weights (unrestricted),Yes,Open source,Likely,Hardware
all,Eve,2021-10-27,Harvard Medical School,"Harvard Medical School,University of Oxford",Academia,Multinational,Biology,"Protein pathogenicity prediction,Proteins",,15010300.0,24167054120.0,,,,,,631.0,,,Unreleased,No,Open source,Likely,
all,Scatterbrain,2021-10-28,Stanford University,"Stanford University,Adobe,University at Buffalo",Industry-academia collaboration,United States of America,Language,Language modeling,,,,,,,,,170.0,,,Unreleased,No,Open source,Unknown,
all,EfficientZero,2021-10-30,Tsinghua University,"Tsinghua University,University of California (UC) Berkeley,Shanghai Qi Zhi institute",Academia,Multinational,Games,Atari,,,100000.0,,,,,,324.0,,,Unreleased,No,Open source,Unknown,
all,S4,2021-10-31,Stanford University,Stanford University,Academia,United States of America,Language,Language modeling/generation,7.8328627e+19,249000000.00000003,103000000.0,,,,6453.658675376135,8.0,3576.0,NVIDIA A100,NVIDIA A100 / A800,Open weights (unrestricted),Yes,Open source,Likely,
all,CodeT5-base,2021-11-01,Salesforce,"Salesforce,Nanyang Technological University",Industry-academia collaboration,Multinational,Language,Code generation,1.56e+21,220000000.0,,3114.869094617447,288.0,12.0,,,1964.0,NVIDIA A100,NVIDIA A100 / A800,Open weights (unrestricted),Yes,Open source,Likely,Hardware
all,Projected GAN,2021-11-01,Heidelberg University,Heidelberg University,Academia,Germany,Image generation,Image generation,1.05e+19,,3000000.0,,,,,,280.0,"NVIDIA V100,NVIDIA Quadro RTX 6000",NVIDIA V100,Open weights (unrestricted),Yes,Open source,Confident,Hardware
all,NCP-VAE (CIFAR 10),2021-11-03,University of Illinois Urbana-Champaign (UIUC),"University of Illinois Urbana-Champaign (UIUC),NVIDIA",Industry-academia collaboration,United States of America,Image generation,Image generation,,,,,,,,,,,,Unreleased,No,Unreleased,Unknown,
all,NCP-VAE (Celeba  HQ),2021-11-03,University of Illinois Urbana-Champaign (UIUC),"University of Illinois Urbana-Champaign (UIUC),NVIDIA",Industry-academia collaboration,United States of America,Image generation,Image generation,,,,,,,,,,,,Unreleased,No,Unreleased,Unknown,
all,GPT2+CoreLM+Fine-Tuning,2021-11-04,Aristotle University of Thessaloniki,Aristotle University of Thessaloniki,Academia,Greece,Language,"Language modeling/generation,Named entity recognition (NER)",1.1725747e+20,132000000.0,,,8.0,0.3333333333333333,277.0039416764727,1.0,2.0,NVIDIA Titan V,NVIDIA consumer / workstation GPU,Unreleased,No,Unreleased,Likely,Hardware
all,GPT-2 (AMPS),2021-11-08,University of California (UC) Berkeley,University of California (UC) Berkeley,Academia,United States of America,Mathematics,"Language modeling/generation,Quantitative reasoning",,1500000.0,,,24.0,1.0,6452.509026418002,8.0,,NVIDIA A100,NVIDIA A100 / A800,,,,Speculative,Hardware
all,Japanese dialog transformers,2021-11-09,NTT Communication Science Laboratories,NTT Communication Science Laboratories,Industry,Japan,Language,"Chat,Language modeling/generation",,1600000000.0,42630000000.0,,,,,,59.0,,,Open weights (non-commercial),Yes,Open (non-commercial),,
all,Masked Autoencoders ViT-H,2021-11-11,Facebook AI Research,Facebook AI Research,Industry,Multinational,Vision,"Semantic segmentation,Image classification,Image generation",4.6e+20,632000000.0,,,69.0,2.875,,,11449.0,,,Open weights (non-commercial),Yes,Open (non-commercial),Speculative,"Hardware,Operation counting"
all,KoGPT,2021-11-12,Kakao,Kakao,Industry,Korea (Republic of),Language,"Language modeling/generation,Chat",,6166502400.0,,,,,,,,,,Open weights (non-commercial),Yes,Open source,Speculative,
all,A.X (Adot) 18B,2021-11-15,SK Telecom,SK Telecom,Industry,Korea (Republic of),Language,Chat,1.35e+18,18000000000.0,,,,,,,,NVIDIA A100 SXM4 80 GB,NVIDIA A100 / A800,,,Unreleased,Speculative,Operation counting
all,EquiDock,2021-11-15,Massachusetts Institute of Technology (MIT),"Massachusetts Institute of Technology (MIT),ETH Zurich,Tencent",Industry-academia collaboration,Multinational,Biology,Proteins,1.08e+19,,39938.0,,,,,,171.0,,,Open weights (unrestricted),Yes,,Likely,Hardware
all,ViT-G/14 (LiT),2021-11-15,Google Research,Google Research,Industry,United States of America,Vision,Image classification,,3005000000.0,1040000000000.0,,,,,,723.0,Google TPU v3,Google TPU v3,Unreleased,No,Open source,Confident,
all,AliceMind-MMU,2021-11-17,Alibaba,Alibaba,Industry,China,,Image Understanding,,,12649000.0,,,,6451.215916135215,8.0,,NVIDIA A100,NVIDIA A100 / A800,Unreleased,No,,Likely,
all,ESM1v,2021-11-17,Facebook AI Research,"Facebook AI Research,New York University (NYU),University of California (UC) Berkeley",Industry-academia collaboration,Multinational,Biology,"Proteins,Protein or nucleotide language model (pLM/nLM),Protein pathogenicity prediction",1.3500000000000008e+20,650000000.0,22050000000.0,,,,38707.29549681129,64.0,713.0,NVIDIA V100,NVIDIA V100,Open weights (unrestricted),Yes,Unreleased,Confident,Hardware
all,DeBERTaV3large,2021-11-18,Microsoft Research,Microsoft Research,Industry,United States of America,Language,"Question answering,Language modeling/generation",1.07008e+20,418000000.0,42666666667.0,,,,,,,,,Open weights (unrestricted),Yes,Open source,Likely,Operation counting
all,Swin Transformer V2 (SwinV2-G),2021-11-18,Microsoft Research Asia,Microsoft Research Asia,Industry,China,Vision,"Action recognition,Image classification",1.1e+21,3000000000.0,,2326.6636503781665,,,,,2736.0,NVIDIA A100 SXM4 40 GB,NVIDIA A100 / A800,Open weights (unrestricted),Yes,Open source,Confident,Hardware
all,BASIC-L,2021-11-19,Google,Google,Industry,United States of America,Vision,Image classification,4.12e+22,3070000000.0,8905031712000.0,1684.770712126102,,,,,241.0,Google TPU v4,Google TPU v4,Unreleased,No,Unreleased,Likely,Hardware
all,Florence,2021-11-22,Microsoft,Microsoft,Industry,United States of America,Vision,"Image captioning,Visual question answering,Image classification,Object detection",4.831e+22,893000000.0,7500000000.0,106950.61569328008,240.0,10.0,412831.8485448412,512.0,1122.0,NVIDIA A100 SXM4 40 GB,NVIDIA A100 / A800,Unreleased,No,Unreleased,Confident,Hardware
all,Persia,2021-11-23,ETH Zurich,"ETH Zurich,Kuaishou Technology",Industry-academia collaboration,Multinational,Recommendation,Recommender system,,100000000000000.0,,,,,,,44.0,NVIDIA V100,NVIDIA V100,Unreleased,No,Open source,Confident,
all,NÜWA,2021-11-24,Microsoft Research,"Microsoft Research,Peking University",Industry-academia collaboration,Multinational,Multimodal,"Image generation,Video generation,Text-to-image,Text-to-video",7.24598784e+21,870000000.0,5547780000.0,,,,,,340.0,NVIDIA A100,NVIDIA A100 / A800,Unreleased,No,Unreleased,Confident,Hardware
all,Quantized ADMM,2021-11-29,Chinese University of Hong Kong (CUHK),"Chinese University of Hong Kong (CUHK),Microsoft",Industry-academia collaboration,Multinational,Language,Language modeling,,,,,,,,,9.0,,,Unreleased,No,Unreleased,Unknown,
all,Transformer LM + MinSen,2021-11-29,Chinese University of Hong Kong (CUHK),Chinese University of Hong Kong (CUHK),Academia,Hong Kong,Language,Language modeling,,,,,,,,,21.0,,,Unreleased,No,Unreleased,Unknown,
all,GPT-2-Medium+Pixelfly,2021-11-30,Stanford University,"Stanford University,SambaNova Systems, Inc,Peking University,Adobe,University at Buffalo",Industry-academia collaboration,Multinational,Language,"Language modeling,Text classification",1.25454e+19,202999999.99999997,103000000.0,,,,,,94.0,NVIDIA V100,NVIDIA V100,Unreleased,No,Open source,Confident,Operation counting
all,GPT-2-Small+Pixelfly,2021-11-30,Stanford University,"Stanford University,SambaNova Systems, Inc,Peking University,Adobe,University at Buffalo",Industry-academia collaboration,Multinational,Language,Language modeling,4.2024e+18,68000000.0,103000000.0,,,,,,94.0,NVIDIA V100,NVIDIA V100,Unreleased,No,Open source,Confident,Operation counting
all,T-NLRv5 XXL,2021-12-03,Microsoft,Microsoft,Industry,United States of America,Language,,,5400000000.0,,,,,,,,,,Unreleased,No,Unreleased,Confident,
all,CTR-BERT,2021-12-06,Amazon,Amazon,Industry,United States of America,Recommendation,Click-through rate prediction,6.469632e+19,70000000.0,1200000000.0,,,,6448.4868676049155,8.0,52.0,NVIDIA A100,NVIDIA A100 / A800,Unreleased,No,Unreleased,Likely,Hardware
all,Student of Games,2021-12-06,DeepMind,DeepMind,Industry,United Kingdom of Great Britain and Northern Ireland,Games,"Chess,Go,Poker",3.6679273004682862e+22,,245760000000.0,,,,,,32.0,,,Unreleased,No,Unreleased,Speculative,
all,Gopher (280B),2021-12-08,DeepMind,DeepMind,Industry,United Kingdom of Great Britain and Northern Ireland,Language,"Language modeling,Question answering",6.31e+23,280000000000.0,300000000000.0,640616.8522346151,920.0,38.333333333333336,3714163.007906485,4096.0,1605.0,Google TPU v3,Google TPU v3,Unreleased,No,Unreleased,Confident,Reported
all,Gopher (7.1B),2021-12-08,DeepMind,DeepMind,Industry,United Kingdom of Great Britain and Northern Ireland,Language,Language modeling/generation,,7100000000.0,300000000.0,,,,,,1605.0,,,Unreleased,No,Unreleased,Confident,
all,Engine-Base (NE),2021-12-11,Boston University,Boston University,Academia,United States of America,Multimodal,Named entity recognition (NER),,124000000.0,602871200.0,,,,,,3.0,,,Open weights (unrestricted),Yes,Open source,Confident,
all,Engine-Medium(NE),2021-12-11,Boston University,Boston University,Academia,United States of America,Multimodal,Named entity recognition (NER),,355000000.0,602871200.0,,,,,,3.0,,,Open weights (unrestricted),Yes,Open source,Confident,
all,Engine-XL(NE),2021-12-11,Boston University,Boston University,Academia,United States of America,Multimodal,Named entity recognition (NER),,1500000000.0,602871200.0,,,,,,3.0,,,Open weights (unrestricted),Yes,Open source,,
all,GLaM,2021-12-13,Google,Google,Industry,United States of America,Language,"Language modeling/generation,Question answering",3.6363112434e+23,1200000000000.0,600000000000.0,541437.4162400038,1366.0,56.916666666666664,701486.0111048243,1024.0,1198.0,Google TPU v4,Google TPU v4,Unreleased,No,Unreleased,Confident,"Operation counting,Hardware"
all,EXAONE 1.0,2021-12-14,LG,LG,Industry,Korea (Republic of),Multimodal,"Translation,Language modeling/generation,Visual question answering",1.6956e+24,300000000000.0,,2702636.2890818655,,,,,,,,Unreleased,No,Unreleased,Speculative,Operation counting
all,LongT5,2021-12-15,Google Research,Google Research,Industry,United States of America,Language,Text summarization,,3000000000.0,524288000000.0,,,,116049.50214083788,128.0,400.0,Google TPU v3,Google TPU v3,Open weights (unrestricted),Yes,Open source,Confident,
all,Contriever,2021-12-16,Meta AI,"Meta AI,University College London (UCL),PSL University,Université Grenoble Alpes",Industry-academia collaboration,Multinational,Language,Language modeling,1.57e+20,110000000.0,262144000000.0,,,,,,1477.0,,,Open weights (non-commercial),Yes,Open (non-commercial),Likely,Operation counting
all,HSO,2021-12-16,Toyota Technological Institute at Chicago,Toyota Technological Institute at Chicago,Academia,United States of America,Language,Language modeling/generation,2.272000000071e+21,345000000.0,,,,,,,4.0,,,Unreleased,No,Unreleased,Speculative,Comparison with other models
all,Fairseq-dense 13B,2021-12-20,Meta AI,Meta AI,Industry,United States of America,Language,Language modeling/generation,3.267e+22,13000000000.0,112000000000.0,,,,,,241.0,NVIDIA A100,NVIDIA A100 / A800,Open weights (unrestricted),Yes,Unreleased,Likely,Reported
all,GLIDE,2021-12-20,OpenAI,OpenAI,Industry,United States of America,Image generation,"Image generation,Text-to-image",4.7e+22,3500000000.0,7602176000000.0,,,,,,4722.0,,,Open weights (unrestricted),Yes,Unreleased,Speculative,Comparison with other models
all,LDM-1.45B,2021-12-20,Heidelberg University,"Heidelberg University,Runway",Industry-academia collaboration,Multinational,Image generation,"Image generation,Text-to-image",,1450000000.0,291985200000.0,,,,,,24523.0,NVIDIA A100,NVIDIA A100 / A800,Open weights (unrestricted),Yes,Open source,Confident,
all,MoE-1.1T,2021-12-20,Meta AI,Meta AI,Industry,United States of America,Language,"Language modeling/generation,Question answering",2.227e+22,1100000000000.0,112000000000.0,,,,,,241.0,NVIDIA A100,NVIDIA A100 / A800,Open weights (non-commercial),Yes,Unreleased,Confident,Reported
all,XGLM,2021-12-20,Meta AI,Meta AI,Industry,United States of America,,,,564000000.0,,,,,,,,,,,,,Confident,
all,XGLM-7.5B,2021-12-20,Meta AI,"Meta AI,Facebook AI Research",Industry,Multinational,Language,"Translation,Question answering,Language modeling/generation",2.25e+22,7500000000.0,500000000000.0,104152.22590136188,504.0,21.0,206287.25531193183,256.0,381.0,NVIDIA A100,NVIDIA A100 / A800,Open weights (non-commercial),Yes,Unreleased,Confident,"Operation counting,Hardware"
all,ERNIE 3.0 Titan,2021-12-23,Baidu,"Baidu,Peng Cheng Laboratory",Industry-academia collaboration,China,Language,"Language modeling,Language modeling/generation,Relation extraction,Sentiment classification,Text classification",1.0421e+24,260000000000.0,668000000000.0,,,,,1920.0,87.0,"NVIDIA Tesla V100 DGXS 32 GB,Huawei Ascend 910",NVIDIA V100,Hosted access (no API),No,Unreleased,Confident,Operation counting
all,Vespa,2021-12-30,Technical University of Munich,Technical University of Munich,Academia,Germany,Biology,"Proteins,Protein or nucleotide language model (pLM/nLM)",,231000.0,,,,,,,,,,,,,Confident,
all,ERNIE-ViLG,2021-12-31,Baidu,Baidu,Industry,China,Multimodal,"Vision-language generation,Image generation,Text-to-image,Image captioning,Language modeling/generation,Visual question answering",,10000000000.0,,,,,,,70.0,,,Unreleased,No,Unreleased,,
all,SignalP 6.0,2022-01-03,Technical University of Denmark,"Technical University of Denmark,ETH Zurich,University of Copenhagen,Stanford University,Stockholm University,European Bioinformatics Institute",Industry-academia collaboration,Multinational,Biology,Signal peptide prediction,,,,,,,,,,,,,,,Unknown,
all,Detic,2022-01-07,Meta AI,"Meta AI,University of Texas at Austin",Industry-academia collaboration,United States of America,Vision,"Object detection,Image classification",2.34399744e+19,88000000.0,,191.44581825616137,24.0,1.0,19331.67955389363,32.0,841.0,NVIDIA V100,NVIDIA V100,Open weights (unrestricted),Yes,Open source,Speculative,Hardware
all,Japanese-GPT-1B,2022-01-19,rinna,rinna,Industry,Japan,Language,Language modeling/generation,,1300000000.0,,,,,,,,,,Open weights (unrestricted),Yes,,Confident,
all,data2vec (language),2022-01-20,Meta AI,Meta AI,Industry,United States of America,Language,Language modeling/generation,,705134592.0,131072000000.0,,,,,,1021.0,,,Open weights (unrestricted),Yes,Open source,Likely,
all,data2vec (speech),2022-01-20,Meta AI,Meta AI,Industry,United States of America,Speech,Speech recognition (ASR),,705134592.0,17510400.0,,,,,,1021.0,,,Open weights (unrestricted),Yes,Open source,,
all,data2vec (vision),2022-01-20,Meta AI,Meta AI,Industry,United States of America,Vision,Image classification,,705134592.0,251108732.0,,,,,,1021.0,,,Open weights (unrestricted),Yes,Open source,,
all,AbLang (heavy sequences),2022-01-22,University of Oxford,University of Oxford,Academia,United Kingdom of Great Britain and Northern Ireland,Biology,"Proteins,Antibody property prediction,Protein or nucleotide language model (pLM/nLM)",,355000000.0,,,,,,,176.0,,,Open weights (unrestricted),Yes,Unreleased,Confident,
all,OntoProtein,2022-01-23,Zhejiang University (ZJU),Zhejiang University (ZJU),Academia,China,Biology,"Proteins,Protein or nucleotide language model (pLM/nLM),Protein interaction prediction,Protein function prediction,Protein representation learning",,420000000.0,2868520960.0,,,,,,,,,Open weights (unrestricted),Yes,Open source,Likely,
all,Primer (GPT-3 XL-like 1.9B),2022-01-24,Google Brain,Google Brain,Industry,United States of America,Language,Language modeling/generation,2.2049963e+22,1900000000.0,2000000000000.0,,140.0,5.833333333333333,350415.1042206616,512.0,209.0,Google TPU v4,Google TPU v4,Unreleased,No,Open source,Confident,"Hardware,Operation counting"
all,SPALM + RelationLM,2022-01-24,DeepMind,"DeepMind,University of Oxford",Industry-academia collaboration,United Kingdom of Great Britain and Northern Ireland,Language,Language modeling/generation,,124000000.0,,,,,,,35.0,,,Unreleased,No,Unreleased,,
all,Transformer-XL + RelationLM,2022-01-24,DeepMind,"DeepMind,University of Oxford",Industry-academia collaboration,United Kingdom of Great Britain and Northern Ireland,Language,Language modeling/generation,,124000000.0,103000000.0,,,,36072.1430815387,64.0,35.0,Google TPU v2,Google TPU v2,Unreleased,No,Unreleased,,Operation counting
all,InstructGPT 1.3B,2022-01-27,OpenAI,OpenAI,Industry,United States of America,Language,Language modeling/generation,,1300000000.0,,,,,,,20786.0,,,API access,No,Unreleased,Confident,
all,InstructGPT 175B,2022-01-27,OpenAI,OpenAI,Industry,United States of America,Language,Language modeling/generation,3.19181e+23,175000000000.0,16969897.0,,,,,,20786.0,,,API access,No,Unreleased,Confident,Reported
all,InstructGPT 350M,2022-01-27,OpenAI,OpenAI,Industry,United States of America,Language,Language modeling/generation,,350000000.0,,,,,,,,,,,,,Confident,
all,InstructGPT 6B,2022-01-27,OpenAI,OpenAI,Industry,United States of America,Language,Language modeling/generation,,6000000000.0,,,,,,,20786.0,,,API access,No,Unreleased,Confident,
all,DARK,2022-01-28,University College London (UCL),University College London (UCL),Academia,United Kingdom of Great Britain and Northern Ireland,Biology,"Protein generation,Proteins",9.7e+18,,50000000.0,,,,,,29.0,NVIDIA V100,NVIDIA V100,,,,Speculative,Hardware
all,AlphaCode,2022-02-02,DeepMind,DeepMind,Industry,United Kingdom of Great Britain and Northern Ireland,Language,Code generation,2.38010000000001e+23,41100000000.0,967000000000.0,,147.2,6.133333333333333,2566002.5357062262,3750.0,2162.0,Google TPU v4,Google TPU v4,Unreleased,No,Unreleased,Confident,Hardware
all,RETRO-7B,2022-02-07,DeepMind,DeepMind,Industry,United Kingdom of Great Britain and Northern Ireland,Language,"Language modeling/generation,Language modeling",1.68e+22,7500000000.0,419430400000.0,,,,,,1665.0,,,Unreleased,No,Unreleased,Confident,Operation counting
all,MaskGIT (ImageNet),2022-02-08,Google Research,Google Research,Industry,United States of America,Image generation,"Image generation,Image-to-image",,227000000.0,,,,,,16.0,,,,,,,Confident,
all,GPT-NeoX-20B,2022-02-09,EleutherAI,EleutherAI,Research collective,United States of America,Language,Language modeling/generation,9.31627008e+22,20000000000.0,341173367965.0,184272.80736002637,2160.0,90.0,77269.91251696396,96.0,998.0,NVIDIA A100 SXM4 40 GB,NVIDIA A100 / A800,Open weights (unrestricted),Yes,Open source,Confident,Hardware
all,LaMDA,2022-02-10,Google,Google,Industry,United States of America,Language,Language modeling,3.55e+23,137000000000.0,2080000000000.0,229949.98625999544,1385.0,57.708333333333336,927218.301405043,1024.0,1863.0,Google TPU v3,Google TPU v3,Unreleased,No,Unreleased,Confident,Hardware
all,ProteinBERT,2022-02-10,Hebrew University of Jerusalem,"Hebrew University of Jerusalem,Ben-Gurion University of the Negev,Deep Trading",Industry-academia collaboration,Multinational,Biology,"Proteins,Protein generation,Protein representation learning",6.5e+19,16000000.0,37598200000.0,,672.0,28.0,254.28806247515055,1.0,775.0,NVIDIA Quadro RTX 5000,NVIDIA consumer / workstation GPU,Open weights (unrestricted),Yes,Open source,Confident,Hardware
all,MuZero VP9,2022-02-14,DeepMind,DeepMind,Industry,United Kingdom of Great Britain and Northern Ireland,Video,Video compression,,,2400000000.0,,,,,,48.0,,,Unreleased,No,Unreleased,Unknown,
all,Midjourney V1,2022-02-15,Midjourney,Midjourney,Industry,United States of America,Image generation,Image generation,,,,,,,,,,,,Hosted access (no API),No,Unreleased,Unknown,
all,ST-MoE,2022-02-17,Google,"Google,Google Brain,Google Research",Industry,United States of America,Language,Language modeling/generation,2.9e+23,269000000000.0,1500000000000.0,,,,,,375.0,,,Unreleased,No,Open source,Likely,Operation counting
all,FourCastNet,2022-02-22,NVIDIA,"NVIDIA,NERSC, Lawrence Berkeley National Laboratory,University of Michigan,Rice University,California Institute of Technology,Purdue University",Industry-academia collaboration,United States of America,Earth science,Weather forecasting,3.4504704e+20,,,,16.0,0.6666666666666666,51498.36398258959,64.0,,NVIDIA A100,NVIDIA A100 / A800,Unreleased,No,Unreleased,Confident,Hardware
all,PolyCoder,2022-02-26,Carnegie Mellon University (CMU),Carnegie Mellon University (CMU),Academia,United States of America,Language,Code generation,1.1e+21,2700000000.0,39300000000.0,,1000.0,41.666666666666664,,,860.0,NVIDIA Quadro RTX 8000,NVIDIA consumer / workstation GPU,Open weights (unrestricted),Yes,Unreleased,Likely,Hardware
all,DeepNet,2022-03-01,Microsoft Research,Microsoft Research,Industry,United States of America,Language,"Language modeling,Translation,Language modeling/generation",,3200000000.0,272629760000.0,,,,,,244.0,,,Unreleased,No,Open source,Confident,Comparison with other models
all,Statement Curriculum Learning,2022-03-02,OpenAI,OpenAI,Industry,United States of America,Language,"Automated theorem proving,Language modeling/generation,Question answering,Mathematical reasoning",1.7901648e+22,774000000.0,372000000000.0,,,,,,161.0,NVIDIA A100,NVIDIA A100 / A800,API access,No,Unreleased,Likely,Hardware
all,RQ-Transformer (1.4B params ImageNet dataset),2022-03-03,Kakao,"Kakao,POSTECH",Industry-academia collaboration,Korea (Republic of),Vision,Text-to-image,1.05670656e+20,1388000000.0,327680000.0,,78.442700157,3.268445839875,6436.005436396819,8.0,763.0,NVIDIA A100,NVIDIA A100 / A800,,,,Likely,Hardware
all,RQ-Transformer (3.8B params ImageNet dataset),2022-03-03,Kakao,"Kakao,POSTECH",Industry-academia collaboration,Korea (Republic of),Vision,Text-to-image,2.9113344e+20,3822000000.0,327680000.0,,108.0,4.5,3218.0027181984096,4.0,763.0,NVIDIA A100,NVIDIA A100 / A800,,,,Likely,Hardware
all,RQ-Transformer (LSUN-cat dataset),2022-03-03,Kakao,"Kakao,POSTECH",Industry-academia collaboration,Korea (Republic of),Image generation,"Text-to-image,Image generation",2.9113344e+18,612000000.0,106065024.0,,216.0,9.0,3218.0027181984096,4.0,763.0,NVIDIA A100,NVIDIA A100 / A800,,,,Likely,Hardware
all,GPT3-6.7B + muP,2022-03-07,Microsoft,"Microsoft,OpenAI",Industry,United States of America,Language,Language modeling/generation,1.28e+22,6700000000.0,300000000000.0,,,,,,262.0,,,Unreleased,No,Unreleased,Confident,"Comparison with other models,Operation counting"
all,MegaSyn,2022-03-07,Collaborations Pharmaceuticals,Collaborations Pharmaceuticals,Industry,United States of America,Medicine,Drug discovery,,,,,,,,,148.0,,,Hosted access (no API),No,Unreleased,Unknown,
all,ViT-G (model soup),2022-03-10,University of Washington,"University of Washington,Columbia University,Google,Meta AI,Tel Aviv University",Industry-academia collaboration,Multinational,Vision,Image classification,3.4e+21,1843000000.0,1752320000.0,,,,,,1499.0,,,Open weights (non-commercial),Yes,Unreleased,Confident,Operation counting
all,GPT-3.5 (davinci-002),2022-03-15,OpenAI,OpenAI,Industry,United States of America,Language,Language modeling,2.578e+24,,,4897551.634095244,,,,,,NVIDIA A100 SXM4 40 GB,NVIDIA A100 / A800,API access,No,Unreleased,Speculative,"Comparison with other models,Benchmarks"
all,"Segatron -XL base, M=150 + HCP",2022-03-21,Microsoft Research,"Microsoft Research,University of Waterloo",Industry-academia collaboration,Multinational,Language,Language modeling,1.74e+18,151000000.0,103000000.0,,,,,,17.0,,,Unreleased,No,Open (non-commercial),Confident,
all,"Segatron-XL large, M=384 + HCP",2022-03-21,Microsoft Research,"Microsoft Research,University of Waterloo",Industry-academia collaboration,Multinational,Language,Language modeling,2.65e+19,256999999.99999997,103000000.0,,,,,,17.0,,,Unreleased,No,Open (non-commercial),Confident,Operation counting
all,Transformer Large + HCP,2022-03-21,University of Waterloo,"University of Waterloo,Microsoft Research",Industry-academia collaboration,Multinational,Language,Language modeling,6.06e+18,256999999.99999997,103000000.0,,,,,,17.0,,,Unreleased,No,Open (non-commercial),Confident,Operation counting
all,MemSizer (language modeling),2022-03-23,Meta AI,"Meta AI,Chinese University of Hong Kong (CUHK)",Industry-academia collaboration,Multinational,Language,Language modeling,7.3e+18,357000000.0,103000000.0,,,,,,6.0,,,Unreleased,No,Open (non-commercial),Likely,Operation counting
all,GraSR,2022-03-24,Shanghai Jiao Tong University,"Shanghai Jiao Tong University,Ministry of Education of China",Industry-academia collaboration,China,Biology,Protein structure comparison,3.799999999999999e+18,,13265.0,,120.0,5.0,1005.1556716229876,2.0,28.0,NVIDIA TITAN Xp,NVIDIA consumer / workstation GPU,Open weights (unrestricted),Yes,Open (non-commercial),Likely,Hardware
all,Make-A-Scene,2022-03-24,Meta AI,Meta AI,Industry,United States of America,Image generation,"Image generation,Text-to-image",6.4172851e+21,4000000000.0,267386880000.0,,,,,,,,,Unreleased,No,Unreleased,Likely,Operation counting
all,BaGuaLu,2022-03-28,Tsinghua University,"Tsinghua University,Zhejiang Lab,Beijing Academy of Artificial Intelligence / BAAI,Alibaba",Industry-academia collaboration,China,Multimodal,"Language modeling,Image classification",,173900000000000.0,,,,,,,37.0,,,,,,,
all,Chinchilla,2022-03-29,DeepMind,DeepMind,Industry,United Kingdom of Great Britain and Northern Ireland,Language,Language modeling,5.76e+23,70000000000.0,1400000000000.0,,,,,,3188.0,"Google TPU v4,Google TPU v3",Google TPU v4,Unreleased,No,Unreleased,Confident,Reported
all,NoPos,2022-03-30,Tel Aviv University,"Tel Aviv University,University of Washington,Intel Labs,Meta AI",Industry-academia collaboration,Multinational,Language,Language modeling/generation,2.09664e+19,1300000000.0,21000000000.0,,,,,,185.0,,,Unreleased,No,Unreleased,Confident,Operation counting
all,Monarch-GPT-2-Medium,2022-04-01,Stanford University,"Stanford University,University at Buffalo,University of Michigan",Academia,United States of America,Language,Language modeling,4.36e+20,165000000.0,,,,,,,130.0,NVIDIA V100,NVIDIA V100,Unreleased,No,Open source,Confident,Operation counting
all,Monarch-GPT-2-Small,2022-04-01,Stanford University,"Stanford University,University at Buffalo,University of Michigan",Academia,United States of America,Language,Language modeling,9e+19,72000000.0,103000000.0,,,,,,130.0,NVIDIA V100,NVIDIA V100,Unreleased,No,Open source,Confident,Operation counting
all,PaLM (540B),2022-04-04,Google Research,Google Research,Industry,United States of America,Language,"Language modeling,Code generation,Translation",2.5272e+24,540350000000.0,780000000000.0,3060364.5969860666,1536.0,64.0,4198431.396906301,6144.0,7999.0,Google TPU v4,Google TPU v4,Unreleased,No,Unreleased,Confident,Hardware
all,DALL·E 2,2022-04-06,OpenAI,OpenAI,Industry,United States of America,Image generation,"Text-to-image,Image generation",3.3695784e+23,3500000000.0,167050000000.0,,,,,,8200.0,,,API access,No,Unreleased,Speculative,Third-party estimation
all,GemNet-OC,2022-04-06,,,,,,,,,,,,,,,,,,,,,Unknown,
all,BERT-RBP,2022-04-07,Waseda University,Waseda University,Academia,Japan,Biology,"Proteins,Protein interaction prediction,RNA-Protein interaction prediction",1.4e+20,110000000.0,,,,,,,68.0,,,Open weights (non-commercial),Yes,Open (non-commercial),Confident,Hardware
all,STT Conformer-Transducer XL,2022-04-12,NVIDIA,NVIDIA,Industry,United States of America,Speech,Speech recognition (ASR),,600000000.0,437760000.0,,,,,,,,,Open weights (unrestricted),Yes,Unreleased,Likely,
all,VLM-4,2022-04-12,LightOn,LightOn,Industry,France,Language,"Language modeling/generation,Translation,Text summarization,Text classification",,,,,,,,,,,,API access,No,Unreleased,Unknown,
all,Stable Diffusion (LDM-KL-8-G),2022-04-13,Runway,"Runway,Ludwig Maximilian University of Munich,Heidelberg University",Industry-academia collaboration,Multinational,Image generation,"Image generation,Text-to-image",5e+22,1450000000.0,,111248.21698072633,585.9375,24.4140625,205764.21634205984,256.0,24523.0,NVIDIA A100,NVIDIA A100 / A800,Open weights (unrestricted),Yes,Open source,Confident,Hardware
all,Sparse all-MLP,2022-04-14,Meta AI,Meta AI,Industry,United States of America,Language,Language modeling,5.32224e+20,9410000000.0,100000000000.0,,112.0,4.666666666666667,,,16.0,NVIDIA V100,NVIDIA V100,Unreleased,No,Unreleased,Confident,Hardware
all,XMC-GAN,2022-04-14,Google Research,Google Research,Industry,United States of America,Image generation,"Image generation,Text-to-image",,,,,,,,,,,,Unreleased,No,Unreleased,Unknown,
all,LaMemo,2022-04-15,Tsinghua University,"Tsinghua University,NetEase,Oppo Mobile Telecommunications",Industry-academia collaboration,China,Language,Language modeling/generation,,151000000.0,103227021.0,,,,,,4.0,,,Open weights (unrestricted),Yes,Open source,,
all,GraphBP,2022-04-19,Texas A&M,"Texas A&M,Fujitsu",Industry-academia collaboration,Multinational,Biology,Drug discovery,,,60000000.0,,,,,,168.0,,,,,,Speculative,
all,CogView2,2022-04-28,Tsinghua University,"Tsinghua University,Beijing Academy of Artificial Intelligence / BAAI",Academia,China,Image generation,"Image generation,Text-to-image",2.265e+22,6000000000.0,629145600000.0,,,,,,,,,,,,Confident,Operation counting
all,Flamingo,2022-04-29,DeepMind,DeepMind,Industry,United Kingdom of Great Britain and Northern Ireland,Multimodal,"Visual question answering,Image captioning",2.18972000000001e+23,80000000000.0,458333333333.0,183423.16330597224,360.0,15.0,1049023.659188776,1536.0,5793.0,Google TPU v4,Google TPU v4,Unreleased,No,Unreleased,Confident,Hardware
all,OPT-13B,2022-05-02,Meta AI,Meta AI,Industry,United States of America,,,3.53e+23,13000000000.0,180000000000.0,,,,,,,,,,,,Likely,
all,OPT-175B,2022-05-02,Meta AI,Meta AI,Industry,United States of America,Language,"Language modeling,Chat,Language modeling/generation,Question answering",4.3e+23,175000000000.0,180000000000.0,733634.637,793.5,33.0625,822708.6888139298,1024.0,4716.0,NVIDIA A100 SXM4 80 GB,NVIDIA A100 / A800,Open weights (non-commercial),Yes,Open source,Confident,Reported
all,Jurassic-X,2022-05-03,AI21 Labs,AI21 Labs,Industry,Israel,Language,"Language modeling/generation,Chat",,7000000000.0,,,,,,,58.0,,,API access,No,Unreleased,,
all,DeBERTaV3large + KEAR,2022-05-04,Microsoft,Microsoft,Industry,United States of America,Language,"Question answering,Language modeling/generation",,418000000.0,,,,,,,63.0,,,Unreleased,No,Open source,Confident,
all,ASE,2022-05-05,NVIDIA,"NVIDIA,University of California (UC) Berkeley",Industry-academia collaboration,United States of America,Robotics,Animal (human/non-human) imitation,4.4928e+19,,,,240.0,10.0,,,56.0,NVIDIA Tesla V100 PCIe 16 GB,NVIDIA V100,,,,Likely,Hardware
all,StyleGAN-XL,2022-05-05,Max Planck Institute for Intelligent Systems,"Max Planck Institute for Intelligent Systems,University of Tübingen",Academia,Germany,Image generation,Image generation,1.296e+21,,,,,,,,,NVIDIA V100,NVIDIA V100,Open weights (unrestricted),Yes,Open source,Likely,Hardware
all,UL2,2022-05-10,Google Research,"Google Research,Google Brain",Industry,United States of America,Language,"Language modeling/generation,Question answering,Text summarization",1.2e+23,20000000000.0,1000000000000.0,126785.76203549476,744.0,31.0,349588.9061965891,512.0,387.0,Google TPU v4,Google TPU v4,Open weights (unrestricted),Yes,Unreleased,Confident,"Hardware,Operation counting"
all,Gato,2022-05-12,DeepMind,DeepMind,Industry,United Kingdom of Great Britain and Northern Ireland,Multimodal,"Atari,Image captioning,Chat,Robotic manipulation",4.02e+21,1180000000.0,524288000000.0,3523.0649800752253,96.0,4.0,231335.2960762711,256.0,1064.0,Google TPU v3,Google TPU v3,Unreleased,No,Unreleased,Confident,"Hardware,Operation counting"
all,SimCSE,2022-05-18,Princeton University,"Princeton University,Tsinghua University",Academia,Multinational,Language,Semantic embedding,,,27363505.0,,,,,,4419.0,,,Open weights (unrestricted),Yes,Open source,Likely,
all,LSTM+GraB,2022-05-22,Cornell University,Cornell University,Academia,United States of America,Language,Language modeling/generation,,,2000000.0,,,,,,18.0,,,Unreleased,No,Open source,Unknown,
all,Imagen,2022-05-23,Google Brain,Google Brain,Industry,United States of America,Image generation,"Text-to-image,Image generation",1.46e+22,7762000000.0,,7915.823806150154,96.0,4.0,174743.8571090156,256.0,8259.0,Google TPU v4,Google TPU v4,API access,No,Unreleased,Likely,Hardware
all,improved U-Net for chest X-ray images segmentation,2022-05-23,Henan University of Technology,"Henan University of Technology,Nanyang Central Hospital",Industry-academia collaboration,China,Medicine,"Visual question answering,Medical diagnosis",,,182517760.0,,,,,,,"NVIDIA GeForce RTX 3060,Intel Core i5-11600K",NVIDIA consumer / workstation GPU,,,,Unknown,
all,TRIMELMext (247M),2022-05-25,Princeton University,Princeton University,Academia,United States of America,Language,"Language modeling/generation,Translation",3.12e+19,247000000.00000003,21086208000.0,,,,,,152.0,,,Open weights (non-commercial),Yes,Open (non-commercial),Confident,
all,TRIMELMext (7M),2022-05-25,Princeton University,Princeton University,Academia,United States of America,Language,"Language modeling/generation,Translation",2.06e+17,7000000.0,4915200000.0,,,,,,152.0,,,Open weights (non-commercial),Yes,Open (non-commercial),Confident,
all,TRIMELMlong (150M),2022-05-25,Princeton University,Princeton University,Academia,United States of America,Language,"Language modeling/generation,Translation",6.48e+18,150000000.0,7200000000.0,,,,,,152.0,,,Open weights (non-commercial),Yes,Open (non-commercial),Confident,
all,GPT-2 Medium (FlashAttention),2022-05-27,Stanford University,"Stanford University,University at Buffalo",Academia,United States of America,Language,Language modeling/generation,8.9280922e+20,355000000.0,10130000000.0,,165.6,6.8999999999999995,6423.834266872993,8.0,4295.0,NVIDIA A100 SXM4 40 GB,NVIDIA A100 / A800,Open weights (unrestricted),Yes,Open source,Confident,"Comparison with other models,Hardware"
all,Tranception,2022-05-27,University of Oxford,"University of Oxford,Harvard Medical School,Cohere",Industry-academia collaboration,Multinational,Biology,"Proteins,Protein pathogenicity prediction",7.24e+21,700000000.0,48230400000.0,15247.43608848737,336.0,14.0,51390.67413498394,64.0,243.0,NVIDIA A100,NVIDIA A100 / A800,Open weights (unrestricted),Yes,Open source,Confident,Hardware
all,CogVideo,2022-05-29,Tsinghua University,"Tsinghua University,Beijing Academy of Artificial Intelligence / BAAI",Academia,China,Video,"Video generation,Text-to-video",,9400000000.0,145000000000.0,,,,,,1058.0,,,Open weights (unrestricted),Yes,Open source,Speculative,Operation counting
all,PFP,2022-05-30,Preferred Networks Inc,Preferred Networks Inc,Industry,Japan,Materials science,Materials design,,,,,,,,,284.0,,,Hosted access (no API),No,,Unknown,
all,CRL,2022-05-31,Ulm University,Ulm University,,Germany,Biology,"Protein folding prediction,Protein classification,Protein-ligand binding affinity prediction,Protein structure similarity prediction",,,952724.0,,144.0,6.0,,,61.0,,,,,,Confident,
all,B2T connection (16L),2022-06-01,LINE Corporation,"LINE Corporation,Tohoku University",Industry-academia collaboration,Japan,Language,"Language modeling/generation,Question answering",2.8e+19,,103000000.0,,7.0,0.2916666666666667,96346.78549412632,192.0,18.0,NVIDIA P100,NVIDIA datacenter (pre-Volta),Open weights (unrestricted),Yes,Open source,Confident,"Hardware,Operation counting"
all,Diffusion-GAN,2022-06-05,UT Austin,"UT Austin,Microsoft",Industry-academia collaboration,United States of America,Image generation,"Image generation,Text-to-image",,,,,,,,,327.0,NVIDIA V100,NVIDIA V100,Open weights (unrestricted),Yes,Open source,Unknown,
all,DITTO,2022-06-06,Tsinghua University,"Tsinghua University,Apple,Westlake University,Chinese University of Hong Kong (CUHK)",Industry-academia collaboration,Multinational,Language,"Language modeling/generation,Text summarization",3.31776e+18,750000000.0,103000000.0,,,,4816.802908983849,8.0,109.0,NVIDIA V100,NVIDIA V100,Unreleased,No,Open source,Confident,Operation counting
all,LIMoE-H/14,2022-06-06,Google,Google,Industry,United States of America,Multimodal,Image classification,1.8e+22,5600000000.0,4575625612000.0,,,,,,317.0,"Google TPU v2,Google TPU v3,Google TPU v4",Google TPU v4,Unreleased,No,Unreleased,Confident,Operation counting
all,BIG-G 137B,2022-06-09,Google,Google,Industry,United States of America,Language,Language modeling/generation,5.6e+23,137000000000.0,681200000000.0,,,,,,2441.0,,,Unreleased,No,Unreleased,Confident,Operation counting
all,EGRU (PTB),2022-06-13,Ruhr University Bochum,"Ruhr University Bochum,Technische Universität Dresden,University of London",Academia,Multinational,Language,Language modeling,,55000000.0,1238667.0,,,,441.03041184059987,1.0,34.0,NVIDIA A100,NVIDIA A100 / A800,Unreleased,No,Open source,Confident,
all,EGRU (WT2),2022-06-13,Ruhr University Bochum,"Ruhr University Bochum,Technische Universität Dresden,University of London",Academia,Multinational,Language,Language modeling,2.22e+18,74000000.0,2000000.0,,,,,,34.0,NVIDIA A100,NVIDIA A100 / A800,Unreleased,No,Open source,Confident,Operation counting
all,MetaLM,2022-06-13,Microsoft Research,Microsoft Research,Industry,United States of America,Multimodal,"Language modeling,Visual question answering,Language modeling/generation,Image captioning",,,646707200000.0,,,,,,110.0,,,Unreleased,No,Unreleased,Speculative,
all,CoCa,2022-06-14,Google Research,Google Research,Industry,United States of America,Vision,"Image classification,Visual question answering,Image captioning",7.3e+22,2100000000.0,1351680000000.0,78043.3756911775,120.0,5.0,1397266.1319117176,2048.0,1719.0,Google TPU v4,Google TPU v4,Unreleased,No,Unreleased,Confident,Hardware
all,Unified-IO (XL),2022-06-17,Allen Institute for AI,"Allen Institute for AI,University of Washington",Industry-academia collaboration,United States of America,Multimodal,"Object detection,Language modeling/generation,Image generation,Visual question answering,Image classification,Image captioning,Text classification,Text summarization,Question answering",3.5e+21,2925000000.0,74880000000.0,,,,,,513.0,Google TPU v4,Google TPU v4,Open weights (unrestricted),Yes,Unreleased,Speculative,Operation counting
all,OPT-1.3B,2022-06-21,Meta AI,Meta AI,Industry,United States of America,Language,"Language modeling,Chat,Language modeling/generation,Question answering",,1300000000.0,180000000000.0,,,,,,4716.0,,,Open weights (non-commercial),Yes,Open source,Confident,
all,OPT-1.3B (finetuned on PTB),2022-06-21,Meta AI,Meta AI,Industry,United States of America,Language,"Language modeling,Chat,Language modeling/generation,Question answering",,1300000000.0,,,,,,,4716.0,,,Open weights (unrestricted),Yes,Open source,Confident,
all,OPT-1.3B (finetuned),2022-06-21,Meta AI,Meta AI,Industry,United States of America,Language,"Language modeling,Chat,Language modeling/generation,Question answering",,1300000000.0,,,,,,,4716.0,,,Open weights (unrestricted),Yes,Open source,Confident,
all,OPT-125M (finetuned on PTB),2022-06-21,Meta AI,Meta AI,Industry,United States of America,Language,"Language modeling,Chat,Language modeling/generation,Question answering",,125000000.0,,,,,,,4716.0,,,Open weights (unrestricted),Yes,Open source,Confident,
all,OPT-125M (finetuned),2022-06-21,Meta AI,Meta AI,Industry,United States of America,Language,"Language modeling,Chat,Language modeling/generation,Question answering",,125000000.0,,,,,,,4716.0,,,Open weights (unrestricted),Yes,Open source,Confident,
all,OPT-2.7B,2022-06-21,Meta AI,Meta AI,Industry,United States of America,Language,"Language modeling,Chat,Language modeling/generation,Question answering",,2700000000.0,180000000000.0,,,,,,4716.0,,,Open weights (non-commercial),Yes,Open source,Confident,
all,OPT-2.7B (finetuned on PTB),2022-06-21,Meta AI,Meta AI,Industry,United States of America,Language,"Language modeling,Chat,Language modeling/generation,Question answering",,2700000000.0,,,,,,,4716.0,,,Open weights (unrestricted),Yes,Open source,Confident,
all,OPT-2.7B (finetuned on WT2),2022-06-21,Meta AI,Meta AI,Industry,United States of America,Language,"Language modeling,Chat,Language modeling/generation,Question answering",,2700000000.0,,,,,,,4716.0,,,Open weights (unrestricted),Yes,Open source,Confident,
all,OPT-30B,2022-06-21,Meta AI,Meta AI,Industry,United States of America,Language,"Language modeling,Chat,Language modeling/generation,Question answering",5.4000000000001e+22,30000000000.0,180000000000.0,,,,,,4716.0,,,Open weights (non-commercial),Yes,Open source,Confident,Operation counting
all,OPT-350M,2022-06-21,Meta AI,Meta AI,Industry,United States of America,Language,"Language modeling,Chat,Language modeling/generation,Question answering",,350000000.0,180000000000.0,,,,,,4716.0,,,Open weights (non-commercial),Yes,Open source,Confident,
all,OPT-6.7B,2022-06-21,Meta AI,Meta AI,Industry,United States of America,Language,"Language modeling,Chat,Language modeling/generation,Question answering",1.2060000000001e+22,6700000000.0,180000000000.0,,,,,,4716.0,,,Open weights (non-commercial),Yes,Open source,Confident,Comparison with other models
all,OPT-66B,2022-06-21,Meta AI,Meta AI,Industry,United States of America,Language,"Language modeling,Chat,Language modeling/generation,Question answering",1.100000000001e+23,66000000000.0,180000000000.0,,,,,,4716.0,NVIDIA A100 SXM4 80 GB,NVIDIA A100 / A800,Open weights (non-commercial),Yes,Open source,Confident,Operation counting
all,CodeGeeX,2022-06-22,Z.ai (Zhipu AI),"Z.ai (Zhipu AI),Tsinghua University",Industry-academia collaboration,China,Language,Code generation,6.630000000001e+22,13000000000.0,850000000000.0,,156.1,6.504166666666666,,,,Huawei Ascend 910,Huawei Ascend,Open weights (restricted use),Yes,Open source,Confident,Operation counting
all,Parti,2022-06-22,Google Research,Google Research,Industry,United States of America,Image generation,"Text-to-image,Image generation",5.09607936e+23,20000000000.0,4718592000000.0,427178.712,,,,,1476.0,Google TPU v4,Google TPU v4,Unreleased,No,Unreleased,Confident,Operation counting
all,YaLM,2022-06-23,Yandex,Yandex,Industry,Russia,Language,"Language modeling,Chat",2.2e+23,100000000000.0,300000000000.0,,1560.0,65.0,641997.2949584174,800.0,,NVIDIA A100,NVIDIA A100 / A800,Open weights (unrestricted),Yes,Unreleased,Likely,Hardware
all,CodeWhisperer,2022-06-24,Amazon,Amazon,Industry,United States of America,Language,Code generation,,,,,,,,,,,,Hosted access (no API),No,Unreleased,Unknown,
all,GPT-SW3,2022-06-25,AI Sweden,"AI Sweden,RISE",Academia,Sweden,Language,Language modeling,1.6663535e+21,3500000000.0,101711872000.0,,60.0,2.5,,,20.0,NVIDIA A100,NVIDIA A100 / A800,Unreleased,No,Unreleased,Confident,"Hardware,Operation counting"
all,ProGen2-base,2022-06-27,Salesforce Research,"Salesforce Research,Columbia University,Johns Hopkins University",Industry-academia collaboration,United States of America,Biology,Protein or nucleotide language model (pLM/nLM),1.1e+21,764000000.0,,,,,,,507.0,Google TPU v3,Google TPU v3,Open weights (unrestricted),Yes,,Confident,"Operation counting,Third-party estimation"
all,ProGen2-xlarge,2022-06-27,Salesforce Research,"Salesforce Research,Columbia University,Johns Hopkins University",Industry-academia collaboration,United States of America,Biology,"Proteins,Protein generation,Protein or nucleotide language model (pLM/nLM)",1.35e+22,6400000000.0,350000000000.0,11850.178410269727,,,,,507.0,Google TPU v3,Google TPU v3,Open weights (unrestricted),Yes,Unreleased,Confident,"Hardware,Third-party estimation"
all,DALL-E mega,2022-06-28,Craiyon,Craiyon,Industry,United States of America,Image generation,"Text-to-image,Image generation",2.285273088e+22,,,,1344.0,56.0,115546.64662034177,128.0,,Google TPU v3,Google TPU v3,Open weights (unrestricted),Yes,Open source,Confident,Hardware
all,Minerva (540B),2022-06-29,Google,Google,Industry,United States of America,Language,"Quantitative reasoning,Mathematical reasoning,Language modeling/generation,Question answering",2.7415e+24,540350000000.0,26000000000.0,,696.0,29.0,698399.733142376,1024.0,1673.0,Google TPU v4,Google TPU v4,Unreleased,No,Unreleased,Confident,Hardware
all,Drahim PFM AI,2022-06-30,Drahim,Drahim,,Saudi Arabia,Language,"Chat,Text classification,Financial management",,,,,,,,,,,,Unreleased,No,,Unknown,
all,WebGPT,2022-07-01,OpenAI,OpenAI,Industry,United States of America,Language,"Language modeling/generation,Question answering,Search",,175000000000.0,,,,,,,,,,Unreleased,No,Unreleased,Confident,
all,BLOOM-1.7B,2022-07-05,Hugging Face,"Hugging Face,BigScience",Industry-academia collaboration,Multinational,Language,Language modeling/generation,,1700000000.0,354000000000.0,,,,,,2917.0,,,Open weights (restricted use),Yes,Unreleased,Confident,
all,BLOOM-1B,2022-07-05,Hugging Face,"Hugging Face,BigScience",Industry-academia collaboration,Multinational,Language,Language modeling/generation,,1000000000.0,354000000000.0,,,,,,2917.0,,,Open weights (restricted use),Yes,Unreleased,Confident,
all,BLOOM-3B,2022-07-05,Hugging Face,"Hugging Face,BigScience",Industry-academia collaboration,Multinational,Language,Language modeling/generation,,3000000000.0,354000000000.0,,,,,,2917.0,,,Open weights (restricted use),Yes,Unreleased,Confident,
all,BLOOM-560M,2022-07-05,Hugging Face,"Hugging Face,BigScience",Industry-academia collaboration,Multinational,Language,Language modeling/generation,,560000000.0,354000000000.0,,,,,,2917.0,,,Open weights (restricted use),Yes,Unreleased,Confident,
all,BLOOM-7.1B,2022-07-05,Hugging Face,"Hugging Face,BigScience",Industry-academia collaboration,Multinational,Language,"Language modeling/generation,Translation",1.5014556e+22,7070000000.0,354000000000.0,,,,,,2917.0,,,Open weights (restricted use),Yes,Unreleased,Confident,Operation counting
all,CodeT5-large,2022-07-05,Salesforce,Salesforce,Industry,United States of America,Language,Code generation,2.72e+21,770000000.0,10500000000.0,4478.145684414144,504.0,21.0,,,465.0,NVIDIA A100,NVIDIA A100 / A800,Open weights (unrestricted),Yes,Open source,Likely,Hardware
all,NLLB,2022-07-06,Meta AI,Meta AI,Industry,United States of America,Language,Translation,1.751113728e+22,54500000000.0,300000000000.0,50667.25034038439,,,,,1569.0,NVIDIA A100 SXM4 80 GB,NVIDIA A100 / A800,Open weights (unrestricted),Yes,Open source,Confident,Hardware
all,BLOOM-176B,2022-07-11,Hugging Face,"Hugging Face,BigScience",Industry-academia collaboration,Multinational,Language,"Language modeling,Translation,Code generation",3.65664e+23,176247271424.0,379000000000.0,995819.1171,2808.0,117.0,308035.2013244814,384.0,2917.0,NVIDIA A100 SXM4 80 GB,NVIDIA A100 / A800,Open weights (restricted use),Yes,Unreleased,Confident,Hardware
all,Delphi,2022-07-12,Allen Institute for AI,"Allen Institute for AI,University of Washington",Industry-academia collaboration,United States of America,Language,Chat,,11000000000.0,26214400000.0,,72.0,3.0,,,,Google TPU v3,Google TPU v3,Hosted access (no API),No,Unreleased,Speculative,Operation counting
all,Rita-XLarge,2022-07-14,LightOn,"LightOn,Harvard University,University of Oxford",Industry-academia collaboration,Multinational,Biology,"Proteins,Protein or nucleotide language model (pLM/nLM)",8.64e+20,1200000000.0,150000000000.0,,,,,,128.0,NVIDIA V100,NVIDIA V100,Open weights (unrestricted),Yes,Unreleased,Confident,Reported
all,Transformer-XL + RMT,2022-07-14,Moscow Institute of Physics and Technology,"Moscow Institute of Physics and Technology,AIRI Artificial Intelligence Research Institute",Industry-academia collaboration,Russia,Language,Language modeling,6.7839792e+18,247000000.00000003,103000000.0,,30.0,1.25,1604.2428268807498,2.0,183.0,NVIDIA A100 SXM4 80 GB,NVIDIA A100 / A800,Unreleased,No,Open source,Speculative,"Operation counting,Hardware"
all,YuYan 11B,2022-07-15,Hong Kong Baptist University,"Hong Kong Baptist University,NetEase",Industry-academia collaboration,Multinational,Language,Language modeling/generation,,11000000000.0,,,,,,,11.0,"NVIDIA A100 PCIe,NVIDIA GeForce RTX 2080 Ti 11GB",NVIDIA A100 / A800,,,,Confident,
all,ESM2-150M,2022-07-21,Meta AI,"Meta AI,New York University (NYU),Stanford University,Massachusetts Institute of Technology (MIT)",Industry-academia collaboration,United States of America,Biology,"Proteins,Protein or nucleotide language model (pLM/nLM),Protein folding prediction",1.1e+21,150000000.0,15360000000.0,,,,,,636.0,,,Open weights (unrestricted),Yes,Unreleased,Confident,Third-party estimation
all,ESM2-15B,2022-07-21,Meta AI,"Meta AI,New York University (NYU),Stanford University,Massachusetts Institute of Technology (MIT)",Industry-academia collaboration,United States of America,Biology,"Proteins,Protein or nucleotide language model (pLM/nLM),Protein folding prediction",7.35000000001e+22,15000000000.0,15360000000.0,163467.82019979745,1440.0,60.0,307966.61145938886,512.0,636.0,NVIDIA V100,NVIDIA V100,Open weights (unrestricted),Yes,Unreleased,Confident,"Hardware,Third-party estimation"
all,ESM2-35M,2022-07-21,Meta AI,"Meta AI,New York University (NYU),Stanford University,Massachusetts Institute of Technology (MIT)",Industry-academia collaboration,United States of America,Biology,"Proteins,Protein or nucleotide language model (pLM/nLM),Protein folding prediction",2.1e+20,35000000.0,15360000000.0,,,,,,636.0,,,Open weights (unrestricted),Yes,Unreleased,Confident,
all,ESM2-3B,2022-07-21,Meta AI,"Meta AI,New York University (NYU),Stanford University,Massachusetts Institute of Technology (MIT)",Industry-academia collaboration,United States of America,Biology,"Proteins,Protein or nucleotide language model (pLM/nLM),Protein folding prediction",3.000000001e+22,3000000000.0,15360000000.0,,720.0,30.0,,,636.0,,,Open weights (unrestricted),Yes,Unreleased,Confident,"Hardware,Third-party estimation"
all,ESM2-650M,2022-07-21,Meta AI,"Meta AI,New York University (NYU),Stanford University,Massachusetts Institute of Technology (MIT)",Industry-academia collaboration,United States of America,Biology,"Proteins,Protein or nucleotide language model (pLM/nLM),Protein folding prediction",7.560000000001e+21,650000000.0,15360000000.0,20972.27663102349,192.0,8.0,307966.61145938886,512.0,636.0,NVIDIA V100,NVIDIA V100,Open weights (unrestricted),Yes,Unreleased,Confident,"Hardware,Third-party estimation"
all,ESM2-8M,2022-07-21,Meta AI,"Meta AI,New York University (NYU),Stanford University,Massachusetts Institute of Technology (MIT)",Industry-academia collaboration,United States of America,Biology,"Proteins,Protein or nucleotide language model (pLM/nLM),Protein folding prediction",4.8e+19,8000000.0,15360000000.0,,,,,,636.0,,,Open weights (unrestricted),Yes,Unreleased,Confident,
all,OmegaPLM,2022-07-22,Massachusetts Institute of Technology (MIT),"Massachusetts Institute of Technology (MIT),Westlake University",Academia,Multinational,Biology,"Proteins,Protein folding prediction",1.03514112e+22,670000000.0,1258291200000.0,52400.32118528479,,,,,445.0,NVIDIA A100 SXM4 80 GB,NVIDIA A100 / A800,Unreleased,No,Unreleased,Confident,Hardware
all,GPT-NeoX-Japanese,2022-07-27,Abeja,Abeja,Industry,Japan,Language,Language modeling/generation,,2700000000.0,,,,,,,,,,Open weights (unrestricted),Yes,,Confident,
all,ProtGPT2,2022-07-27,University of Bayreuth,University of Bayreuth,Academia,Germany,Biology,"Proteins,Protein generation,Protein or nucleotide language model (pLM/nLM)",4.1e+21,738000000.0,25535777280.0,,96.0,4.0,102641.82162383666,128.0,689.0,NVIDIA A100,NVIDIA A100 / A800,Open weights (unrestricted),Yes,,Confident,"Hardware,Third-party estimation"
all,AlexaTM 20B,2022-08-02,Amazon,Amazon,Industry,United States of America,Language,"Language modeling,Translation,Question answering",2.04374016e+23,19750000000.0,1319000000000.0,267943.21130997164,2880.0,120.0,102628.10792703854,128.0,90.0,NVIDIA A100,NVIDIA A100 / A800,API access,No,Unreleased,Confident,Hardware
all,GLM-130B,2022-08-04,Tsinghua University,Tsinghua University,Academia,China,Language,"Language modeling/generation,Translation",3.5490054945e+23,130000000000.0,152000000000.0,820296.6313095269,1440.0,60.0,615741.2226117075,768.0,1264.0,NVIDIA A100 SXM4 40 GB,NVIDIA A100 / A800,Open weights (non-commercial),Yes,Unreleased,Confident,"Operation counting,Hardware"
all,SGPT BE 5.8B,2022-08-05,Peking University,Peking University,Academia,China,Language,"Semantic search,Semantic embedding,Entity embedding",,5800000000.0,,,60.0,2.5,6413.828235359284,8.0,,NVIDIA A100 SXM4 40 GB,NVIDIA A100 / A800,Open weights (non-commercial),Yes,Open source,Confident,Hardware
all,FastSpeech 2,2022-08-08,Zhejiang University (ZJU),"Zhejiang University (ZJU),Microsoft Research Asia",Industry-academia collaboration,China,Speech,Text-to-speech (TTS),2.2977e+18,27000000.0,,,,,330.3605642465138,1.0,,NVIDIA V100,NVIDIA V100,Unreleased,No,Unreleased,Likely,Hardware
all,RNA-FM,2022-08-08,Chinese University of Hong Kong (CUHK),"Chinese University of Hong Kong (CUHK),Fudan University,Shanghai AI Lab,Harbin Institute of Technology,University of Electronic Science and Technology of China,Massachusetts Institute of Technology (MIT),Harvard University,Shanghai Zelixir Biotech,CUHK Shenzhen Research Institute",Industry-academia collaboration,Multinational,Biology,RNA structure prediction,2.59999999999998e+21,,,,720.0,30.0,6413.399753905654,8.0,234.0,NVIDIA A100,NVIDIA A100 / A800,Open weights (unrestricted),Yes,Open source,Confident,Hardware
all,BlenderBot 3,2022-08-10,McGill University,"McGill University,Meta AI,Mila - Quebec AI (originally Montreal Institute for Learning Algorithms)",Industry-academia collaboration,Multinational,Language,Chat,4.3e+23,175000000000.0,1300000000.0,,,,102609.82584809876,128.0,290.0,NVIDIA A100 SXM4 40 GB,NVIDIA A100 / A800,Open weights (non-commercial),Yes,Open source,Likely,Operation counting
all,M3GNet,2022-08-11,University of California San Diego,University of California San Diego,Academia,United States of America,Materials science,"Atomistic simulations,Molecular simulation",,,,,,,,,,,,Open weights (unrestricted),Yes,Open source,Unknown,
all,PeTriBERT,2022-08-13,University of Montpellier,"University of Montpellier,BionomeeX",Industry-academia collaboration,France,Biology,Protein generation,1e+20,40000000.0,,,70.0,2.9166666666666665,4007.928551099969,8.0,14.0,NVIDIA Tesla V100 DGXS 32 GB,NVIDIA V100,,,,Confident,Hardware
all,Dream Diary (造梦日记),2022-08-15,West Lake Xinchen / Xinchen AI / 西湖心辰（杭州）科技有限公司,West Lake Xinchen / Xinchen AI / 西湖心辰（杭州）科技有限公司,Industry,China,Image generation,"Image generation,Text-to-image",,,,,,,,,,,,API access,No,Unreleased,Unknown,
all,Luminous-base,2022-08-15,Aleph Alpha,Aleph Alpha,Industry,Germany,Language,Language modeling/generation,3.1673782e+22,13000000000.0,402000000000.0,,1344.0,56.0,102598.4012026182,128.0,,NVIDIA A100 SXM4 40 GB,NVIDIA A100 / A800,API access,No,Unreleased,Confident,"Operation counting,Hardware"
all,Luminous-extended,2022-08-15,Aleph Alpha,Aleph Alpha,Industry,Germany,Language,Language modeling/generation,1.0019457e+23,30000000000.0,460000000000.0,,1344.0,56.0,410393.6048104728,512.0,,NVIDIA A100 SXM4 40 GB,NVIDIA A100 / A800,API access,No,Unreleased,Confident,"Operation counting,Hardware"
all,Luminous-supreme,2022-08-15,Aleph Alpha,Aleph Alpha,Industry,Germany,Language,Language generation,3.5461e+23,70000000000.0,1069300000000.0,,2016.0,84.0,,512.0,,"NVIDIA A100 SXM4 40 GB,NVIDIA A100 SXM4 80 GB",NVIDIA A100 / A800,API access,No,Unreleased,Confident,"Hardware,Operation counting"
all,PaLM-SayCan,2022-08-16,Google,Google,Industry,United States of America,Robotics,Robotic manipulation,,540000000000.0,,,100.0,4.166666666666667,14427.578872430146,16.0,3081.0,Google TPU v3,Google TPU v3,Unreleased,No,Open source,Likely,
all,BEIT-3,2022-08-22,Microsoft,Microsoft,Industry,United States of America,Multimodal,"Object detection,Semantic segmentation,Image classification,Visual question answering,Image captioning,Language generation",7e+19,1900000000.0,,,,,,,721.0,,,Open weights (unrestricted),Yes,Unreleased,Likely,Operation counting
all,Stable Diffusion 1.1,2022-08-22,Ludwig Maximilian University of Munich,Ludwig Maximilian University of Munich,Academia,Germany,Image generation,"Image generation,Text-to-image",,,,,,,153873.61325387988,256.0,,NVIDIA A100 PCIe,NVIDIA A100 / A800,Open weights (restricted use),Yes,Open (restricted use),Confident,
all,Stable Diffusion 1.2,2022-08-22,Ludwig Maximilian University of Munich,Ludwig Maximilian University of Munich,Academia,Germany,Image generation,"Image generation,Text-to-image",,,,,,,153873.61325387988,256.0,,NVIDIA A100 PCIe,NVIDIA A100 / A800,Open weights (restricted use),Yes,Open (restricted use),Confident,
all,Stable Diffusion 1.4,2022-08-22,Ludwig Maximilian University of Munich,Ludwig Maximilian University of Munich,Academia,Germany,Image generation,"Image generation,Text-to-image",5e+22,,,,,,153873.61325387988,256.0,,NVIDIA A100 PCIe,NVIDIA A100 / A800,Open weights (restricted use),Yes,Open (restricted use),Confident,Hardware
all,Stable Diffusion 1.5,2022-08-22,Runway,Runway,Industry,United States of America,Image generation,"Image generation,Text-to-image",,,,,,,153873.61325387988,256.0,,NVIDIA A100 PCIe,NVIDIA A100 / A800,Open weights (restricted use),Yes,Open (restricted use),Confident,
all,ACT-1,2022-09-14,,,,,Language,"Agentic workflows,Tool use,System control",,,,,,,,,,,,Unreleased,No,,Likely,
all,Deep-LDA,2022-09-14,Fudan University,Fudan University,Academia,China,Biology,"Cell Biology,Gene expression profile generation,Cell-cell interaction prediction",,,,,,,,,,,,Unreleased,No,Open source,Confident,
all,PaLI,2022-09-14,Google,Google,Industry,United States of America,Multimodal,"Visual question answering,Language modeling/generation,Image captioning",1.69e+23,16900000000.0,143507000000.0,50878.10777366616,240.0,10.0,697203.184254025,1024.0,983.0,Google TPU v4,Google TPU v4,Unreleased,No,Unreleased,Likely,"Operation counting,Hardware"
all,SauTech,2022-09-14,Saudi Data and Artificial Intelligence Authority,"Saudi Data and Artificial Intelligence Authority,Saudi Company for Artificial Intelligence",Industry-academia collaboration,Saudi Arabia,Speech,"Speech recognition (ASR),Speech-to-text",,,,,720.0,30.0,6408.117502334789,8.0,,NVIDIA A100,NVIDIA A100 / A800,Hosted access (no API),No,Unreleased,Unknown,
all,CLIP ViT-H/14 - LAION-2B,2022-09-15,LAION,LAION,Research collective,Germany,Vision,Image classification,7.8410000000001e+22,986000000.0,11555735510.0,,,,,,,,,Open weights (unrestricted),Yes,Unreleased,Confident,Hardware
all,NeMO Megatron GPT 20B,2022-09-15,NVIDIA,NVIDIA,Industry,United States of America,Language,"Language modeling/generation,Question answering",,20000000000.0,341173367965.0,,,,,,,,,Open weights (unrestricted),Yes,Unreleased,Confident,
all,ProteinMPNN,2022-09-15,University of Washington,"University of Washington,Wageningen University and Research,NERSC, Lawrence Berkeley National Laboratory",Industry-academia collaboration,Multinational,Biology,"Protein or nucleotide language model (pLM/nLM),Protein design",,,,,,,,,793.0,,,Open weights (unrestricted),Yes,Open source,Likely,
all,CPAC,2022-09-18,Texas A&M,Texas A&M,Academia,United States of America,Biology,"Protein-ligand binding affinity prediction,Protein-ligand contact prediction",,,589944195.0,,,,,,25.0,,,,,,Speculative,
all,DistilProtBert,2022-09-18,Bar-Ilan University,Bar-Ilan University,Academia,Israel,Biology,"Proteins,Protein folding prediction",1.9e+20,230000000.0,11008000000.0,,288.0,12.0,,,39.0,NVIDIA Tesla V100 DGXS 32 GB,NVIDIA V100,Open weights (unrestricted),Yes,Open source,Confident,Hardware
all,Whisper,2022-09-21,OpenAI,OpenAI,Industry,United States of America,Speech,Speech recognition (ASR),4.2072663e+21,1550000000.0,12403200000.0,,,,,,7066.0,,,Open weights (unrestricted),Yes,Unreleased,Likely,Hardware
all,CPM-Ant,2022-09-22,Tsinghua University,"Tsinghua University,Beijing Academy of Artificial Intelligence / BAAI,ModelBest,OpenBMB (Open Lab for Big Model Base)",Industry-academia collaboration,China,Language,"Language modeling/generation,Question answering",2.004e+22,10000000000.0,33400000000.0,66779.34,1632.0,68.0,,,,,,Open weights (non-commercial),Yes,Unreleased,Confident,Operation counting
all,Sparrow,2022-09-28,DeepMind,DeepMind,Industry,United Kingdom of Great Britain and Northern Ireland,Language,"Chat,Language modeling/generation,Question answering",,70000000000.0,,,,,,,665.0,,,Unreleased,No,Unreleased,Confident,
all,Make-A-Video,2022-09-29,Meta AI,Meta AI,Industry,United States of America,Video,"Video generation,Text-to-video",,,,,,,,,2005.0,,,Hosted access (no API),No,Unreleased,Unknown,
all,GemNet-OC,2022-09-30,Technical University of Munich,"Technical University of Munich,Carnegie Mellon University (CMU),Facebook AI Research",Industry-academia collaboration,Multinational,Materials science,"Molecular simulation,Molecular property prediction,Atomistic simulations,Molecular representation learning,Materials design",5.4e+20,,,,,,,,,NVIDIA V100,NVIDIA V100,Open weights (unrestricted),Yes,Open source,Likely,Hardware
all,AminoBert,2022-10-03,Harvard Medical School,"Harvard Medical School,Nabla Bio,Columbia University",Industry-academia collaboration,United States of America,Biology,Protein folding prediction,,,78000000000.0,,,,,,343.0,,,Hosted access (no API),No,Open (non-commercial),Likely,
all,NMST+GPT-2,2022-10-03,New York University (NYU),New York University (NYU),Academia,United States of America,Language,Language modeling,1.20380928e+20,124000000.0,103000000.0,,,,,,,,,Unreleased,No,Open source,Confident,
all,DiffDock,2022-10-04,Massachusetts Institute of Technology (MIT),Massachusetts Institute of Technology (MIT),Academia,United States of America,Biology,Proteins,7.2e+19,20240000.0,4352000.0,,432.0,18.0,,,731.0,NVIDIA RTX A6000,NVIDIA consumer / workstation GPU,Open weights (unrestricted),Yes,Open source,Likely,Hardware
all,VRNS-RNN-3-3-5,2022-10-04,University of Notre Dame,University of Notre Dame,Academia,United States of America,Language,Language modeling,,1500000.0,912344.0,,,,,,5.0,,,Unreleased,No,Open (non-commercial),,
all,AlphaTensor,2022-10-05,DeepMind,DeepMind,Industry,United Kingdom of Great Britain and Northern Ireland,Other,,7.1414784e+20,,,,168.0,7.0,57646.09262932102,64.0,,Google TPU v3,Google TPU v3,Unreleased,No,Unreleased,Confident,Hardware
all,Imagen Video,2022-10-05,Google Brain,Google Brain,Industry,United States of America,Video,"Video generation,Text-to-video",,11600000000.0,,,,,,,2019.0,,,Unreleased,No,Unreleased,Confident,
all,Phenaki,2022-10-05,University College London (UCL),"University College London (UCL),University of Michigan,Google Brain",Industry-academia collaboration,Multinational,Video,"Video generation,Text-to-video",,1800000000.0,,,,,,,545.0,,,Unreleased,No,Unreleased,,
all,Decaying Fast Weights Transformer (WT-103),2022-10-09,Jenni,Jenni,Industry,Singapore,Language,Language modeling,7.9e+19,242000000.0,103000000.0,,35.0,1.4583333333333333,329.9047498229277,1.0,30.0,NVIDIA A40 PCIe,NVIDIA A40 PCIe,Unreleased,No,Unreleased,Confident,Hardware
all,TPM-LVD,2022-10-10,University of California Los Angeles (UCLA),University of California Los Angeles (UCLA),Academia,United States of America,Language,Language modeling,,1120000000.0,2000000.0,,,,,,42.0,,,Unreleased,No,Unreleased,,
all,Diplodocus,2022-10-11,Meta AI,"Meta AI,Massachusetts Institute of Technology (MIT)",Industry-academia collaboration,United States of America,Games,Diplomacy,,,,,,,,,65.0,,,Open weights (non-commercial),Yes,Open source,Unknown,
all,GenSLM,2022-10-11,University of Chicago,"University of Chicago,NVIDIA,Harvard University,Cerebras Systems,Technical University of Munich,California Institute of Technology",Industry-academia collaboration,Multinational,Biology,Protein or nucleotide language model (pLM/nLM),1.42e+21,25000000000.0,225280000000.0,,,,,,114.0,,,Open weights (unrestricted),Yes,Open source,Confident,Reported
all,Instruct-GPT + Mind's Eye,2022-10-11,Google,"Google,Dartmouth College",Industry-academia collaboration,United States of America,Language,Quantitative reasoning,,176500000000.0,,,,,,,101.0,Google TPU v3,Google TPU v3,Unreleased,No,Unreleased,Confident,
all,GPT-2 + Progressive LRD,2022-10-12,Huawei,"Huawei,Huawei Noah's Ark Lab",Industry,China,Language,Language modeling/generation,7.936e+20,31000000.0,,,,,,,,,,Unreleased,No,Unreleased,Speculative,Comparison with other models
all,Flan-PaLM 540B,2022-10-20,Google,Google,Industry,United States of America,Language,"Language modeling/generation,Question answering,Mathematical reasoning",2.540000000001e+24,540000000000.0,1400000000.0,,37.0,1.5416666666666667,348322.23114529514,512.0,4129.0,Google TPU v4,Google TPU v4,Unreleased,No,Unreleased,Confident,"Reported,Hardware"
all,Flan-T5 11B,2022-10-20,Google,Google,Industry,United States of America,Language,Language modeling/generation,3.3e+22,11000000000.0,100000000000.0,98374.29476250126,,,,,4129.0,Google TPU v4,Google TPU v4,Open weights (unrestricted),Yes,Unreleased,Confident,Reported
all,LMSI-Palm,2022-10-20,Google,"Google,University of Illinois Urbana-Champaign (UIUC)",Industry-academia collaboration,United States of America,Language,"Language generation,Language modeling/generation,Question answering,Mathematical reasoning",,540000000000.0,1920000.0,,,,,,851.0,,,Unreleased,No,Unreleased,Confident,
all,U-PaLM (540B),2022-10-20,Google,Google,Industry,United States of America,Language,"Language generation,Language modeling/generation,Question answering,Mathematical reasoning,Quantitative reasoning",2.53e+24,540000000000.0,1300000000.0,,120.0,5.0,348322.23114529514,512.0,76.0,Google TPU v4,Google TPU v4,Unreleased,No,Unreleased,Confident,Comparison with other models
all,DiffSBDD (CrossDocked),2022-10-24,Ecole Polytechnique F´ed´erale de Lausanne (EPFL),"Ecole Polytechnique F´ed´erale de Lausanne (EPFL),University of Cambridge,Cornell University,Chinese Academy of Mathematics and System Science,University of Rome,Microsoft Research,University of Oxford,AITHYRA Institute",Industry-academia collaboration,Multinational,Biology,Drug discovery,2.69568e+20,,2900000.0,,600.0,25.0,439.7260888751819,1.0,404.0,NVIDIA A100,NVIDIA A100 / A800,Open weights (unrestricted),Yes,Open source,Confident,Hardware
all,EnCodec,2022-10-24,Meta AI,Meta AI,Industry,United States of America,Audio,Audio generation,,,,,,,,,1151.0,NVIDIA A100,NVIDIA A100 / A800,Open weights (non-commercial),Yes,Open source,Unknown,
all,Tk-Instruct,2022-10-24,University of Washington,"University of Washington,Arizona State University,Allen Institute for AI",Industry-academia collaboration,United States of America,Language,Instruction interpretation,,11000000000.0,1048576000.0,,20.0,0.8333333333333334,,,,Google TPU v3,Google TPU v3,Open weights (unrestricted),Yes,Open source,Speculative,Operation counting
all,Verbatim Memory Transformer (108M),2022-10-24,Johns Hopkins University,"Johns Hopkins University,New York University (NYU)",Academia,United States of America,Language,Language modeling,9.864288e+17,107700000.0,40000000.0,,12.0,0.5,285.82195776886823,1.0,9.0,NVIDIA Quadro RTX 8000,NVIDIA consumer / workstation GPU,Unreleased,No,Open source,Confident,
all,Verbatim Memory Transformer (117M),2022-10-24,Johns Hopkins University,"Johns Hopkins University,New York University (NYU)",Academia,United States of America,Language,Language modeling,,117000000.0,10666666667.0,,,,,,9.0,,,Unreleased,No,Open source,Confident,
all,Verbatim Memory Transformer (182M),2022-10-24,Johns Hopkins University,"Johns Hopkins University,New York University (NYU)",Academia,United States of America,Language,Language modeling,,182000000.0,102000000.0,,,,,,9.0,,,Unreleased,No,Open source,,
all,ADP-FAIRSEQ+NGRAMRES,2022-10-26,Tsinghua University,"Tsinghua University,Chinese University of Hong Kong (CUHK),Nara Institute of Science and Technology",Academia,Multinational,Language,"Language modeling,Translation,Text summarization",,247000000.00000003,,,,,,,3.0,,,Unreleased,No,Open (non-commercial),,
all,MIF-ST,2022-10-26,Microsoft Research,"Microsoft Research,OpenBioML,University of Chicago",Industry-academia collaboration,Multinational,Biology,"Proteins,Protein generation",2.50000000000002e+22,,,,,,,,113.0,,,,,,Confident,Hardware
all,XY-LENTXL,2022-10-26,Microsoft,Microsoft,Industry,United States of America,Language,"Representation learning,Language modeling",7.2e+21,2000000000.0,600000000000.0,,,,717038.1909599457,512.0,,NVIDIA H100 SXM5 80GB,NVIDIA H100 / H800 / H200,Unreleased,No,Unreleased,Confident,Operation counting
all,retrieval-quality-kNN-LMs,2022-10-28,University of Massachusetts Amherst,University of Massachusetts Amherst,Academia,United States of America,Language,Language modeling,,247000000.00000003,103000000.0,,,,,,15.0,,,Unreleased,No,Open source,,
all,Taiyi-Stable Diffusion,2022-10-31,IDEA CCNL,IDEA CCNL,Academia,China,Image generation,"Image generation,Text-to-image",5.1e+22,1000000000.0,,113638.30314103366,100.0,4.166666666666667,25605.655552009957,32.0,139.0,NVIDIA A100,NVIDIA A100 / A800,Open weights (restricted use),Yes,,Confident,Hardware
all,Transformer-XL + PowerSGD + L-Greco,2022-10-31,Institute of Science and Technology Austria (ISTA),"Institute of Science and Technology Austria (ISTA),Neural Magic",Industry-academia collaboration,Multinational,Language,Language modeling,1.3150368e+18,,103000000.0,,4.28,0.17833333333333334,5601.237152002178,8.0,4.0,NVIDIA GeForce RTX 3090,NVIDIA consumer / workstation GPU,Unreleased,No,Open source,Confident,Hardware
all,GearNet,2022-11-01,Mila - Quebec AI (originally Montreal Institute for Learning Algorithms),"Mila - Quebec AI (originally Montreal Institute for Learning Algorithms),University of Montreal / Université de Montréal,University of Cambridge,IBM Research,HEC Montreal,CIFAR AI Research",Industry-academia collaboration,Multinational,Biology,"Proteins,Protein function prediction,Protein fold classification",,,805000.0,,,,3200.635667063614,4.0,312.0,NVIDIA A100,NVIDIA A100 / A800,,,,Confident,
all,eDiff-I,2022-11-02,NVIDIA,NVIDIA,Industry,United States of America,Image generation,"Image generation,Text-to-image",5.46e+19,9100000000.0,1556275200000.0,,,,,,1046.0,NVIDIA A100,NVIDIA A100 / A800,Unreleased,No,Unreleased,Likely,Operation counting
all,BLOOMZ-176B,2022-11-03,Hugging Face,Hugging Face,Industry,United States of America,Language,"Translation,Language modeling/generation",,176000000000.0,20000000000.0,,,,,,242.0,,,Open weights (unrestricted),Yes,Open source,Likely,
all,Mogrifier RLSTM (PTB),2022-11-03,DeepMind,DeepMind,Industry,United Kingdom of Great Britain and Northern Ireland,Language,Language modeling,7.1347219e+16,24000000.0,1238667.0,,,,,,,,,Unreleased,No,Unreleased,Confident,Operation counting
all,Mogrifier RLSTM (WT2),2022-11-03,DeepMind,DeepMind,Industry,United Kingdom of Great Britain and Northern Ireland,Language,Language modeling,1.4e+17,35000000.0,2666667.0,,,,,,,,,Unreleased,No,Unreleased,Confident,Operation counting
all,mT0-13B,2022-11-03,Hugging Face,"Hugging Face,BigScience",Industry-academia collaboration,Multinational,Language,"Translation,Language modeling/generation",,13000000000.0,20000000000.0,,,,,,242.0,,,Open weights (unrestricted),Yes,Unreleased,Confident,
all,InternImage,2022-11-10,Shanghai AI Lab,"Shanghai AI Lab,Tsinghua University,Nanjing University,SenseTime,Chinese University of Hong Kong (CUHK)",Industry-academia collaboration,Multinational,Vision,"Image classification,Object detection,Image segmentation",2.408e+21,1080000000.0,83692000000.0,,,,,,1087.0,,,Open weights (unrestricted),Yes,Open source,Confident,Operation counting
all,AltCLIP_M9,2022-11-12,Beijing Academy of Artificial Intelligence / BAAI,Beijing Academy of Artificial Intelligence / BAAI,Academia,China,Multimodal,"Language modeling/generation,Chat,Visual question answering,Image generation",,,,,,,,,113.0,,,Open weights (unrestricted),Yes,Open source,Unknown,
all,Innovative Drug-like Molecule Generation from,2022-11-12,University of Pittsburgh,"University of Pittsburgh,Carnegie Mellon University (CMU)",Academia,United States of America,Biology,Drug discovery,,,2000000.0,,,,,,,,,,,,Unknown,
all,EVA-01,2022-11-14,Beijing Academy of Artificial Intelligence / BAAI,"Beijing Academy of Artificial Intelligence / BAAI,Huazhong University of Science and Technology,Zhejiang University (ZJU),Beijing Institute of Technology",Academia,China,Vision,"Image classification,Object detection,Semantic segmentation,Video classification",1.501e+22,1011000000.0,7577600000.0,29374.46909439904,348.0,14.5,102390.69476171424,128.0,982.0,NVIDIA A100 SXM4 40 GB,NVIDIA A100 / A800,Open weights (unrestricted),Yes,Open source,Confident,Hardware
all,Galactica,2022-11-16,Meta AI,Meta AI,Industry,United States of America,Language,"Language modeling,Question answering,Mathematical reasoning,Medical diagnosis,Language modeling/generation",3.24e+23,120000000000.0,106000000000.0,591076.8943544837,,,102386.13451047534,128.0,1017.0,NVIDIA A100 SXM4 80 GB,NVIDIA A100 / A800,Open weights (non-commercial),Yes,Unreleased,Likely,Operation counting
all,Luminous Sparse,2022-11-16,Aleph Alpha,"Aleph Alpha,Graphcore",Industry,Multinational,Language,Language modeling/generation,,2600000000.0,,,,,,,,,,Hosted access (no API),No,Unreleased,Confident,
all,Fusion in Encoder,2022-11-18,Samsung,Samsung,Industry,Korea (Republic of),Language,"Question answering,Language modeling/generation",1.3e+20,330000000.0,960000.0,233.0630322095263,48.0,2.0,,,12.0,NVIDIA A100 SXM4 80 GB,NVIDIA A100 / A800,Unreleased,No,Unreleased,Likely,Hardware
all,AR-LDM,2022-11-20,Alibaba,"Alibaba,University of Waterloo,Vector Institute",Industry-academia collaboration,Multinational,Image generation,Text-to-image,5.1e+20,1500000000.0,,745.8360575556148,194.0,8.083333333333334,,,86.0,NVIDIA A100,NVIDIA A100 / A800,Unreleased,No,Open (non-commercial),Confident,Hardware
all,CICERO,2022-11-22,Meta AI,Meta AI,Industry,United States of America,Games,Diplomacy,,,,,,,,,459.0,,,Open weights (non-commercial),Yes,Open source,Unknown,
all,CLUE,2022-11-22,Naver Clova,"Naver Clova,Naver AI Lab",Industry,Korea (Republic of),Recommendation,Recommender system,3.456e+18,160000000.0,,,168.0,7.0,38389.67061575342,64.0,,NVIDIA V100,NVIDIA V100,,,,Likely,"Reported,Operation counting"
all,scFormer,2022-11-22,University of Toronto,"University of Toronto,Vector Institute,University Health Network,Microsoft Research",Industry-academia collaboration,Multinational,Biology,Representation learning,,,,,,,,,10.0,,,,,,Speculative,
all,ALM 1.0,2022-11-28,Beijing Academy of Artificial Intelligence / BAAI,Beijing Academy of Artificial Intelligence / BAAI,Academia,China,Language,Language modeling,,335000000.0,22696572400.0,,,,,,,,,Hosted access (no API),No,Unreleased,Speculative,
all,DiT-XL/2 + Discriminator Guidance,2022-11-28,Korea Advanced Institute of Science and Technology (KAIST),"Korea Advanced Institute of Science and Technology (KAIST),NAVER",Industry-academia collaboration,Korea (Republic of),Image generation,"Image generation,Text-to-image",,,327978752.0,,,,,,110.0,NVIDIA A100,NVIDIA A100 / A800,Unreleased,No,Open (non-commercial),Unknown,
all,Discriminator Guidance,2022-11-28,Korea Advanced Institute of Science and Technology (KAIST),"Korea Advanced Institute of Science and Technology (KAIST),NAVER",Industry-academia collaboration,Korea (Republic of),Image generation,Image generation,2.1570000001e+20,,327978752.0,337.8811363173893,481.0,20.041666666666668,,,110.0,NVIDIA A100 PCIe,NVIDIA A100 / A800,Open weights (non-commercial),Yes,Open (non-commercial),Confident,Hardware
all,GPT-3.5 (davinci-003),2022-11-28,,,,,,,,,,,,,,,,,,,,,Likely,
all,DeepNash,2022-12-01,DeepMind,DeepMind,Industry,United Kingdom of Great Britain and Northern Ireland,Games,Stratego,,,2109703680000.0,,,,,,245.0,,,Unreleased,No,Unreleased,Unknown,
all,Transformer + GFM,2022-12-01,Nanjing University,Nanjing University,Academia,China,Language,Language modeling,7.7369416e+18,185200000.0,103000000.0,,,,5597.371669502683,8.0,,NVIDIA GeForce RTX 3090,NVIDIA consumer / workstation GPU,Unreleased,No,Unreleased,Confident,"Operation counting,Hardware"
all,ZymCTRL,2022-12-01,Basecamp Research,"Basecamp Research,Friedrich-Alexander-Universität,University of Girona",Industry-academia collaboration,Multinational,Biology,Protein generation,5.05e+21,738000000.0,,,,,38381.97716230411,48.0,34.0,NVIDIA A100,NVIDIA A100 / A800,Open weights (unrestricted),Yes,Unreleased,Confident,Hardware
all,Vega v2,2022-12-04,Wuhan University,"Wuhan University,JD Explore Academy,Shanghai AI Lab,Nanyang Technological University,Washington University in St Louis,Chongqing University of Posts and Telecommunications,University of Sydney",Academia,Multinational,Language,"Language modeling,Question answering,Word sense disambiguation",7.76e+22,6000000000.0,6439999999.0,,720.0,30.0,255862.7534697245,320.0,42.0,NVIDIA A100,NVIDIA A100 / A800,Unreleased,No,Unreleased,Confident,
all,Transformer-XL + FWL,2022-12-05,Google Research,Google Research,Industry,United States of America,Language,Language modeling/generation,,256999999.99999997,103000000.0,,,,,,19.0,,,Unreleased,No,Open source,,
all,Whisper v2,2022-12-05,OpenAI,OpenAI,Industry,United States of America,Speech,Speech recognition (ASR),1.1e+23,1550000000.0,12403200000.0,,,,,,7066.0,,,Open weights (unrestricted),Yes,Unreleased,Likely,Comparison with other models
all,Stable Diffusion 2.1,2022-12-07,Stability AI,Stability AI,Industry,United Kingdom of Great Britain and Northern Ireland,Image generation,"Image generation,Text-to-image",6.7392e+22,,,,,,204676.52826620263,256.0,,NVIDIA A100 SXM4 40 GB,NVIDIA A100 / A800,Open weights (unrestricted),Yes,Unreleased,Confident,Hardware
all,TranceptEve,2022-12-10,University of Oxford,"University of Oxford,Harvard Medical School",Academia,Multinational,Biology,"Proteins,Protein pathogenicity prediction",,,,,,,,,,,,Unreleased,No,Unreleased,Unknown,
all,XiaoAI 6.0,2022-12-11,Xiaomi Corp,Xiaomi Corp,Industry,China,,,,,,,,,,,,,,,,Unreleased,Unknown,
all,RT-1,2022-12-13,Google,Google,Industry,United States of America,Robotics,Robotic manipulation,,35000000.0,,,,,,,2174.0,,,Open weights (unrestricted),Yes,Open source,Confident,
all,text-embedding-ada-002,2022-12-15,OpenAI,OpenAI,Industry,United States of America,Language,Language modeling,,,,,,,,,,,,,,,Unknown,
all,CaLM,2022-12-19,University of Oxford,University of Oxford,Academia,United Kingdom of Great Britain and Northern Ireland,Biology,"Protein or nucleotide language model (pLM/nLM),Protein embedding,Protein property prediction,Protein localization prediction",2.9e+19,86000000.0,2523746560.0,,960.0,40.0,1278.886496016633,4.0,34.0,NVIDIA Quadro RTX 4000,NVIDIA consumer / workstation GPU,Unreleased,No,Open source,Likely,"Hardware,Operation counting"
all,OPT-IML (175B),2022-12-22,Meta AI,Meta AI,Industry,United States of America,Language,Language modeling,4.3e+23,175000000000.0,2000000000.0,,72.0,3.0,102304.08471008124,128.0,304.0,NVIDIA A100,NVIDIA A100 / A800,Open weights (non-commercial),Yes,Unreleased,Likely,Operation counting
all,Hybrid H3-1.3B,2022-12-28,Stanford University,"Stanford University,University at Buffalo",Academia,United States of America,Language,Language modeling/generation,,1300000000.0,400000000000.0,,,,6393.151008587547,8.0,636.0,NVIDIA A100,NVIDIA A100 / A800,Open weights (unrestricted),Yes,Open source,Confident,
all,Hybrid H3-125M,2022-12-28,Stanford University,"Stanford University,University at Buffalo",Academia,United States of America,Language,Language modeling/generation,,125000000.0,,,,,6393.151008587547,8.0,636.0,NVIDIA A100,NVIDIA A100 / A800,Open weights (unrestricted),Yes,Open source,Confident,
all,Hybrid H3-2.7B,2022-12-28,Stanford University,"Stanford University,University at Buffalo",Academia,United States of America,Language,"Language modeling/generation,Question answering",6.48e+21,2700000000.0,400000000000.0,,,,6393.151008587547,8.0,636.0,NVIDIA A100 SXM4 80 GB,NVIDIA A100 / A800,Open weights (unrestricted),Yes,Unreleased,Likely,Operation counting
all,Hybrid H3-355M,2022-12-28,Stanford University,"Stanford University,University at Buffalo",Academia,United States of America,Language,Language modeling/generation,,355000000.0,,,,,6393.151008587547,8.0,636.0,NVIDIA A100,NVIDIA A100 / A800,Open weights (unrestricted),Yes,Open source,Confident,
all,AI Resume,2023-01-01,,,,,,,,,,,,,,,,,,,,,Unknown,
all,Nanbei Pavilion,2023-01-01,,,,,,,,,,,,,,,,,,,,,Unknown,
all,DNA Fine-Tuned Language Model (DFLM),2023-01-02,Tongji University,Tongji University,Academia,China,Biology,Protein or nucleotide language model (pLM/nLM),3.5e+18,,,,,,,,7.0,NVIDIA TITAN Xp,NVIDIA consumer / workstation GPU,Unreleased,No,Open source,Confident,Hardware
all,SparseOPT-13B,2023-01-02,Institute of Science and Technology Austria (ISTA),Institute of Science and Technology Austria (ISTA),Academia,Austria,Language,"Language modeling/generation,Question answering",,13000000000.0,,,,,,,1267.0,,,Unreleased,No,Open source,Confident,
all,SparseOPT-175B,2023-01-02,Institute of Science and Technology Austria (ISTA),"Institute of Science and Technology Austria (ISTA),Neural Magic",Industry-academia collaboration,Multinational,Language,"Language modeling/generation,Question answering",1.58e+23,87500000000.0,,,4.0,0.16666666666666666,439.0411532246195,1.0,1267.0,NVIDIA A100 SXM4 80 GB,NVIDIA A100 / A800,Unreleased,No,Open source,Confident,Hardware
all,SparseOPT-30B,2023-01-02,Institute of Science and Technology Austria (ISTA),Institute of Science and Technology Austria (ISTA),Academia,Austria,Language,"Language modeling/generation,Question answering",,30000000000.0,,,,,,,1267.0,,,Unreleased,No,Open source,Confident,
all,SparseOPT-66B,2023-01-02,Institute of Science and Technology Austria (ISTA),Institute of Science and Technology Austria (ISTA),Academia,Austria,Language,"Language modeling/generation,Question answering",,66000000000.0,,,,,,,1267.0,,,Unreleased,No,Open source,Confident,
all,VALL-E,2023-01-05,Microsoft,Microsoft,Industry,United States of America,Audio,"Speech synthesis,Text-to-speech (TTS)",1.01e+19,353000000.0,76800000000.0,11.40575196486363,,,,,1180.0,NVIDIA V100,NVIDIA V100,Unreleased,No,Unreleased,Speculative,Operation counting
all,SantaCoder,2023-01-09,Hugging Face,"Hugging Face,ServiceNow,Massachusetts Institute of Technology (MIT),Wellesley College,Saama,EleutherAI,Huawei Noah's Ark Lab,Carnegie Mellon University (CMU)",Industry-academia collaboration,Multinational,Language,Code generation,2.1e+21,1100000000.0,,,150.0,6.25,,,238.0,NVIDIA V100,NVIDIA V100,Open weights (restricted use),Yes,Unreleased,Confident,Hardware
all,DreamerV3,2023-01-10,DeepMind,"DeepMind,University of Toronto",Industry-academia collaboration,Multinational,Games,Open ended play,2.2032e+20,200000000.0,1600000000.0,,6528.0,272.0,9586.950671364422,16.0,1073.0,NVIDIA V100,NVIDIA V100,Unreleased,No,Open source,Likely,Hardware
all,Nucleotide Transformer,2023-01-15,NVIDIA,"NVIDIA,Technical University of Munich,InstaDeep",Industry-academia collaboration,Multinational,Biology,"Protein or nucleotide language model (pLM/nLM),Nucleotide generation",8.08e+21,2500000000.0,300000000000.0,51064.70621394041,672.0,28.0,102249.42137571,128.0,22.0,NVIDIA A100,NVIDIA A100 / A800,Open weights (non-commercial),Yes,Unreleased,Likely,"Operation counting,Hardware"
all,Ankh_base,2023-01-16,Technical University of Munich,"Technical University of Munich,Columbia University",Academia,Multinational,Biology,"Protein generation,Proteins,Protein or nucleotide language model (pLM/nLM),Protein contact and distance prediction,Protein classification,Protein localization prediction,Protein fold classification",2.6e+21,740000000.0,14000000000.0,1920.959299628968,,,,,159.0,Google TPU v4,Google TPU v4,Open weights (non-commercial),Yes,Unreleased,Confident,Third-party estimation
all,Ankh_large,2023-01-16,Technical University of Munich,"Technical University of Munich,Columbia University",Academia,Multinational,Biology,"Protein generation,Proteins,Protein or nucleotide language model (pLM/nLM),Protein contact and distance prediction,Protein classification,Protein localization prediction,Protein fold classification",6.5e+21,1900000000.0,14000000000.0,4802.398249072418,,,43455.036357563025,64.0,159.0,Google TPU v4,Google TPU v4,Open weights (non-commercial),Yes,Unreleased,Confident,"Operation counting,Third-party estimation"
all,Eleven Monolingual v1,2023-01-16,ElevenLabs,ElevenLabs,Industry,United States of America,Speech,"Text-to-speech (TTS),Speech synthesis",,,,,,,,,,,,API access,No,Unreleased,Unknown,
all,Adaptive Agent,2023-01-18,DeepMind,DeepMind,Industry,United Kingdom of Great Britain and Northern Ireland,Games,Open ended play,2.8e+21,533000000.0,,,840.0,35.0,,,157.0,Google TPU v3,Google TPU v3,Unreleased,No,Unreleased,Speculative,Hardware
all,Operator,2023-01-23,OpenAI,OpenAI,Industry,United States of America,Language,"Language modeling/generation,Question answering,System control,Code generation,Instruction interpretation,Search,Quantitative reasoning",,,,,,,,,,,,API access,No,Unreleased,Unknown,
all,GPT-2+Active-SGD (WT2),2023-01-24,University of Montreal / Université de Montréal,University of Montreal / Université de Montréal,Academia,Canada,Language,Language modeling,2.976e+17,124000000.0,,,,,,1.0,,"NVIDIA P100,NVIDIA V100",NVIDIA V100,Unreleased,No,Unreleased,Likely,Operation counting
all,mini-GPT-2+Active-AdamW,2023-01-24,HEC Montreal,HEC Montreal,Academia,Canada,Language,Language modeling,,,,,,,,1.0,,"NVIDIA V100,NVIDIA P100",NVIDIA V100,Unreleased,No,Unreleased,Confident,
all,MoLFormer-XL,2023-01-25,IBM,IBM,Industry,United States of America,Biology,"Protein generation,Protein folding prediction",4.509e+20,,,,208.0,8.666666666666666,9583.748775717228,16.0,,NVIDIA V100,NVIDIA V100,Open weights (unrestricted),Yes,Open source,Confident,Hardware
all,Moxiaoxian,2023-01-25,,,,,,,,3500000000.0,,,,,,,,,,,,,Likely,
all,Pinshang,2023-01-25,,,,,,,,,,,,,,,,,,,,,Unknown,
all,MusicLM,2023-01-26,Google,Google,Industry,United States of America,Audio,Audio generation,,860000000.0,,,,,,,671.0,,,Unreleased,No,Unreleased,Confident,
all,DDPM-IP (CelebA),2023-01-27,Utrecht University,Utrecht University,Academia,Netherlands,Image generation,"Image generation,Text-to-image",3.5e+20,295000000.0,831488000.0,390.4861317667304,120.0,5.0,,,102.0,NVIDIA V100,NVIDIA V100,Open weights (unrestricted),Yes,Open source,Likely,Hardware
all,Protst,2023-01-28,Mila - Quebec AI (originally Montreal Institute for Learning Algorithms),"Mila - Quebec AI (originally Montreal Institute for Learning Algorithms),University of Montreal / Université de Montréal,Intel Labs,HEC Montreal,CIFAR AI Research",Industry-academia collaboration,Multinational,Biology,Protein or nucleotide language model (pLM/nLM),1.400000000000012e+19,,,,,,,,124.0,,,,,,Likely,Hardware
all,RESP AI,2023-01-28,University of California San Diego,University of California San Diego,Academia,United States of America,Biology,"Drug discovery,Proteins",,,,,,,,,,,,Open weights (unrestricted),Yes,Open source,Confident,
all,Genie-SCOPe (bio),2023-01-29,Columbia University,Columbia University,Academia,United States of America,Biology,Protein design,1.81149696e+21,4100000.0,1753200.0,,336.0,14.0,9582.89511749987,12.0,,NVIDIA A100,NVIDIA A100 / A800,Open weights (unrestricted),Yes,Open source,Confident,Hardware
all,BLIP-2 (Q-Former),2023-01-30,Salesforce Research,Salesforce Research,Industry,United States of America,Vision,"Visual question answering,Image captioning",1.20000000001e+21,1480000000.0,2322000000.0,1960.8225382725811,200.0,8.333333333333334,12776.908953102382,16.0,8019.0,NVIDIA A100 SXM4 40 GB,NVIDIA A100 / A800,Open weights (unrestricted),Yes,Open source,Confident,Hardware
all,Flan T5-XXL + BLIP-2,2023-01-30,Salesforce Research,Salesforce Research,Industry,United States of America,Multimodal,"Vision-language generation,Chat,Visual question answering",,12100000000.0,,99690.24664120316,200.0,8.333333333333334,,,8019.0,NVIDIA A100 SXM4 40 GB,NVIDIA A100 / A800,Open weights (unrestricted),Yes,Open source,Confident,
all,KeAP,2023-01-30,The University of Hong Kong,"The University of Hong Kong,ByteDance,JancsiTech,OPPO HealthLab",Industry-academia collaboration,Multinational,Biology,"Proteins,Protein representation learning",,,36000000.0,,,,,,11.0,,,,,,Likely,
all,UniPi,2023-01-31,Google DeepMind,"Google DeepMind,Massachusetts Institute of Technology (MIT),University of California (UC) Berkeley,Georgia Institute of Technology,University of Alberta",Industry-academia collaboration,Multinational,Video,Video generation,,,,,,,,,503.0,Google TPU v4,Google TPU v4,Open weights (unrestricted),Yes,Open source,Unknown,
all,CD-GraB (WT103),2023-02-02,Cornell University,Cornell University,Academia,United States of America,Language,Language modeling,,6846080.0,,,,,,,9.0,,,Unreleased,No,Open source,,
all,CD-GraB (WT2),2023-02-02,Cornell University,Cornell University,Academia,United States of America,Language,Language modeling,,,,,,,1716.782441744986,4.0,9.0,NVIDIA GeForce RTX 2080,NVIDIA consumer / workstation GPU,Unreleased,No,Open source,Confident,
all,Chemistry42,2023-02-02,Insilico Medicine AI,Insilico Medicine AI,Industry,Hong Kong,Biology,Drug discovery,,,,,,,,,,,,,,,Unknown,
all,ProteinSGM,2023-02-04,University of Toronto,University of Toronto,Academia,Canada,Biology,Protein design,3.024e+19,,,,168.0,7.0,329.03896884421727,1.0,,NVIDIA V100,NVIDIA V100,,,,Confident,Hardware
all,Gen-1,2023-02-06,Runway,Runway,Industry,United States of America,Video,"Video generation,Text-to-video",,,,,,,,,734.0,,,API access,No,Unreleased,Unknown,
all,ProteinDT,2023-02-09,University of California (UC) Berkeley,"University of California (UC) Berkeley,California Institute of Technology,University of Toronto,University of Wisconsin Madison,Texas A&M,NVIDIA,Mila - Quebec AI (originally Montreal Institute for Learning Algorithms)",Industry-academia collaboration,Multinational,Biology,"Proteins,Protein representation learning,Protein generation,Protein design",,,132303900.0,,,,,,,,,Open weights (unrestricted),Yes,Open source,Likely,
all,ToolFormer,2023-02-09,Meta AI,Meta AI,Industry,United States of America,Language,,,6700000000.0,,,,,6387.031966302971,8.0,3842.0,NVIDIA A100 SXM4 40 GB,NVIDIA A100 / A800,,,,Confident,
all,ControlNet,2023-02-10,Stanford University,Stanford University,Academia,United States of America,Image generation,,,,,,,,,,,,,,,,Unknown,
all,ViT-22B,2023-02-10,Google,Google,Industry,United States of America,Vision,"Object detection,Image classification",1.93248e+23,21743000000.0,4000000000.0,285555.57016183576,347.4,14.475,694893.6029178143,1024.0,862.0,Google TPU v4,Google TPU v4,Unreleased,No,Unreleased,Confident,Hardware
all,BASIC-L + Lion,2023-02-13,Google,"Google,University of California Los Angeles (UCLA)",Industry-academia collaboration,United States of America,Vision,Image classification,,3070000000.0,,,,,,,626.0,,,Unreleased,No,Open source,Confident,
all,Anthropic LM 175B,2023-02-15,Anthropic,Anthropic,Industry,United States of America,Language,"Language modeling/generation,Question answering",,175000000000.0,,,,,,,206.0,,,Unreleased,No,Unreleased,Confident,
all,E-SPA,2023-02-20,University of Oxford,"University of Oxford,DeepMind",Industry-academia collaboration,United Kingdom of Great Britain and Northern Ireland,Language,"Language modeling/generation,Question answering",,243000000.00000003,,,,,,,51.0,,,Unreleased,No,Unreleased,,
all,Hyena 1.3B,2023-02-21,Stanford University,"Stanford University,University of Montreal / Université de Montréal,Mila - Quebec AI (originally Montreal Institute for Learning Algorithms)",Academia,Multinational,Language,Language modeling/generation,4.76e+19,1300000000.0,,,,,6385.325372107343,8.0,497.0,NVIDIA A100 SXM4 80 GB,NVIDIA A100 / A800,Unreleased,No,Unreleased,Likely,Comparison with other models
all,Hyena-2 153M,2023-02-21,Stanford University,"Stanford University,University of Montreal / Université de Montréal,Mila - Quebec AI (originally Montreal Institute for Learning Algorithms)",Academia,Multinational,Language,Language modeling/generation,1.87e+19,153000000.0,15000000000.0,,,,6385.325372107343,8.0,497.0,NVIDIA A100 SXM4 80 GB,NVIDIA A100 / A800,Open weights (unrestricted),Yes,Unreleased,Confident,"Reported,Operation counting"
all,Hyena-2 355M,2023-02-21,Stanford University,"Stanford University,University of Montreal / Université de Montréal,Mila - Quebec AI (originally Montreal Institute for Learning Algorithms)",Academia,Multinational,Language,Language modeling/generation,3.93e+19,355000000.0,15000000000.0,,,,6385.325372107343,8.0,497.0,NVIDIA A100 SXM4 80 GB,NVIDIA A100 / A800,Unreleased,No,Unreleased,Confident,"Reported,Operation counting"
all,Hyena-3-slim,2023-02-21,Stanford University,"Stanford University,University of Montreal / Université de Montréal,Mila - Quebec AI (originally Montreal Institute for Learning Algorithms)",Academia,Multinational,Language,Language modeling/generation,,125000000.0,,,,,,,497.0,,,Unreleased,No,Unreleased,Unknown,
all,LLaMA-65B,2023-02-24,Meta AI,Meta AI,Industry,United States of America,Language,"Language modeling,Code generation",5.5e+23,65200000000.0,1400000000000.0,578026.3043,500.0,20.833333333333332,1634534.091472035,2048.0,19926.0,NVIDIA A100,NVIDIA A100 / A800,Open weights (non-commercial),Yes,Unreleased,Confident,Operation counting
all,LLaMA-7B,2023-02-24,Meta AI,Meta AI,Industry,United States of America,Language,"Language modeling,Code generation",4.00000001e+22,6700000000.0,1000000000000.0,46889.820096866126,,,,,19926.0,NVIDIA A100,NVIDIA A100 / A800,Open weights (non-commercial),Yes,Unreleased,Confident,Operation counting
all,CodeGen-Mono 16.1B,2023-02-27,Salesforce,Salesforce,Industry,United States of America,Language,"Code generation,Code autocompletion",,16100000000.0,71700000000.0,,,,,,1473.0,Google TPU v4,Google TPU v4,Open weights (unrestricted),Yes,,Likely,
all,LLaMA-13B,2023-02-27,Meta AI,Meta AI,Industry,United States of America,Language,"Language modeling,Code generation",7.8e+22,13000000000.0,1000000000000.0,61300.86591335317,,,,,19926.0,NVIDIA A100,NVIDIA A100 / A800,Open weights (non-commercial),Yes,Unreleased,Confident,Operation counting
all,LLaMA-33B,2023-02-27,Meta AI,Meta AI,Industry,United States of America,Language,"Language modeling,Code generation,Language modeling/generation,Question answering",2.7300000000001e+23,32500000000.0,1400000000000.0,,,,,,19926.0,,,Open weights (non-commercial),Yes,Unreleased,Confident,Operation counting
all,MsPBRsP,2023-02-27,Zhengzhou University,Zhengzhou University,Academia,China,Biology,Protein interaction prediction,,,,,,,235.6905104555972,1.0,,NVIDIA GeForce RTX 2080,NVIDIA consumer / workstation GPU,,,,Confident,Hardware
all,Cohere Command,2023-03-01,Cohere,Cohere,Industry,Canada,Language,Language modeling/generation,,52000000000.0,,,,,,,,Google TPU v4,Google TPU v4,API access,No,Unreleased,Speculative,
all,Jurassic-2 Jumbo,2023-03-01,AI21 Labs,AI21 Labs,Industry,Israel,Language,"Language modeling,Translation,Language modeling/generation,Question answering",,178000000000.0,,,,,,,,,,API access,No,Unreleased,,
all,Kosmos-1,2023-03-01,Microsoft,Microsoft,Industry,United States of America,Multimodal,"Visual question answering,Image captioning,Language modeling/generation,Chat,Question answering,Document classification,Image classification,Visual puzzles",3.456e+21,1600000000.0,360000000000.0,,,,,,,,,Unreleased,No,Unreleased,Likely,Operation counting
all,MengziGPT-General-7B,2023-03-01,Langboat,Langboat,Industry,China,Language,"Language modeling/generation,Question answering",,7000000000.0,,,,,,,,,,,,,Confident,
all,Palmyra Large 20B,2023-03-01,Writer,Writer,Industry,United States of America,Language,Language modeling,9.6e+22,20000000000.0,800000000000.0,,,,,,,,,Open weights (unrestricted),Yes,Unreleased,Speculative,Operation counting
all,gpt-sw3-40b,2023-03-01,AI Sweden,AI Sweden,,Sweden,Language,"Language modeling/generation,Chat",7.68e+22,40000000000.0,,,,,,,,,,Open weights (restricted use),Yes,Unreleased,Confident,Operation counting
all,Consistency Model (CIFAR-10),2023-03-02,OpenAI,OpenAI,Industry,United States of America,Image generation,Image generation,,,,,,,,,,,,,,,Unknown,
all,DiT-XL/2,2023-03-02,New York University (NYU),"New York University (NYU),University of California (UC) Berkeley",Academia,United States of America,Image generation,Image generation,6e+20,675000000.0,,111048.19613085664,,,,,5753.0,Google TPU v3,Google TPU v3,Open weights (non-commercial),Yes,Open (non-commercial),Confident,"Hardware,Other"
all,Flan UL2,2023-03-03,Google Brain,Google Brain,Industry,United States of America,Language,Language generation,,19500000000.0,,,,,,,387.0,,,Open weights (unrestricted),Yes,Unreleased,Confident,
all,AudioGen,2023-03-05,Meta AI,"Meta AI,Hebrew University of Jerusalem",Industry-academia collaboration,Multinational,Audio,Audio generation,9.5e+21,1000000000.0,230400000000.0,9429.74091062958,168.0,7.0,,,436.0,NVIDIA A100,NVIDIA A100 / A800,Open weights (non-commercial),Yes,Open source,Likely,Hardware
all,PaLM-E,2023-03-06,Google,"Google,TU Berlin",Industry-academia collaboration,Multinational,Robotics,"Visual question answering,Robotic manipulation,Image captioning,Language generation",,562000000000.0,,,,,,,2645.0,,,Unreleased,No,Unreleased,Likely,
all,Uni-Mol Molecular Model,2023-03-06,Renmin University of China,"Renmin University of China,DP Technology,AI for Science Institute, Beijing (AISI)",Industry-academia collaboration,China,Biology,"Molecular representation learning,Molecular property prediction,Protein-ligand contact prediction,Drug discovery",5.413824e+18,,,,20.0,0.8333333333333334,3989.67317269014,8.0,,NVIDIA Tesla V100 DGXS 32 GB,NVIDIA V100,Open weights (unrestricted),Yes,Open source,Confident,Hardware
all,VALL-E X,2023-03-07,Microsoft,Microsoft,Industry,United States of America,Speech,"Translation,Speech synthesis,Speech recognition (ASR),Speech-to-speech",1.2e+21,700000000.0,151200000000.0,,,,,,262.0,NVIDIA V100,NVIDIA V100,Unreleased,No,,Likely,Operation counting
all,Pythia-Chat-Base-7B-v0.16,2023-03-08,Together,Together,Industry,United States of America,Language,Chat,,7000000000.0,,,,,,8.0,,,,Open weights (unrestricted),Yes,,Confident,
all,Alpaca,2023-03-13,Stanford University,Stanford University,Academia,United States of America,Language,"Language modeling/generation,Question answering",,7000000000.0,,100.0,3.0,0.125,6382.482061713183,8.0,,NVIDIA A100 SXM4 80 GB,NVIDIA A100 / A800,Open weights (non-commercial),Yes,Open (non-commercial),Confident,Hardware
all,Claude,2023-03-14,Anthropic,Anthropic,Industry,United States of America,Language,"Language modeling,Chat,Language modeling/generation,Question answering",,,,,,,,,,,,API access,No,Unreleased,Unknown,
all,Falcon-40B,2023-03-15,Technology Innovation Institute,Technology Innovation Institute,Government,United Arab Emirates,Language,"Language modeling,Language modeling/generation,Question answering",2.4e+23,40000000000.0,1000000000000.0,319783.157242365,1440.0,60.0,306345.49441527214,384.0,,NVIDIA A100,NVIDIA A100 / A800,Open weights (unrestricted),Yes,Unreleased,Confident,"Operation counting,Reported"
all,GPT-4 (Mar 2023),2023-03-15,OpenAI,OpenAI,Industry,United States of America,Multimodal,"Language modeling,Language modeling/generation,Question answering,Visual question answering",2.1e+25,1800000000000.0,5416666666666.667,37334304.976625234,2280.0,95.0,19944368.12599428,25000.0,24490.0,NVIDIA A100 SXM4 40 GB,NVIDIA A100 / A800,API access,No,Unreleased,Likely,Hardware
all,LEP-AD,2023-03-15,King Abdullah University of Science and Technology (KAUST),"King Abdullah University of Science and Technology (KAUST),Karolinska Institute",Academia,Multinational,Biology,"Proteins,Protein interaction prediction,Drug discovery,Protein-ligand binding affinity prediction",,3007381000.0,1244420.0,,,,,,1.0,,,Unreleased,No,Open (non-commercial),Confident,
all,RIO,2023-03-15,West Lake Xinchen / Xinchen AI / 西湖心辰（杭州）科技有限公司,West Lake Xinchen / Xinchen AI / 西湖心辰（杭州）科技有限公司,Industry,China,Language,"Language modeling/generation,Question answering,Search",,100000000000.0,,,,,,,,,,,,,Likely,
all,Gen-2,2023-03-20,Runway,Runway,Industry,United States of America,Video,"Video generation,Text-to-video,Image-to-video,Video-to-video",,,,,,,,,,,,API access,No,Unreleased,Unknown,
all,PanGu-Σ,2023-03-20,Huawei Noah's Ark Lab,Huawei Noah's Ark Lab,Industry,China,Language,"Code generation,Language modeling,Translation,Question answering",4.67e+23,1085000000000.0,329000000000.0,,2400.0,100.0,316521.76523003745,512.0,78.0,Huawei Ascend 910,Huawei Ascend,Unreleased,No,Unreleased,Confident,Hardware
all,Firefly,2023-03-21,Adobe,Adobe,Industry,United States of America,Image generation,"Image generation,Text-to-image",,,,,,,,,,,,Hosted access (no API),No,Unreleased,Unknown,
all,LightOn Mini,2023-03-21,LightOn,LightOn,Industry,France,Language,"Language modeling/generation,Chat",2.4e+23,40000000000.0,1000000000000.0,,,,,,,,,Hosted access (no API),No,Unreleased,Confident,Operation counting
all,Sparse Wide GPT-3 Small,2023-03-21,Cerebras Systems,Cerebras Systems,Industry,United States of America,Language,"Language modeling/generation,Question answering",1.875e+18,1300000000.0,2500000000.0,,,,,,8.0,Cerebras CS-2,Cerebras CS-2,Unreleased,No,Unreleased,Speculative,Operation counting
all,Lightweight Fine-tuning a Pretrained Protein Language Model for Protein Secondary,2023-03-23,Henan University,Henan University,Academia,China,Biology,"Protein or nucleotide language model (pLM/nLM),Protein folding prediction",1.8710548688e+22,,10000001.0,,27.0,1.125,493.0421354054347,1.0,,NVIDIA GeForce RTX 3090 Ti,NVIDIA consumer / workstation GPU,,,,Confident,Hardware
all,CPM-Bee,2023-03-24,Tsinghua University,"Tsinghua University,Beijing Academy of Artificial Intelligence / BAAI,ModelBest,OpenBMB (Open Lab for Big Model Base)",Industry-academia collaboration,China,Language,"Language modeling/generation,Question answering",6.012e+22,10000000000.0,140066666667.0,,,,,,,,,Open weights (unrestricted),Yes,Unreleased,Confident,Operation counting
all,minChatGPT,2023-03-24,Stanford University,Stanford University,Academia,United States of America,Language,Chat,,1639000000.0,,,,,,,,,,Open weights (unrestricted),Yes,,Confident,
all,BELLE-7B-0.6M,2023-03-26,KE Holdings Inc. (“Beike”),KE Holdings Inc. (“Beike”),Industry,China,Language,Language modeling/generation,,7000000000.0,,,,,,,,,,Open weights (unrestricted),Yes,,Confident,
all,EVA-CLIP (EVA-02-CLIP-E/14+),2023-03-27,Beijing Academy of Artificial Intelligence / BAAI,"Beijing Academy of Artificial Intelligence / BAAI,Huazhong University of Science and Technology",Academia,China,Vision,Image classification,3.456e+22,5000000000.0,,,,,17227.329744049177,144.0,,NVIDIA RTX A1000,NVIDIA consumer / workstation GPU,Open weights (unrestricted),Yes,Unreleased,Confident,Operation counting
all,SigLIP 400M,2023-03-27,Google DeepMind,Google DeepMind,Industry,United States of America,Vision,"Image classification,Image embedding",4.9467301e+21,400000000.0,6705000000000.0,,120.0,5.0,21693.674492506372,32.0,,Google TPU v4,Google TPU v4,Open weights (unrestricted),Yes,Unreleased,Confident,"Hardware,Operation counting"
all,SigLiT,2023-03-27,Google DeepMind,Google DeepMind,Industry,United States of America,Vision,Image classification,7.6032e+19,,,,48.0,2.0,2711.7093115632965,4.0,,Google TPU v4,Google TPU v4,Open weights (unrestricted),Yes,,Confident,Hardware
all,ERNIE-ViLG 2.0,2023-03-28,Baidu,"Baidu,Wuhan University of Science and Technology",Industry-academia collaboration,China,Image generation,Image generation,4.658135e+22,24000000000.0,11141120000000.0,,432.0,18.0,255214.01639286993,320.0,,NVIDIA A100,NVIDIA A100 / A800,API access,No,Unreleased,Confident,Hardware
all,VideoMAE V2,2023-03-29,Nanjing University,"Nanjing University,Shenzhen Institute of Advanced Technology,Shanghai AI Lab",Academia,China,Video,Action recognition,9.7e+21,1000000000.0,1243350000.0,18339.96928068276,336.0,14.0,51041.66660009344,64.0,664.0,NVIDIA A100 SXM4 80 GB,NVIDIA A100 / A800,Open weights (unrestricted),Yes,Open source,Confident,Hardware
all,BloombergGPT,2023-03-30,Bloomberg,"Bloomberg,Johns Hopkins University",Industry-academia collaboration,United States of America,Language,"Language modeling,Language modeling/generation,Question answering,Financial management,Text classification",2.36e+23,50558868480.0,569000000000.0,369586.1352802876,1270.0,52.916666666666664,408324.2395754059,512.0,1299.0,NVIDIA A100,NVIDIA A100 / A800,Unreleased,No,Unreleased,Confident,"Reported,Hardware"
all,Vicuna-13B v0,2023-03-30,Large Model Systems Organization,"Large Model Systems Organization,University of California (UC) Berkeley",Academia,United States of America,Language,"Language modeling/generation,Chat",,13000000000.0,207200000.0,300.0,,,6380.066243365717,8.0,,NVIDIA A100,NVIDIA A100 / A800,Open weights (restricted use),Yes,Open source,Likely,Operation counting
all,Vicuna-7B v0,2023-03-30,Large Model Systems Organization,"Large Model Systems Organization,University of California (UC) Berkeley",Academia,United States of America,Language,Language modeling/generation,,7000000000.0,207200000.0,140.0,,,6380.066243365717,8.0,,NVIDIA A100,NVIDIA A100 / A800,Open weights (restricted use),Yes,Open source,Likely,Operation counting
all,STEPS,2023-04-01,McGill University,"McGill University,Mila - Quebec AI (originally Montreal Institute for Learning Algorithms),Baidu Research - Silicon Valley AI Lab,Baidu,Boston Consulting Group X",Industry-academia collaboration,Multinational,Biology,"Protein classification,Protein localization prediction,Enzyme-catalyzed reaction classification",,,,,,,,,75.0,,,Unreleased,No,Open (non-commercial),Confident,
all,Yiye Qingzhou,2023-04-01,EFFYIC (识因智能),EFFYIC (识因智能),Industry,China,Multimodal,"Language modeling/generation,Question answering,Visual question answering,Speech recognition (ASR),Video description",,540000000000.0,,,,,,,,,,,,Unreleased,Confident,
all,MahLool,2023-04-03,University of Rochester,University of Rochester,Academia,United States of America,Biology,Protein property prediction,,,,,,,,,,,,,,,Confident,
all,Pythia-1.4b,2023-04-03,EleutherAI,"EleutherAI,Booz Allen Hamilton, McLean,University of Cambridge,Indraprastha Institute of Information Technology
Delhi,Stability AI,datasaur.ai,University of Amsterdam",Industry-academia collaboration,Multinational,Language,"Language modeling/generation,Question answering",2.5190000000001e+21,1400000000.0,299892736000.0,,,,51035.98358737197,64.0,1862.0,NVIDIA A100 SXM4 40 GB,NVIDIA A100 / A800,Open weights (unrestricted),Yes,Open source,Confident,Operation counting
all,Pythia-12b,2023-04-03,EleutherAI,"EleutherAI,Booz Allen Hamilton, McLean,University of Cambridge,Indraprastha Institute of Information Technology
Delhi,Stability AI,datasaur.ai,University of Amsterdam",Industry-academia collaboration,Multinational,Language,"Language modeling/generation,Question answering",2.1590000000001e+22,12000000000.0,299892736000.0,,,,204143.93434948783,256.0,1862.0,NVIDIA A100 SXM4 40 GB,NVIDIA A100 / A800,Open weights (unrestricted),Yes,Open source,Confident,Operation counting
all,Pythia-160m,2023-04-03,EleutherAI,"EleutherAI,Booz Allen Hamilton, McLean,University of Cambridge,Indraprastha Institute of Information Technology
Delhi,Stability AI,datasaur.ai,University of Amsterdam",Industry-academia collaboration,Multinational,Language,"Language modeling/generation,Question answering",2.87900000001e+20,160000000.0,299892736000.0,,,,25517.991793685986,32.0,1862.0,NVIDIA A100 SXM4 40 GB,NVIDIA A100 / A800,Open weights (unrestricted),Yes,Open source,Confident,"Operation counting,Hardware"
all,Pythia-1b,2023-04-03,EleutherAI,"EleutherAI,Booz Allen Hamilton, McLean,University of Cambridge,Indraprastha Institute of Information Technology
Delhi,Stability AI,datasaur.ai,University of Amsterdam",Industry-academia collaboration,Multinational,Language,"Language modeling/generation,Question answering",1.799000000001e+21,1000000000.0,299892736000.0,,,,51035.98358737197,64.0,1862.0,NVIDIA A100 SXM4 40 GB,NVIDIA A100 / A800,Open weights (unrestricted),Yes,Open source,Confident,Operation counting
all,Pythia-2.8b,2023-04-03,EleutherAI,"EleutherAI,Booz Allen Hamilton, McLean,University of Cambridge,Indraprastha Institute of Information Technology
Delhi,Stability AI,datasaur.ai,University of Amsterdam",Industry-academia collaboration,Multinational,Language,"Language modeling/generation,Question answering",5.038000000001e+21,2800000000.0,299892736000.0,,,,51035.98358737197,64.0,1862.0,NVIDIA A100 SXM4 40 GB,NVIDIA A100 / A800,Open weights (unrestricted),Yes,Open source,Confident,Operation counting
all,Pythia-410m,2023-04-03,EleutherAI,"EleutherAI,Booz Allen Hamilton, McLean,University of Cambridge,Indraprastha Institute of Information Technology
Delhi,Stability AI,datasaur.ai,University of Amsterdam",Industry-academia collaboration,Multinational,Language,"Language modeling/generation,Question answering",7.37700000001e+20,410000000.0,299892736000.0,,,,25517.991793685986,32.0,1862.0,NVIDIA A100 SXM4 40 GB,NVIDIA A100 / A800,Open weights (unrestricted),Yes,Open source,Confident,Operation counting
all,Pythia-6.9b,2023-04-03,EleutherAI,"EleutherAI,Booz Allen Hamilton, McLean,University of Cambridge,Indraprastha Institute of Information Technology
Delhi,Stability AI,datasaur.ai,University of Amsterdam",Industry-academia collaboration,Multinational,Language,"Language modeling/generation,Question answering",1.2420000000001e+22,6900000000.0,299892736000.0,,,,102071.96717474391,128.0,1862.0,NVIDIA A100 SXM4 40 GB,NVIDIA A100 / A800,Open weights (unrestricted),Yes,Open source,Confident,Operation counting
all,Pythia-70m,2023-04-03,EleutherAI,"EleutherAI,Booz Allen Hamilton, McLean,University of Cambridge,Indraprastha Institute of Information Technology
Delhi,Stability AI,datasaur.ai,University of Amsterdam",Industry-academia collaboration,Multinational,Language,"Language modeling/generation,Question answering",1.26000000001e+20,70000000.0,299892736000.0,,,,25517.991793685986,32.0,1862.0,NVIDIA A100 SXM4 40 GB,NVIDIA A100 / A800,Open weights (unrestricted),Yes,Open source,Confident,Operation counting
all,BELLE-7B-0.2M,2023-04-05,KE Holdings Inc. (“Beike”),KE Holdings Inc. (“Beike”),Industry,China,Language,Language modeling/generation,,7000000000.0,,,,,,,,,,Open weights (unrestricted),Yes,,Confident,
all,BELLE-7B-1M,2023-04-05,KE Holdings Inc. (“Beike”),KE Holdings Inc. (“Beike”),Industry,China,Language,Language modeling/generation,,7000000000.0,,,,,,,,,,Open weights (unrestricted),Yes,,Confident,
all,BELLE-7B-2M,2023-04-05,KE Holdings Inc. (“Beike”),KE Holdings Inc. (“Beike”),Industry,China,Language,Language modeling/generation,,7000000000.0,,,,,,,,,,Open weights (unrestricted),Yes,,Confident,
all,EigenFold,2023-04-05,Massachusetts Institute of Technology (MIT),Massachusetts Institute of Technology (MIT),Academia,United States of America,Biology,Protein folding prediction,,,,,,,,,,,,Open weights (unrestricted),Yes,Open source,Unknown,
all,Segment Anything Model,2023-04-05,Meta AI,Meta AI,Industry,United States of America,Vision,Image segmentation,7.8e+21,636000000.0,1100000000.0,15888.411228475235,68.0,2.8333333333333335,204134.84223782964,256.0,13486.0,NVIDIA A100,NVIDIA A100 / A800,Open weights (unrestricted),Yes,Unreleased,Confident,Hardware
all,Cerebras-GPT-13B,2023-04-06,Cerebras Systems,Cerebras Systems,Industry,United States of America,Language,Language modeling,2.3e+22,13000000000.0,257100000000.0,,,,,,136.0,Cerebras CS-2,Cerebras CS-2,Open weights (unrestricted),Yes,Unreleased,Confident,Reported
all,DiffDock-PP,2023-04-08,Technical University of Munich,"Technical University of Munich,Massachusetts Institute of Technology (MIT)",Academia,Multinational,Biology,Protein interaction prediction,3.5382841e+16,1620000.0,42826.0,,,,,,67.0,,,,,,Likely,
all,EvoMIL,2023-04-08,University of Glasgow,"University of Glasgow,Cancer Research UK Beatson Institute",Academia,United Kingdom of Great Britain and Northern Ireland,Biology,Virus-host association prediction,,,10000.0,,,,,,2.0,,,,,,Unknown,
all,gLM,2023-04-08,Harvard University,Harvard University,Academia,United States of America,Biology,Protein or nucleotide language model (pLM/nLM),2.26437e+20,1000000000.0,,,,,,,,NVIDIA A100,NVIDIA A100 / A800,Open weights (non-commercial),Yes,Open (non-commercial),Likely,Hardware
all,Incoder-6.7B,2023-04-09,Facebook AI Research,"Facebook AI Research,University of Washington,University of California (UC) Berkeley,Carnegie Mellon University (CMU),Toyota Technological Institute at Chicago",Industry-academia collaboration,Multinational,Language,Code generation,3.00001e+21,6700000000.0,52000000000.0,3129.0771365574788,576.0,24.0,,,864.0,NVIDIA V100,NVIDIA V100,Open weights (non-commercial),Yes,Unreleased,Confident,Reported
all,SenseChat,2023-04-10,SenseTime,SenseTime,Industry,Hong Kong,Language,"Chat,Language modeling/generation",3.89e+24,180000000000.0,,5328550.47393551,,,,,,,,API access,No,Unreleased,Speculative,Hardware
all,Anthropic LM 52B,2023-04-12,Anthropic,Anthropic,Industry,United States of America,Language,"Language modeling/generation,Question answering",,52000000000.0,,,,,,,3982.0,,,Unreleased,No,Unreleased,Confident,
all,Dolly 2.0-12b,2023-04-12,Databricks,Databricks,Industry,United States of America,Language,Chat,,12000000000.0,1186286.0,,,,,,,,,Open weights (unrestricted),Yes,Open source,Confident,
all,DINOv2,2023-04-14,Facebook AI Research,"Facebook AI Research,INRIA",Industry-academia collaboration,Multinational,Vision,"Image representation,Image classification",7.41851136e+21,1140000000.0,36380002816.0,10203.60518105836,,,,,8133.0,NVIDIA A100 SXM4 40 GB,NVIDIA A100 / A800,Open weights (unrestricted),Yes,Open source,Confident,Hardware
all,HuaTuo,2023-04-14,Harbin Institute of Technology,Harbin Institute of Technology,Academia,China,Language,"Language modeling/generation,Question answering,Medical diagnosis",,7000000000.0,,,2.3,0.09583333333333333,,,264.0,NVIDIA A100 SXM4 80 GB,NVIDIA A100 / A800,Open weights (non-commercial),Yes,Open source,Confident,Hardware
all,Suno Bark Model,2023-04-15,Suno,Suno,Industry,United States of America,Audio,Audio generation,,300000000.0,,,,,,,,,,Open weights (non-commercial),Yes,Unreleased,Confident,
all,BELLE-LLaMA-EXT-7B,2023-04-16,KE Holdings Inc. (“Beike”),KE Holdings Inc. (“Beike”),Industry,China,Language,Language modeling/generation,,7000000000.0,3400000000.0,,,,6377.651339424,8.0,,NVIDIA A100 SXM4 80 GB,NVIDIA A100 / A800,Open weights (non-commercial),Yes,,Confident,Operation counting
all,OpenCLIP ViT-H-14-378-quickgelu,2023-04-16,Massachusetts Institute of Technology (MIT),Massachusetts Institute of Technology (MIT),Academia,United States of America,Vision,Image captioning,,986710000.0,,,,,,,,,,Open weights (restricted use),Yes,Open (restricted use),Confident,
all,LLaVA,2023-04-17,University of Wisconsin Madison,"University of Wisconsin Madison,Microsoft Research,Columbia University",Industry-academia collaboration,United States of America,Multimodal,"Chat,Question answering,Visual question answering",7.8049e+22,13000000000.0,,42.46267260692187,10.0,0.4166666666666667,6377.509314719864,8.0,9391.0,NVIDIA A100,NVIDIA A100 / A800,Open weights (unrestricted),Yes,Open source,Confident,Hardware
all,AiLMe-100B v3,2023-04-18,Qilin Hesheng Network Technology Co.,"Qilin Hesheng Network Technology Co., Ltd. (APUS)",Industry,China,Multimodal,"Image generation,Audio generation,Video generation,Language generation,Language modeling/generation,Question answering",,100000000000.0,,,,,,,,,,Unreleased,No,Unreleased,Confident,
all,Claude 1.3,2023-04-18,Anthropic,Anthropic,Industry,United States of America,Language,"Language modeling,Chat",,,,,,,,,,,,API access,No,Unreleased,Unknown,
all,MOSS-Moon-003,2023-04-19,Fudan University,Fudan University,Academia,China,Language,Code generation,6.67e+22,16000000000.0,700000000000.0,,,,,,,,,Open weights (unrestricted),Yes,Open source,Confident,Operation counting
all,AlphaLink,2023-04-20,Technische Universitat Berlin,"Technische Universitat Berlin,Research Cluster of Excellence,University of Edinburgh",Industry-academia collaboration,Multinational,Biology,Protein folding prediction,,93000000.0,,,120.0,5.0,,5.0,,,,Open weights (unrestricted),Yes,Open source,Speculative,Hardware
all,MiniGPT4 (Vicuna finetune),2023-04-20,King Abdullah University of Science and Technology (KAUST),King Abdullah University of Science and Technology (KAUST),Academia,Saudi Arabia,Multimodal,"Language modeling/generation,Chat,Visual question answering,Image captioning",,13000000000.0,1430000000.0,,10.0,0.4166666666666667,3188.541629791884,4.0,,NVIDIA A100,NVIDIA A100 / A800,Open weights (unrestricted),Yes,Open source,Confident,Hardware
all,Falcon-7B,2023-04-24,Technology Innovation Institute,Technology Innovation Institute,Government,United Arab Emirates,Language,"Language modeling/generation,Question answering",6.3e+22,7000000000.0,1500000000000.0,,,,306072.7310565314,384.0,,NVIDIA A100 SXM4 40 GB,NVIDIA A100 / A800,Open weights (unrestricted),Yes,Unreleased,Confident,"Operation counting,Reported"
all,GigaChat,2023-04-24,Sber,Sber,Industry-academia collaboration,Russia,Language,"Language modeling/generation,Question answering,Chat",,,,,,,,,,,,API access,No,Unreleased,Unknown,
all,WizardLM 70B,2023-04-24,Microsoft,"Microsoft,Peking University",Industry-academia collaboration,Multinational,Language,"Language modeling/generation,Chat",,70000000000.0,,,,,,,1211.0,,,Open weights (restricted use),Yes,Open source,Confident,
all,WizardLM-7B,2023-04-24,Microsoft,"Microsoft,Peking University",Industry-academia collaboration,Multinational,Language,Language modeling,4.02e+22,6700000000.0,,46907.42757520694,70.0,2.9166666666666665,4782.3864227583035,8.0,1211.0,NVIDIA V100,NVIDIA V100,Open weights (non-commercial),Yes,Open source,Confident,Hardware
all,ruGPT-3.5 13B,2023-04-24,Sber,Sber,Industry-academia collaboration,Russia,Language,"Chat,Language modeling/generation",1.0699776e+23,13000000000.0,300000000000.0,,1080.0,45.0,,512.0,,"NVIDIA A100,NVIDIA Tesla V100 SXM2",NVIDIA A100 / A800,Open weights (unrestricted),Yes,Unreleased,Confident,"Operation counting,Hardware"
all,Agile Soccer Robot,2023-04-26,Google DeepMind,Google DeepMind,Industry,United States of America,Robotics,"Animal (human/non-human) imitation,Sports",,,3140000000.0,,240.0,10.0,,,262.0,,,Unreleased,No,Unreleased,Unknown,
all,Eleven Multilingual v1,2023-04-27,ElevenLabs,ElevenLabs,Industry,United States of America,Speech,"Text-to-speech (TTS),Speech synthesis",,,,,,,,,,,,API access,No,Unreleased,Unknown,
all,Shishuo,2023-04-27,4Paradigm,4Paradigm,Industry,China,Multimodal,"Language modeling/generation,Code generation,Speech synthesis",,,,,,,,,,,,Hosted access (no API),No,Unreleased,Unknown,
all,MosaicML Diffusion,2023-04-28,Databricks,Databricks,Industry,United States of America,Image generation,"Image generation,Text-to-image",1.07085888e+22,1289952427.0,790000000.0,,186.0,7.75,102015.15602722247,128.0,,NVIDIA A100,NVIDIA A100 / A800,Unreleased,No,,Confident,Hardware
all,OpenLLaMA-13B,2023-05-01,OpenLM Research,OpenLM Research,Research collective,United States of America,Language,"Language modeling/generation,Question answering",7.8e+22,13000000000.0,1000000000000.0,,,,,,,Google TPU v4,Google TPU v4,Open weights (unrestricted),Yes,Unreleased,Confident,Operation counting
all,Wutong,2023-05-01,,,,,,,,,,,,,,,,,,,,,Unknown,
all,Perfusion,2023-05-02,NVIDIA,"NVIDIA,Tel Aviv University,Bar-Ilan University",Industry-academia collaboration,Multinational,Image generation,Text-to-image,,,,,,,,,237.0,NVIDIA A100,NVIDIA A100 / A800,Unreleased,No,Unreleased,Unknown,
all,CodeGen2,2023-05-03,Salesforce,Salesforce,Industry,United States of America,Language,Code generation,,16000000000.0,,,,,,,235.0,,,Open weights (unrestricted),Yes,,Confident,
all,MPT-7B,2023-05-05,MosaicML,MosaicML,Industry,United States of America,Language,"Language modeling/generation,Question answering",4.2e+22,7000000000.0,,,228.0,9.5,350622.43759455526,440.0,,NVIDIA A100 SXM4 40 GB,NVIDIA A100 / A800,Open weights (unrestricted),Yes,Open source,Confident,Hardware
all,Otter,2023-05-05,Nanyang Technological University,Nanyang Technological University,Academia,Singapore,Multimodal,"Chat,Visual question answering,Image captioning,Image generation,Vision-language generation",,1300000000.0,,,,,2789.042117229417,4.0,679.0,NVIDIA GeForce RTX 3090,NVIDIA consumer / workstation GPU,Open weights (unrestricted),Yes,Open source,Likely,
all,Spark,2023-05-06,iFlytek,iFlytek,Industry,China,Language,"Language modeling/generation,Question answering",,,,,,,,,,,,,,,Unknown,
all,ImageBind,2023-05-09,Meta AI,Meta AI,Industry,United States of America,Multimodal,"Image classification,Speech recognition (ASR),Image generation,Language modeling/generation",,932000000.0,,,,,,,1515.0,"NVIDIA V100,NVIDIA A100",NVIDIA A100 / A800,Open weights (non-commercial),Yes,Open (non-commercial),Likely,
all,StarCoder,2023-05-09,Hugging Face,"Hugging Face,ServiceNow,Northeastern University,Mila - Quebec AI (originally Montreal Institute for Learning Algorithms),Carnegie Mellon University (CMU),Johns Hopkins University,Leipzig University,ScaDS.AI,Queen Mary University of London,Roblox,Sea AI Lab,Technion - Israel Institute of Technology,Monash University,CSIRO,Data61,McGill University,Saama,University of British Columbia (UBC),Massachusetts Institute of Technology (MIT),Technical University of Munich,IBM,University of Vermont,UnfoldML,SAP,University of Notre Dame,Columbia University,New York University (NYU),University of Allahabad,Discover Dollar,Toloka,Telefonica,Stanford University,Weizmann Institute of Science,Alan Turing Institute,Wellesley College,EleutherAI,Forschungszentrum Julich",Industry-academia collaboration,Multinational,Language,Code generation,8.46e+22,15500000000.0,203750000000.0,212217.65075330864,625.5,26.0625,407960.6765621668,512.0,1181.0,NVIDIA A100 SXM4 80 GB,NVIDIA A100 / A800,Open weights (restricted use),Yes,Unreleased,Confident,"Reported,Hardware"
all,PaLM 2,2023-05-10,Google,Google,Industry,United States of America,Language,"Language modeling,Language modeling/generation",7.34e+24,340000000000.0,3600000000000.0,5014266.983518871,,,,,1734.0,Google TPU v4,Google TPU v4,API access,No,Unreleased,Likely,Operation counting
all,PaLM-2 Bison,2023-05-10,Google,Google,Industry,United States of America,Language,"Chat,Language modeling/generation,Question answering",,,,,,,,,,,,API access,No,Unreleased,Unknown,
all,PaLM-2 Gecko,2023-05-10,Google,Google,Industry,United States of America,Language,"Chat,Language modeling/generation,Question answering",,,,,,,,,,,,API access,No,Unreleased,Unknown,
all,PaLM-2 Otter,2023-05-10,Google,Google,Industry,United States of America,Language,"Chat,Language modeling/generation,Question answering",,,,,,,,,,,,API access,No,Unreleased,Unknown,
all,PaLM-2 Unicorn,2023-05-10,Google,Google,Industry,United States of America,Language,"Chat,Language modeling/generation,Question answering",,,,,,,,,,,,API access,No,Unreleased,Unknown,
all,ESM-GearNet,2023-05-11,Mila - Quebec AI (originally Montreal Institute for Learning Algorithms),"Mila - Quebec AI (originally Montreal Institute for Learning Algorithms),University of Montreal / Université de Montréal,IBM Research,HEC Montreal,CIFAR AI Research",Industry-academia collaboration,Multinational,Biology,"Proteins,Protein function prediction",2.145e+19,650000000.0,109500000.0,,,,3187.0508352441575,4.0,53.0,NVIDIA A100,NVIDIA A100 / A800,,,,Likely,
all,InstructBLIP,2023-05-11,Salesforce Research,"Salesforce Research,Hong Kong University of Science and Technology (HKUST),Nanyang Technological University",Industry-academia collaboration,Multinational,Multimodal,"Visual question answering,Chat",1.94e+20,13000000000.0,,,36.0,1.5,12748.20334097663,16.0,3418.0,NVIDIA A100 SXM4 40 GB,NVIDIA A100 / A800,Open weights (non-commercial),Yes,Open (non-commercial),Confident,Hardware
all,LMRec,2023-05-13,NAVER,"NAVER,Naver AI Lab",Industry,Korea (Republic of),Language,Language modeling/generation,1.9782e+18,210000000.0,12998864057.0,,,,,,,,,,,,Likely,Operation counting
all,A.X (Adot) 39B,2023-05-15,SK Telecom,SK Telecom,Industry,Korea (Republic of),Language,Chat,,39000000000.0,,,,,,,,,,Hosted access (no API),No,Unreleased,Speculative,
all,OpenCALM,2023-05-15,CyberAgent,CyberAgent,Industry,Japan,Language,Chat,8.95104e+19,7000000000.0,2131200000.0,,,,,,,,,Open weights (unrestricted),Yes,Unreleased,Speculative,Operation counting
all,Med-PaLM 2,2023-05-16,Google Research,"Google Research,DeepMind",Industry,Multinational,Medicine,Question answering,,340000000000.0,16020450.0,,,,,,,,,Unreleased,No,Unreleased,Likely,
all,WeLM,2023-05-16,WeChat AI,WeChat AI,Industry,China,Language,"Language modeling/generation,Translation",2.484338688e+22,10000000000.0,262000000000.0,,576.0,24.0,101974.27158107296,128.0,25.0,NVIDIA A100 SXM4 40 GB,NVIDIA A100 / A800,,,,Confident,Hardware
all,CoEdiT-xxl,2023-05-17,University of Minnesota,"University of Minnesota,Grammarly",Industry-academia collaboration,United States of America,Language,Language generation,,11000000000.0,1093333.3333333333,,,,,,79.0,NVIDIA A100,NVIDIA A100 / A800,Open weights (non-commercial),Yes,Open (non-commercial),Likely,
all,CongRong (从容大模型),2023-05-18,CloudWalk Technology,CloudWalk Technology,Industry-academia collaboration,China,Language,,,,,,,,,,,,,,,,Unknown,
all,LIMA,2023-05-18,Meta AI,"Meta AI,Carnegie Mellon University (CMU),University of Southern California,Tel Aviv University",Industry-academia collaboration,Multinational,Language,"Chat,Language modeling/generation",5.5000439e+23,65000000000.0,685300.0,,,,,,1274.0,,,Unreleased,No,Unreleased,Confident,Operation counting
all,ONE-PEACE,2023-05-18,Alibaba,"Alibaba,Huazhong University of Science and Technology",Industry-academia collaboration,China,Multimodal,"Image classification,Speech recognition (ASR),Audio question answering,Audio classification,Semantic segmentation",1.8e+20,4000000000.0,490617000000.0,,,,,,160.0,,,Open weights (unrestricted),Yes,Open source,Speculative,Operation counting
all,Tianhe Tianyuan,2023-05-18,National Supercomputer Center in Tianjin,National Supercomputer Center in Tianjin,Government,China,,,,,,,,,,,,,,,,,Confident,
all,XuanYuan 2.0,2023-05-19,Du Xiaoman,Du Xiaoman,Industry,China,Language,"Language modeling/generation,Chat",,176200000000.0,366000000000.0,,,,,,161.0,NVIDIA A100 SXM4 80 GB,NVIDIA A100 / A800,Open weights (restricted use),Yes,,Confident,
all,CodeT5+,2023-05-20,Salesforce,Salesforce,Industry,United States of America,Language,"Code generation,Code autocompletion",,16000000000.0,51500000000.0,,,,,,699.0,NVIDIA A100,NVIDIA A100 / A800,Open weights (unrestricted),Yes,Open source,Confident,
all,MMS-1B,2023-05-22,Meta AI,Meta AI,Industry,United States of America,Speech,Speech recognition (ASR),,1000000000.0,13610520000000.0,,,,50980.3235369173,64.0,621.0,NVIDIA A100 SXM4 80 GB,NVIDIA A100 / A800,Open weights (non-commercial),Yes,Open (non-commercial),Confident,
all,RWKV-4 14B,2023-05-22,RWKV Foundation,RWKV Foundation,Research collective,Multinational,Language,Language modeling,2.78e+22,14000000000.0,330000000000.0,,,,,,1042.0,NVIDIA A100 SXM4 80 GB,NVIDIA A100 / A800,,,,Confident,Operation counting
all,BiomedGPT (182M),2023-05-23,Lehigh University,"Lehigh University,University of Georgia,Samsung Research America,Harvard Medical School,University of Pennsylvania",Industry-academia collaboration,United States of America,Language,"Visual question answering,Medical diagnosis,Image captioning,Image classification,Text summarization,Language modeling/generation,Mortality prediction",,182000000.0,578699057.0,,,,4580.161444318493,10.0,,NVIDIA RTX A5000,NVIDIA consumer / workstation GPU,Open weights (unrestricted),Yes,Open source,Confident,
all,Goat-7B,2023-05-23,National University of Singapore,National University of Singapore,Academia,Singapore,Language,Quantitative reasoning,,7000000000.0,43700000.0,,,,,,107.0,NVIDIA A10 PCIe,NVIDIA A10 PCIe,Open weights (non-commercial),Yes,Open (non-commercial),Speculative,
all,Guanaco-65B,2023-05-23,University of Washington,University of Washington,Academia,United States of America,Language,Chat,5.5e+23,65000000000.0,,,24.0,1.0,,,4560.0,,,Open weights (non-commercial),Yes,Open source,Confident,Hardware
all,LLaMA-13B (LoRA finetuned),2023-05-23,NAVER,NAVER,Industry,Korea (Republic of),Language,"Language modeling/generation,Question answering",,13000000000.0,,,,,,,,,,Unreleased,No,Unreleased,Confident,
all,LLaMA-33B (LoRA finetuned),2023-05-23,NAVER,NAVER,Industry,Korea (Republic of),Language,"Language modeling/generation,Question answering",,33000000000.0,,,,,,5.0,,,,Unreleased,No,Unreleased,Confident,
all,LLaMA-65B (LoRA finetuned),2023-05-23,NAVER,NAVER,Industry,Korea (Republic of),Language,"Language modeling/generation,Question answering",,65200000000.0,,,,,,,,,,Unreleased,No,Unreleased,Confident,
all,LLaMA-7B (LoRA finetuned),2023-05-23,NAVER,NAVER,Industry,Korea (Republic of),Language,"Language modeling/generation,Question answering",,7000000000.0,,,,,,,,,,Unreleased,No,Unreleased,Confident,
all,ProlificDreamer,2023-05-23,Tsinghua University,"Tsinghua University,ShengShu",Industry-academia collaboration,China,3D modeling,3D reconstruction,,,,,,,,,,,,Unreleased,No,Open source,Unknown,
all,HuatuoGPT,2023-05-24,Shenzhen Research Institue of Big Data,"Shenzhen Research Institue of Big Data,Chinese University of Hong Kong (CUHK)",Academia,Multinational,Language,"Language modeling/generation,Question answering,Chat,Medical diagnosis",,13000000000.0,55611000.0,,,,,,,,,Open weights (unrestricted),Yes,Open source,Speculative,Operation counting
all,Shanhai,2023-05-24,Unisound,Unisound,Industry,China,Language,"Language modeling/generation,Question answering,Code generation",,,,,,,,,,,,Hosted access (no API),No,Unreleased,Unknown,
all,30B-Lazarus,2023-05-27,Caldera AI,Caldera AI,Research collective,,Language,"Language modeling/generation,Question answering",,30000000000.0,,,,,,,,,,Open weights (non-commercial),Yes,Unreleased,Confident,
all,DPO on Pythia-2.8B,2023-05-29,Stanford University,"Stanford University,CZ Biohub Network",Academia,United States of America,Language,"Language modeling/generation,Question answering",,2800000000.0,,,,,,,,,,Unreleased,No,Open source,Confident,
all,PaLI-X,2023-05-29,Google Research,Google Research,Industry,United States of America,Multimodal,"Image captioning,Video description,Character recognition (OCR),Visual question answering",5.6e+23,55000000000.0,,,,,,,282.0,,,Unreleased,No,Unreleased,Likely,
all,bpRNA-align,2023-05-29,Oregon State University,Oregon State University,Academia,United States of America,Biology,,,,,,,,,,,,,,,,Confident,
all,EGNN,2023-05-30,InstaDeep,InstaDeep,Industry,United Kingdom of Great Britain and Northern Ireland,Biology,Protein stability prediction,,,420479.0,,,,,,5.0,,,,,,Unknown,
all,MASSA,2023-05-30,Guangdong-Hong Kong-Macao Joint Laboratory of Human-Machine Intelligence-Synergy Systems,"Guangdong-Hong Kong-Macao Joint Laboratory of Human-Machine Intelligence-Synergy Systems,Shenzhen Institute of Advanced Technology,Chinese Academy of Sciences",Industry-academia collaboration,China,Biology,Protein representation learning,,,,,,,,,27.0,,,Open weights (non-commercial),Yes,Open (non-commercial),Likely,
all,UniDiffuser (多模态大模型),2023-05-30,ShengShu,"ShengShu,Tsinghua University,Beijing Academy of Artificial Intelligence / BAAI",Industry-academia collaboration,China,Image generation,"Text-to-image,Image captioning,Image generation,Image-to-image",1.992646656e+22,,,,672.0,28.0,70085.45767834295,88.0,,NVIDIA A100 SXM4 80 GB,NVIDIA A100 / A800,Open weights (unrestricted),Yes,Unreleased,Confident,Hardware
all,TransAct,2023-05-31,Pinterest,Pinterest,Industry,United States of America,Recommendation,Recommender system,1.656e+20,92000000.0,,,,,,,,,,Unreleased,No,Open source,Likely,Operation counting
all,Baichuan1-7B,2023-06-01,Baichuan,Baichuan,Industry,China,Language,"Language modeling/generation,Question answering",5.04e+22,7000559616.0,1200000000000.0,,,,509689.7180341823,1024.0,,NVIDIA A800 PCIe 40 GB,NVIDIA A100 / A800,Open weights (non-commercial),Yes,Open source,Confident,Operation counting
all,YaYi-7B,2023-06-03,Yayi (Wenge),Yayi (Wenge),Industry,China,,,,7000000000.0,,,,,,,,,,,,,Confident,
all,Polyglot-Ko-12.8B,2023-06-04,EleutherAI,EleutherAI,Research collective,United States of America,Language,"Translation,Language modeling/generation",1.28e+22,12898631680.0,95793000000.0,,,,203862.2671051655,256.0,35.0,NVIDIA A100,NVIDIA A100 / A800,Open weights (unrestricted),Yes,,Confident,Operation counting
all,life2vec,2023-06-05,Technical University of Denmark,"Technical University of Denmark,University of Copenhagen",Academia,Denmark,Medicine,Mortality prediction,163905134400000.0,8400000.0,3252086.0,,,,,,,,,Unreleased,No,,Speculative,Operation counting
all,GELU for CIFAR-10,2023-06-06,University of California (UC) Berkeley,"University of California (UC) Berkeley,Toyota Technological Institute at Chicago",Academia,United States of America,Vision,Image classification,741600000000.0,9888.0,50000.0,,,,,,,NVIDIA GeForce GTX TITAN X,NVIDIA consumer / workstation GPU,,,Open source,Speculative,Operation counting
all,LTM-1,2023-06-06,Magic,Magic,Industry,United States of America,Language,Code generation,,,,,,,,,,,,Unreleased,No,Unreleased,Unknown,
all,RedPajama-INCITE-7B-Base,2023-06-06,Together,Together,Industry,United States of America,Language,Chat,4.1e+22,6900000000.0,1001000000000.0,,,,1834678.6878449952,3072.0,,NVIDIA V100,NVIDIA V100,Open weights (unrestricted),Yes,Unreleased,Confident,Operation counting
all,MusicGen,2023-06-08,Meta AI,Meta AI,Industry,United States of America,Audio,Audio generation,,3359000000.0,14284800000000.0,,,,,,665.0,,,Open weights (non-commercial),Yes,Open source,Likely,
all,PolySphere-1,2023-06-08,AI inside,AI inside,Industry,Japan,Language,"Chat,Language modeling/generation,Japanese language modeling",,14000000000.0,,,,,,,,,,Unreleased,No,Unreleased,Likely,
all,PoET,2023-06-09,OpenProtein.ai,OpenProtein.ai,Industry,Singapore,Biology,"Protein generation,Protein or nucleotide language model (pLM/nLM)",2.3000000000000197e+20,57000000.0,,,72.0,3.0,5573.738213375315,7.0,83.0,NVIDIA A100,NVIDIA A100 / A800,,,,Confident,Hardware
all,SYNTERACT,2023-06-09,University of Delaware,University of Delaware,Academia,United States of America,Biology,Protein interaction prediction,,420000000.0,,,,,,,,,,,,,Confident,
all,Wu Dao Aquila-33B,2023-06-10,Beijing Academy of Artificial Intelligence / BAAI,Beijing Academy of Artificial Intelligence / BAAI,Academia,China,Language,"Chat,Code generation,Language modeling/generation,Question answering,Text summarization",,33000000000.0,,,,,,,,NVIDIA A100,NVIDIA A100 / A800,Unreleased,No,,Confident,
all,Wu Dao Aquila-7B,2023-06-10,Beijing Academy of Artificial Intelligence / BAAI,Beijing Academy of Artificial Intelligence / BAAI,Academia,China,Language,"Chat,Code generation",,7000000000.0,,,,,,,,NVIDIA A100,NVIDIA A100 / A800,Open weights (restricted use),Yes,Open source,Confident,
all,BELLE-LLaMA-13B-2M-enc,2023-06-12,KE Holdings Inc. (“Beike”),KE Holdings Inc. (“Beike”),Industry,China,Language,Language modeling/generation,,13000000000.0,,,,,,,,,,Open weights (non-commercial),Yes,,Confident,
all,BELLE-LLaMA-7B-0.6M-enc,2023-06-12,KE Holdings Inc. (“Beike”),KE Holdings Inc. (“Beike”),Industry,China,Language,Language modeling/generation,,7000000000.0,,,,,,,,,,Open weights (non-commercial),Yes,,Confident,
all,BELLE-LLaMA-7B-2M-enc,2023-06-12,KE Holdings Inc. (“Beike”),KE Holdings Inc. (“Beike”),Industry,China,Language,Language modeling/generation,,7000000000.0,,,,,,,,,,Open weights (non-commercial),Yes,,Confident,
all,GPT-3.5 Turbo,2023-06-13,OpenAI,OpenAI,Industry,United States of America,Language,"Language modeling/generation,Question answering,Chat",,20000000000.0,,,,,,,,,,API access,No,Unreleased,Likely,
all,GPT-4 (Jun 2023),2023-06-13,OpenAI,OpenAI,Industry,United States of America,Multimodal,"Language modeling,Language modeling/generation,Question answering,Visual question answering",2.1e+25,1800000000000.0,5416666666666.667,,2280.0,95.0,19904434.788947295,25000.0,24490.0,NVIDIA A100 SXM4 40 GB,NVIDIA A100 / A800,API access,No,Unreleased,Likely,Hardware
all,WizardCoder-15.5B,2023-06-14,Microsoft,Microsoft,Industry,United States of America,Language,Code generation,1.12e+23,15500000000.0,209715200.0,,,,,,952.0,,,Open weights (restricted use),Yes,Open source,Likely,Operation counting
all,Pix2Struct-Large,2023-06-15,Google Research,"Google Research,University of Cambridge",Industry-academia collaboration,Multinational,Vision,"Image captioning,Visual question answering",1.7380147e+20,1300000000.0,,,,,,128.0,,,,Open weights (unrestricted),Yes,Open source,Likely,Operation counting
all,GigaGAN,2023-06-19,POSTECH,"POSTECH,Carnegie Mellon University (CMU),Adobe",Industry-academia collaboration,Multinational,Image generation,"Text-to-image,Image generation",3.8680312e+22,1000000000.0,1960000000.0,,,,,,,,,Unreleased,No,Unreleased,Confident,Hardware
all,RoboCat,2023-06-20,Google DeepMind,"Google DeepMind,Google",Industry,United States of America,Robotics,Robotic manipulation,,1180000000.0,,,,,,,96.0,,,Unreleased,No,Unreleased,Speculative,
all,MPT-30B,2023-06-22,MosaicML,MosaicML,Industry,United States of America,Language,"Language generation,Code generation",1.8900000000001e+23,30000000000.0,1050000000000.0,,278.4,11.6,713231.9794598748,512.0,,NVIDIA H100 SXM5 80GB,NVIDIA H100 / H800 / H200,Open weights (unrestricted),Yes,Open source,Confident,Operation counting
all,Vicuna-13B-v1.3,2023-06-22,Large Model Systems Organization,"Large Model Systems Organization,University of California (UC) Berkeley",Academia,United States of America,Language,"Language modeling/generation,Chat",,13000000000.0,,,,,6368.142673748882,8.0,,NVIDIA A100,NVIDIA A100 / A800,Open weights (restricted use),Yes,Open source,Confident,Operation counting
all,Vicuna-33B-v1.3,2023-06-22,Large Model Systems Organization,"Large Model Systems Organization,University of California (UC) Berkeley",Academia,United States of America,Language,"Language modeling/generation,Chat",,33000000000.0,,,,,,,,,,Open weights (restricted use),Yes,Open source,Confident,Operation counting
all,Vicuna-7B-v1.3,2023-06-22,Large Model Systems Organization,"Large Model Systems Organization,University of California (UC) Berkeley",Academia,United States of America,Language,"Language modeling/generation,Chat",,7000000000.0,,,48.0,2.0,6368.142673748882,8.0,,NVIDIA A100,NVIDIA A100 / A800,Open weights (restricted use),Yes,Open source,Confident,"Operation counting,Hardware"
all,Inflection-1,2023-06-23,Inflection AI,Inflection AI,Industry,United States of America,Language,Language modeling,1.0001e+24,,,,,,,,,NVIDIA H100 SXM5 80GB,NVIDIA H100 / H800 / H200,Hosted access (no API),No,Unreleased,Speculative,Comparison with other models
all,Llama-2-Chinese 13B,2023-06-25,FlagAlpha,FlagAlpha,Research collective,China,Language,"Language modeling/generation,Question answering,Code generation,Quantitative reasoning",,13000000000.0,,,,,,,,,,Open weights (unrestricted),Yes,Open (non-commercial),Likely,
all,Kosmos-2,2023-06-26,Microsoft,Microsoft,Industry,United States of America,Multimodal,"Visual question answering,Image captioning,Named entity recognition (NER),Character recognition (OCR),Document representation",4.5500354284e+20,1600000000.0,25000000000.0,,24.0,1.0,152821.8105810948,256.0,1180.0,NVIDIA V100,NVIDIA V100,Open weights (unrestricted),Yes,Open source,Likely,"Operation counting,Hardware"
all,RWKV-4 World (7B),2023-06-26,RWKV Foundation,RWKV Foundation,Research collective,Multinational,Language,"Language modeling/generation,Chat",,7393000000.0,,,,,,,,,,Open weights (unrestricted),Yes,Open source,Confident,
all,Chirp,2023-06-27,Google,Google,Industry,United States of America,Speech,"Speech recognition (ASR),Speech-to-text",,2000000000.0,,,,,,,,,,API access,No,Unreleased,Confident,
all,ERNIE 3.5,2023-06-27,Baidu,Baidu,Industry,China,Language,"Language modeling,Language modeling/generation",,,,,,,,,,,,Hosted access (no API),No,Unreleased,Unknown,
all,HyenaDNA,2023-06-27,Stanford University,"Stanford University,Harvard University,Mila - Quebec AI (originally Montreal Institute for Learning Algorithms),University of Montreal / Université de Montréal",Academia,Multinational,Biology,Protein or nucleotide language model (pLM/nLM),1.811e+21,6600000.0,2945000000.0,5000.0,672.0,28.0,6367.433640556241,8.0,477.0,NVIDIA A100,NVIDIA A100 / A800,Open weights (restricted use),Yes,Open source,Confident,Hardware
all,Honghu Graphic,2023-06-28,China Unicom,China Unicom,Industry,China,Vision,"Text-to-image,Image generation,Image-to-image",,2000000000.0,,,,,,,,,,,,,Likely,
all,Multilingual-E5-large,2023-06-30,Microsoft,Microsoft,Industry,United States of America,Language,Semantic embedding,3.370752e+18,560000000.0,1000160000.0,,,,,,,,,Open weights (unrestricted),Yes,Unreleased,Likely,Operation counting
all,Stable Diffusion XL (SDXL),2023-07-04,Stability AI,Stability AI,Industry,United Kingdom of Great Britain and Northern Ireland,Image generation,"Image generation,Text-to-image",,3400000000.0,,,,,,,4666.0,,,Open weights (non-commercial),Yes,Unreleased,Speculative,
all,LongNet,2023-07-05,Microsoft,"Microsoft,Xi’an Jiaotong University",Industry-academia collaboration,Multinational,Language,Language modeling/generation,4.86e+21,2700000000.0,300000000000.0,,,,,,242.0,,,Unreleased,No,Open source,Confident,Operation counting
all,Pangu-Weather,2023-07-05,Huawei,Huawei,Industry,China,Earth science,Weather forecasting,3.98e+22,256000000.0,24457821696000.0,51279.01751905432,1536.0,64.0,114593.38832967015,192.0,197.0,NVIDIA V100,NVIDIA V100,Open weights (non-commercial),Yes,Unreleased,Confident,Hardware
all,CodeGen2.5,2023-07-06,Salesforce,Salesforce,Industry,United States of America,Language,Code generation,5.9e+22,7000000000.0,300000000000.0,,,,,,,,,Open weights (unrestricted),Yes,,Confident,Operation counting
all,InternLM,2023-07-06,Shanghai AI Lab,"Shanghai AI Lab,SenseTime",Industry-academia collaboration,Multinational,Language,Language modeling,9.984e+23,104000000000.0,1600000000000.0,1505257.378,,,,,,NVIDIA A100 SXM4 80 GB,NVIDIA A100 / A800,Unreleased,No,Unreleased,Confident,Operation counting
all,NEC LLM 13B,2023-07-06,NEC Laboratories,NEC Laboratories,Industry,United States of America,Language,"Language modeling/generation,Chat",,13000000000.0,,,,,,512.0,,,,,,,Confident,
all,xTrimoPGLM -100B,2023-07-06,Tsinghua University,"Tsinghua University,BioMap Research",Industry-academia collaboration,China,Biology,"Proteins,Protein or nucleotide language model (pLM/nLM),Protein generation",6.2e+23,100000000000.0,275000000000.0,1823415.258,3912.0,163.0,611151.12765533,768.0,135.0,NVIDIA A100 SXM4 40 GB,NVIDIA A100 / A800,Unreleased,No,Unreleased,Confident,"Reported,Operation counting,Hardware"
all,Pangu 3.0,2023-07-07,Huawei,Huawei,Industry,China,Multimodal,"Language modeling/generation,Image generation",,100000000000.0,,,,,,,,,,API access,No,,Likely,
all,TeleChat,2023-07-07,China Telecom,China Telecom,Industry,China,Language,"Chat,Language modeling/generation,Text summarization,Translation",,,,,,,,,,,,Unreleased,No,Unreleased,Unknown,
all,West Lake (“Xīhú / 西湖大模型”),2023-07-09,West Lake Xinchen / Xinchen AI / 西湖心辰（杭州）科技有限公司,West Lake Xinchen / Xinchen AI / 西湖心辰（杭州）科技有限公司,Industry,China,Multimodal,"Chat,Language modeling/generation,Question answering,Character recognition (OCR),Image captioning,Speech recognition (ASR),Text-to-speech (TTS)",,,,,,,,,,,,Open weights (non-commercial),Yes,Unreleased,Unknown,
all,Baichuan 1-13B,2023-07-11,Baichuan,Baichuan,Industry,China,Language,"Language modeling/generation,Question answering",9.36e+22,13264901120.0,1400000000000.0,,,,,,,,,Open weights (restricted use),Yes,Open source,Confident,Operation counting
all,Claude 2,2023-07-11,Anthropic,Anthropic,Industry,United States of America,Language,"Language modeling,Chat,Language modeling/generation,Question answering",3.866e+24,,,4902644.123383027,,,,,,,,API access,No,Unreleased,Speculative,"Benchmarks,Hardware"
all,Emu1 (BAAI),2023-07-11,Beijing Academy of Artificial Intelligence / BAAI,"Beijing Academy of Artificial Intelligence / BAAI,Tsinghua University,Peking University",Academia,China,Multimodal,"Image generation,Text autocompletion,Text-to-image,Visual question answering,Image captioning,Language modeling/generation",2.70000000001e+21,14000000000.0,,,48.0,2.0,101847.18028115285,128.0,,NVIDIA A100 SXM4 80 GB,NVIDIA A100 / A800,Open weights (non-commercial),Yes,Unreleased,Confident,Hardware
all,Med-PaLM,2023-07-12,Google Research,"Google Research,National Library of Medicine,DeepMind",Industry-academia collaboration,Multinational,Medicine,Question answering,,540000000000.0,,,,,,,,,,Unreleased,No,Unreleased,Confident,
all,Uni-RNA-L-24,2023-07-12,DP Technology,DP Technology,Industry,China,Biology,Protein or nucleotide language model (pLM/nLM),,400000000.0,,,,,763.8368417530193,128.0,20.0,Intel A100,NVIDIA A100 / A800,Unreleased,No,Unreleased,Likely,
all,Uni-RNA-L12,2023-07-12,DP Technology,DP Technology,Industry,China,Biology,Protein or nucleotide language model (pLM/nLM),,85000000.0,,,,,101844.9122337359,128.0,20.0,NVIDIA A100,NVIDIA A100 / A800,Unreleased,No,Unreleased,Likely,
all,Uni-RNA-L16,2023-07-12,DP Technology,DP Technology,Industry,China,Biology,Protein or nucleotide language model (pLM/nLM),,169000000.0,,,,,,,20.0,,,Unreleased,No,Unreleased,Likely,
all,Uni-RNA-L8,2023-07-12,DP Technology,DP Technology,Industry,China,Biology,Protein or nucleotide language model (pLM/nLM),,25000000.0,,,,,101844.9122337359,128.0,43.0,NVIDIA A100,NVIDIA A100 / A800,Unreleased,No,,Likely,
all,ChatRhino,2023-07-13,JD.com,JD.com,Industry,China,Language,Chat,,100000000000.0,,,,,,,,,,,,,Confident,
all,BaiLing,2023-07-15,Ant Group,Ant Group,Industry,China,Language,"Language modeling/generation,Question answering",,,,,,,,,,,,Unreleased,No,Unreleased,Unknown,
all,CryoChains,2023-07-15,University of California Santa Barbara (UCSB),"University of California Santa Barbara (UCSB),Stanford University",Academia,United States of America,Biology,Cryo-EM image reconstruction,,,,,,,,,,,,,,,Confident,
all,RetNet,2023-07-17,Microsoft Research,"Microsoft Research,Tsinghua University",Industry-academia collaboration,Multinational,Language,Language modeling,4.02e+21,6700000000.0,100000000000.0,,,,,,646.0,,,Unreleased,No,Unreleased,Confident,Operation counting
all,GPT3-2.7B (FlashAttention-2),2023-07-18,Stanford University,"Stanford University,Princeton University",Academia,United States of America,Language,Language modeling/generation,,2700000000.0,,,,,6364.456563115679,8.0,2682.0,NVIDIA A100 SXM4 80 GB,NVIDIA A100 / A800,Unreleased,No,,Confident,
all,Llama 2-13B,2023-07-18,Meta AI,Meta AI,Industry,United States of America,Language,Language modeling,1.6e+23,13000000000.0,2000000000000.0,235478.3811956922,,,,,16911.0,NVIDIA A100 SXM4 80 GB,NVIDIA A100 / A800,Open weights (restricted use),Yes,Unreleased,Confident,"Hardware,Operation counting"
all,Llama 2-34B,2023-07-18,Meta AI,Meta AI,Industry,United States of America,Language,Language modeling,4.08e+23,34000000000.0,2000000000000.0,600469.8720490151,,,,,16911.0,NVIDIA A100 SXM4 80 GB,NVIDIA A100 / A800,Unreleased,No,Unreleased,Confident,"Hardware,Operation counting"
all,Llama 2-70B,2023-07-18,Meta AI,Meta AI,Industry,United States of America,Language,"Language modeling,Language modeling/generation,Question answering",8.1e+23,70000000000.0,2000000000000.0,1102561.194,1728.0,72.0,795557.0703894598,1000.0,16911.0,NVIDIA A100 SXM4 80 GB,NVIDIA A100 / A800,Open weights (restricted use),Yes,Unreleased,Confident,"Hardware,Operation counting"
all,Llama 2-7B,2023-07-18,Meta AI,Meta AI,Industry,United States of America,Language,Language modeling,8.4e+22,7000000000.0,2000000000000.0,114259.38527188863,,,,,16911.0,NVIDIA A100 SXM4 80 GB,NVIDIA A100 / A800,Open weights (restricted use),Yes,Unreleased,Confident,"Hardware,Operation counting"
all,EXAONE 2.0,2023-07-19,LG AI Research,LG AI Research,Industry,Korea (Republic of),Multimodal,"Language modeling,Image generation,Visual question answering",,300000000000.0,,,,,,,,,,Unreleased,No,Unreleased,Speculative,
all,Stable Beluga 2,2023-07-20,Stability AI,Stability AI,Industry,United Kingdom of Great Britain and Northern Ireland,Language,Language generation,,70000000000.0,,,,,,,,,,Open weights (non-commercial),Yes,Unreleased,Likely,
all,Stable Beluga 1,2023-07-21,Stability AI,Stability AI,Industry,United Kingdom of Great Britain and Northern Ireland,Language,Language generation,,65200000000.0,,,,,,,,,,Open weights (non-commercial),Yes,Unreleased,Confident,
all,YAYI-13B-Llama2,2023-07-22,Yayi (Wenge),Yayi (Wenge),Industry,China,Language,Language modeling/generation,,13000000000.0,,,,,,,,,,Open weights (non-commercial),Yes,,Likely,Operation counting
all,YAYI-7B-Llama2,2023-07-22,Yayi (Wenge),Yayi (Wenge),Industry,China,Language,Language modeling/generation,,7000000000.0,,,,,,,,,,Open weights (non-commercial),Yes,,Likely,Operation counting
all,LM-Design,2023-07-23,ByteDance,"ByteDance,University of Wisconsin Madison",Industry-academia collaboration,Multinational,Biology,Protein design,1.400000000000012e+20,6900000.0,811080.0,,,,,,46.0,,,Unreleased,No,Unreleased,Confident,Hardware
all,RFdiffusion,2023-07-23,University of Washington,"University of Washington,Columbia University,Ecole Normale Supèrieure,University of Cambridge,Massachusetts Institute of Technology (MIT),Seoul National University",Academia,Multinational,Biology,"Protein generation,Protein folding prediction",,,,,672.0,28.0,38182.48764202212,64.0,,NVIDIA V100,NVIDIA V100,Open weights (unrestricted),Yes,Unreleased,Confident,Hardware
all,CharacterGLM,2023-07-25,Beijing Lingxin Intelligent Technology Co.,"Beijing Lingxin Intelligent Technology Co., Ltd.",Industry,China,,,,,,,,,,,,,,,,,Unknown,
all,WizardLM 13B v1.2,2023-07-25,Microsoft,"Microsoft,Peking University",Industry-academia collaboration,Multinational,Language,"Language modeling/generation,Question answering",,13000000000.0,,,,,,,,,,Open weights (restricted use),Yes,,Confident,
all,AudioLM,2023-07-26,Google Research,Google Research,Industry,United States of America,Audio,Audio generation,3.9e+18,1500000000.0,135000000000.0,,,,,,917.0,Google TPU v4,Google TPU v4,Unreleased,No,Unreleased,Speculative,Operation counting
all,BELLE-Llama2-13B-chat-0.4M,2023-07-27,KE Holdings Inc. (“Beike”),KE Holdings Inc. (“Beike”),Industry,China,Language,Language modeling/generation,,13000000000.0,,,,,,,,,,Open weights (non-commercial),Yes,,Confident,
all,Xinyi Video 1.0,2023-07-27,,,,,,,,,,,,,,,,,,,,,Unknown,
all,RT-2,2023-07-28,Google DeepMind,Google DeepMind,Industry,United States of America,Robotics,Robotic manipulation,,55000000000.0,,,,,,,3009.0,,,Unreleased,No,Unreleased,Confident,
all,Zi Yue,2023-07-28,NetEase,NetEase,Industry,China,Language,Chat,,,,,,,,,,,,,,,Unknown,
all,Zi Yue 2.0,2023-07-28,NetEase,NetEase,Industry,China,Language,Chat,,,,,,,,,,,,,,,Unknown,
all,bilingual-gpt-neox-4b,2023-07-31,rinna,rinna,Industry,Japan,Language,"Language generation,Translation",1.2e+22,3800000000.0,,,,,,,,,,Open weights (unrestricted),Yes,Unreleased,Likely,Operation counting
all,JIANG,2023-08-01,K.D. Feddersen (KDF),K.D. Feddersen (KDF),Industry,China,Language,Language modeling,4.03e+22,,466720000000.0,,1200.0,50.0,76349.67141784582,96.0,,NVIDIA A100 SXM4 80 GB,NVIDIA A100 / A800,Open weights (unrestricted),Yes,,Confident,Hardware
all,Vicuna-13B-v1.5,2023-08-01,Large Model Systems Organization,"Large Model Systems Organization,University of California (UC) Berkeley",Academia,United States of America,Language,"Language modeling/generation,Chat",,13000000000.0,,,,,,,,,,Open weights (restricted use),Yes,Open source,Likely,Operation counting
all,Vicuna-7B-v1.5,2023-08-01,Large Model Systems Organization,"Large Model Systems Organization,University of California (UC) Berkeley",Academia,United States of America,Language,"Language modeling/generation,Chat",,7000000000.0,,,,,,,,,,Open weights (restricted use),Yes,Open source,Likely,Operation counting
all,OpenFlamingo,2023-08-02,University of Washington,"University of Washington,Stanford University,Allen Institute for AI,Hebrew University of Jerusalem,Columbia University,Google DeepMind,University of California Santa Barbara (UCSB),Research Center Juelich",Industry-academia collaboration,Multinational,Image generation,"Image generation,Text-to-image",,9000000000.0,17400000000.0,,,,50898.64745173198,64.0,,NVIDIA A100 SXM4 80 GB,NVIDIA A100 / A800,Open weights (unrestricted),Yes,Open source,Confident,
all,YuLan-Chat-2 (13B),2023-08-02,Renmin University of China,Renmin University of China,Academia,China,Language,Chat,,13000000000.0,,,,,,,,,,,,,Confident,
all,Weblab-10B,2023-08-04,Matsuo Lab,Matsuo Lab,,Japan,Language,Language modeling/generation,3.6e+22,10000000000.0,256131000000.0,,,,,,,,,Open weights (non-commercial),Yes,,Confident,Operation counting
all,GGNN,2023-08-05,Westlake University,"Westlake University,Tsinghua University,Toyota Technological Institute at Chicago",Academia,Multinational,Biology,"Proteins,Protein interaction prediction,Protein protein binding affinity prediction,Protein representation learning",7.56e+21,,,,,,1590.4764725839211,2.0,43.0,NVIDIA A100 SXM4 80 GB,NVIDIA A100 / A800,Unreleased,No,Open source,Confident,Other
all,StableLM-Base-Alpha-7B,2023-08-05,Stability AI,Stability AI,Industry,United Kingdom of Great Britain and Northern Ireland,Language,Language modeling,4.5e+22,6890209280.0,1100000000000.0,,392.0,16.333333333333332,,,,NVIDIA A100 SXM4 40 GB,NVIDIA A100 / A800,Open weights (unrestricted),Yes,Unreleased,Confident,Operation counting
all,CALM,2023-08-06,NVIDIA,"NVIDIA,Technion - Israel Institute of Technology",Industry-academia collaboration,Multinational,Robotics,Animal (human/non-human) imitation,,,,,,,,,122.0,NVIDIA A100,NVIDIA A100 / A800,,,,Unknown,
all,SS-pLM,2023-08-06,Nostrum Biodiscovery,"Nostrum Biodiscovery,Barcelona Supercomputing Center,Institucio Catalana de Recerca i Estudis Avancçats",Industry-academia collaboration,Spain,Biology,Protein or nucleotide language model (pLM/nLM),2.28096e+19,14800000.0,,,24.0,1.0,1312.1138696054595,4.0,5.0,NVIDIA A30 PCIe,NVIDIA A30 PCIe,,,,Confident,Hardware
all,Baichuan2-53B,2023-08-09,Baichuan,Baichuan,Industry,China,Language,"Language modeling/generation,Chat",8.268e+23,53000000000.0,,,,,,,,,,Unreleased,No,Unreleased,Likely,Operation counting
all,Claude Instant,2023-08-09,Anthropic,Anthropic,Industry,United States of America,Language,"Language modeling,Chat",,,,,,,,,,,,API access,No,Unreleased,Unknown,
all,Japanese StableLM Base Alpha 7B,2023-08-10,Stability AI,Stability AI,Industry,United Kingdom of Great Britain and Northern Ireland,Language,"Language modeling/generation,Translation",3.15e+22,7000000000.0,750000000000.0,,,,,,,,,Open weights (unrestricted),Yes,Unreleased,Confident,Operation counting
all,Code Llama-13B,2023-08-14,Meta AI,Meta AI,Industry,United States of America,Language,Code generation,,13000000000.0,600000000000.0,,,,,,3163.0,NVIDIA A100 SXM4 80 GB,NVIDIA A100 / A800,Open weights (restricted use),Yes,Unreleased,Confident,Operation counting
all,Code Llama-34B,2023-08-14,Meta AI,Meta AI,Industry,United States of America,Language,Code generation,5.3e+23,34000000000.0,600000000000.0,,,,,,3163.0,NVIDIA A100 SXM4 80 GB,NVIDIA A100 / A800,Open weights (restricted use),Yes,Unreleased,Confident,Operation counting
all,Code Llama-7B,2023-08-14,Meta AI,Meta AI,Industry,United States of America,Language,Code generation,1.1e+23,7000000000.0,600000000000.0,,,,,,3163.0,NVIDIA A100 SXM4 80 GB,NVIDIA A100 / A800,Open weights (restricted use),Yes,Unreleased,Confident,Operation counting
all,Japanese-LM-3.6B,2023-08-14,LINE Corporation,LINE Corporation,Industry,Japan,Language,Language modeling,,3600000000.0,72150000000.0,,,,,,,NVIDIA A100,NVIDIA A100 / A800,Open weights (unrestricted),Yes,Unreleased,Likely,
all,Platypus-70B,2023-08-14,Boston University,Boston University,Academia,United States of America,Language,Language generation,,70000000000.0,,,,,,,187.0,NVIDIA A100,NVIDIA A100 / A800,Open weights (non-commercial),Yes,Open (non-commercial),Confident,
all,A.X (Adot) 7B,2023-08-15,SK Telecom,SK Telecom,Industry,Korea (Republic of),Language,Chat,,7000000000.0,,,,,,,,,,,,Unreleased,Speculative,
all,DeciCoder-1B,2023-08-15,Deci AI,Deci AI,Industry,Israel,Language,Code generation,2.9e+21,1100000000.0,446000000000.0,,,,,,,,,Open weights (unrestricted),Yes,Unreleased,Confident,Operation counting
all,Konan LLM 13B,2023-08-15,Konan Technology,Konan Technology,Industry,Korea (Republic of),Language,Language modeling/generation,3.86712e+22,13100000000.0,492000000000.0,,,,,,,,,Hosted access (no API),No,Unreleased,Likely,Operation counting
all,Spark 2.0,2023-08-15,iFlytek,iFlytek,Industry,China,,,,,,,,,,,,,,,,,Unknown,
all,KwaiYii 13B,2023-08-16,Kuaishou Technology,Kuaishou Technology,Industry,China,Language,Chat,,13000000000.0,,,,,,,,,,Unreleased,No,,Likely,
all,VARCO LLM 2.0 base,2023-08-16,NCSOFT,NCSOFT,Industry,Korea (Republic of),Language,"Language modeling/generation,Chat,Translation,Question answering",1.248e+23,13000000000.0,1600000000000.0,,,,,,,,,API access,No,Unreleased,Likely,Operation counting
all,VARCO LLM 2.0 small Finetuning,2023-08-16,NCSOFT,NCSOFT,Industry,Korea (Republic of),Language,"Language modeling/generation,Chat,Text summarization,Translation,Question answering",6.72e+22,7000000000.0,1600000000000.0,,,,,,,,,API access,No,,Likely,Operation counting
all,VARCO LLM KO/EN-13B-IST ver.1,2023-08-16,NCSOFT,NCSOFT,Industry,Korea (Republic of),Language,"Language modeling/generation,Chat",2.73e+22,13000000000.0,350000000000.0,,,,,,,,,API access,No,,Likely,Operation counting
all,Dou Bao,2023-08-18,ByteDance,ByteDance,Industry,China,Language,"Chat,Language modeling/generation",,,,,,,,,,,,Hosted access (no API),No,Unreleased,Unknown,
all,Eleven Multilingual v2,2023-08-22,ElevenLabs,ElevenLabs,Industry,United States of America,Speech,"Text-to-speech (TTS),Speech synthesis",,,,,,,,,,,,API access,No,Unreleased,Unknown,
all,IDEFICS-80B,2023-08-22,Hugging Face,Hugging Face,Industry,United States of America,Multimodal,"Language modeling,Image captioning,Visual question answering",1.1593580544e+23,80000000000.0,149600000000.0,,672.0,28.0,407007.86305450817,512.0,,NVIDIA A100,NVIDIA A100 / A800,Open weights (non-commercial),Yes,Unreleased,Confident,"Hardware,Operation counting"
all,IDEFICS-9B,2023-08-22,Hugging Face,Hugging Face,Industry,United States of America,Multimodal,"Language modeling,Image captioning,Visual question answering",,9000000000.0,262000000000.0,,350.0,14.583333333333334,101751.96576362704,128.0,,NVIDIA A100,NVIDIA A100 / A800,Open weights (non-commercial),Yes,,Confident,"Operation counting,Hardware"
all,PULI GPTrio,2023-08-23,Hungarian Research Centre for Linguistics,Hungarian Research Centre for Linguistics,Academia,Hungary,Language,"Chat,Translation",5.8e+21,6700000000.0,230590476190.0,,2200.0,91.66666666666667,,,,NVIDIA A100,NVIDIA A100 / A800,Open weights (non-commercial),Yes,Unreleased,Confident,Hardware
all,ShapeMol,2023-08-23,Ohio State University,Ohio State University,,United States of America,Biology,Drug discovery,2.59999999999998e+19,2700000.0,,,140.0,5.833333333333333,327.57672938451,1.0,18.0,NVIDIA V100,NVIDIA V100,,,,Confident,Hardware
all,HyperCLOVA X,2023-08-24,NAVER,NAVER,Industry,Korea (Republic of),Language,"Language modeling/generation,Chat,Search,Translation,Code generation,Question answering,Quantitative reasoning",,,,,,,,,,,,API access,No,Unreleased,Speculative,
all,MathGPT,2023-08-24,TAL Education Group (Xueersi),TAL Education Group (Xueersi),Industry,China,Language,Quantitative reasoning,,,,,,,,,,,,Hosted access (no API),No,Unreleased,Unknown,
all,Qwen-VL,2023-08-24,Alibaba,Alibaba,Industry,China,Multimodal,"Image captioning,Chat,Question answering,Visual question answering",,9600000000.0,500000000000.0,,,,,,1998.0,,,Open weights (restricted use),Yes,Unreleased,Likely,
all,airoboros-l2-70b-2.1,2023-08-24,,,,,Language,"Language modeling/generation,Question answering",,70000000000.0,,,,,,,,,,Open weights (restricted use),Yes,Open source,Confident,
all,Mengzi-Lite,2023-08-25,Langboat,Langboat,Industry,China,Language,"Language modeling/generation,Question answering",,,,,,,,,,,,,,,Unknown,
all,Open-Assistant Llama2 70B SFT v10,2023-08-25,,,,,Language,"Chat,Language modeling/generation",,70000000000.0,,,,,,,,,,Open weights (restricted use),Yes,Open (restricted use),Confident,
all,Mengzi-Fin-13B,2023-08-27,Langboat,Langboat,Industry,China,Language,"Language modeling/generation,Question answering",,13000000000.0,,,,,,,,,,,,,Confident,
all,Mengzi-Fin-7B,2023-08-27,Langboat,Langboat,Industry,China,Language,"Language modeling/generation,Question answering",,7000000000.0,,,,,,,,,,,,,Confident,
all,MengziGPT-General-40B,2023-08-27,Langboat,Langboat,Industry,China,Language,"Language modeling/generation,Question answering",,40000000000.0,,,,,,,,,,,,,Confident,
all,PeptideBERT,2023-08-28,Carnegie Mellon University (CMU),Carnegie Mellon University (CMU),Academia,United States of America,Biology,"Proteins,Protein property prediction",4.9e+16,,4160566.0,,4.067,0.16945833333333335,272.95021398005304,1.0,,NVIDIA GeForce GTX 1080 Ti,NVIDIA consumer / workstation GPU,Open weights (unrestricted),Yes,Open source,Confident,Hardware
all,Jais,2023-08-29,Cerebras Systems,"Cerebras Systems,Mohamed bin Zayed University of Artificial Intelligence (MBZUAI),Inception G42",Industry-academia collaboration,Multinational,Language,"Language modeling,Chat,Translation,Language modeling/generation,Question answering",4.8946763e+22,13000000000.0,395000000000.0,,600.0,25.0,,16.0,74.0,Cerebras CS-2,Cerebras CS-2,Open weights (unrestricted),Yes,Unreleased,Confident,"Operation counting,Hardware"
all,Luca 2.0,2023-08-29,Mianbi Intelligence,Mianbi Intelligence,Industry,China,,,1.1999999999999999e+24,100000000000.0,,,,,,,,,,Hosted access (no API),No,Unreleased,Likely,Operation counting
all,Refact-1.6B,2023-08-29,Refact AI,Refact AI,Industry,United Kingdom of Great Britain and Northern Ireland,Language,Language modeling/generation,1.152e+22,1600000000.0,1200000000000.0,,672.0,28.0,2742.1059640734707,6.0,,NVIDIA RTX A5000,NVIDIA consumer / workstation GPU,Open weights (restricted use),Yes,Unreleased,Likely,"Operation counting,Hardware"
all,ABAB,2023-08-30,MiniMax,MiniMax,Industry,China,Language,Language generation,,,,,,,,,,,,API access,No,Unreleased,Unknown,
all,Swift,2023-08-30,Intel Labs,Intel Labs,Industry,United States of America,Robotics,Helicopter driving,5.337e+16,56804.0,120000000.0,,0.833,0.034708333333333334,382.113280348051,1.0,101.0,NVIDIA GeForce RTX 3090,NVIDIA consumer / workstation GPU,Unreleased,No,Unreleased,Likely,Hardware
all,360 Smart Brain,2023-09-04,360 Security Technology,360 Security Technology,Industry,China,Multimodal,"Language generation,Chat,Image generation",,,1000000000000.0,,,,,,,,,,,,Likely,
all,Baichuan2-13B,2023-09-06,Baichuan,Baichuan,Industry,China,Language,Chat,2.03e+23,13000000000.0,2600000000000.0,,,,,1024.0,,,,Open weights (restricted use),Yes,Unreleased,Confident,Operation counting
all,Falcon-180B,2023-09-06,Technology Innovation Institute,Technology Innovation Institute,Government,United Arab Emirates,Language,"Language modeling,Language modeling/generation,Question answering",3.76e+24,180000000000.0,3500000000000.0,10743500.868805485,4320.0,180.0,3254975.4289709153,4096.0,691.0,NVIDIA A100 SXM4 40 GB,NVIDIA A100 / A800,Open weights (restricted use),Yes,Unreleased,Confident,"Reported,Operation counting"
all,TigerBot-70B,2023-09-06,Tigerobo,Tigerobo,Industry,China,Language,"Chat,Language generation,Language modeling/generation,Question answering",1.02e+24,70000000000.0,300000000000.0,,,,406871.9286213644,512.0,,NVIDIA A100,NVIDIA A100 / A800,Open weights (restricted use),Yes,Open source,Confident,Operation counting
all,ELIXR-B,2023-09-07,Google,"Google,Northwestern Medicine,Apollo Radiology International",Industry,Multinational,Vision,"Image embedding,Visual question answering,Semantic search,Image classification,Language modeling/generation",,,,,,,,,,,,,,,Unknown,
all,ELIXR-C,2023-09-07,Google,"Google,Northwestern Medicine,Apollo Radiology International",Industry,Multinational,Vision,"Image embedding,Semantic search,Image classification",,,,,,,,,,,,,,,Unknown,
all,FLM-101B,2023-09-07,Chinese Academy of Sciences,"Chinese Academy of Sciences,Harbin Institute of Technology,Nanyang Technological University,Beijing Academy of Artificial Intelligence / BAAI",Academia,Multinational,Language,"Language modeling/generation,Question answering,Chat",5.72e+22,101000000000.0,311540000000.0,,517.0,21.541666666666668,,,28.0,NVIDIA A800 PCIe 40 GB,NVIDIA A100 / A800,Open weights (unrestricted),Yes,,Confident,Hardware
all,Hunyuan,2023-09-07,Tencent,Tencent,Industry,China,Multimodal,"Language modeling/generation,Image generation,Question answering",1.1999999999999999e+24,100000000000.0,2000000000000.0,,,,,,,,,API access,No,Unreleased,Confident,Operation counting
all,Persimmon-8B,2023-09-07,Adept,Adept,Industry,United States of America,Language,Language modeling,4.11246e+22,9300000000.0,737000000000.0,,,,,,,,,Open weights (unrestricted),Yes,,Confident,Operation counting
all,XGen-7B,2023-09-07,Salesforce,Salesforce,Industry,United States of America,Language,Language generation,8.02e+22,6700000000.0,1429520000000.0,,,,,,17.0,Google TPU v4,Google TPU v4,Open weights (unrestricted),Yes,Unreleased,Confident,"Hardware,Operation counting"
all,Mobile V-MoEs,2023-09-08,Apple,Apple,Industry,United States of America,Vision,Image classification,,,62720000.0,,,,,,,,,Unreleased,No,Unreleased,Confident,
all,MADLAD-400 10B,2023-09-09,Google DeepMind,"Google DeepMind,Google Research",Industry,United States of America,Language,Translation,1.605e+22,10700000000.0,250000000000.0,,,,,,229.0,,,Open weights (unrestricted),Yes,,Confident,Operation counting
all,Phi-1.5,2023-09-11,Microsoft,Microsoft,Industry,United States of America,Language,Language generation,1.17e+21,1300000000.0,30000000000.0,,192.0,8.0,,,647.0,NVIDIA A100 SXM4 40 GB,NVIDIA A100 / A800,Open weights (unrestricted),Yes,Unreleased,Confident,"Operation counting,Hardware"
all,Robot Parkour,2023-09-12,Shanghai Qi Zhi institute,"Shanghai Qi Zhi institute,Stanford University,Carnegie Mellon University (CMU),Tsinghua University",Academia,Multinational,Robotics,Animal (human/non-human) imitation,,500000.0,,,,,,,274.0,NVIDIA GeForce RTX 3090,NVIDIA consumer / workstation GPU,Unreleased,No,Open source,Confident,
all,DeciLM 6B,2023-09-13,Deci AI,Deci AI,Industry,Israel,Language,Chat,1.026e+22,5700000000.0,,,,,,,,,,Open weights (restricted use),Yes,Unreleased,Likely,Operation counting
all,bge-reranker-large,2023-09-14,Beijing Academy of Artificial Intelligence / BAAI,"Beijing Academy of Artificial Intelligence / BAAI,Hugging Face",Industry-academia collaboration,Multinational,Language,Semantic embedding,,560000000.0,,,,,,,567.0,,,Open weights (unrestricted),Yes,,Confident,
all,Nova-2,2023-09-19,Deepgram,Deepgram,Industry,United States of America,Speech,Speech recognition (ASR),,,,,,,,,,,,API access,No,Unreleased,Unknown,
all,BTLM-3B,2023-09-20,Cerebras Systems,Cerebras Systems,Industry,United States of America,Language,"Language generation,Code generation",9.8e+21,2600000000.0,627000000000.0,,,,,,,Cerebras CS-2,Cerebras CS-2,Open weights (unrestricted),Yes,Unreleased,Confident,Operation counting
all,Baichuan 2-7B,2023-09-20,Baichuan,Baichuan,Industry,China,Language,"Language modeling/generation,Question answering,Translation",1.092e+23,7000000000.0,2600000000000.0,,,,508431.3718062322,1024.0,982.0,NVIDIA A800 PCIe 40 GB,NVIDIA A100 / A800,Open weights (restricted use),Yes,Open source,Confident,Operation counting
all,DreamLLM,2023-09-20,Xi’an Jiaotong University,"Xi’an Jiaotong University,Megvii Inc,Tsinghua University,Huazhong University of Science and Technology",Industry-academia collaboration,China,Multimodal,"Language modeling/generation,Vision-language generation,Image generation",7.547904e+20,7000000000.0,70369280000.0,,17.5,0.7291666666666666,63553.921475779025,128.0,318.0,NVIDIA A800 PCIe 40 GB,NVIDIA A100 / A800,,,,Confident,Hardware
all,GPT-MolBERTa,2023-09-20,Carnegie Mellon University (CMU),Carnegie Mellon University (CMU),Academia,United States of America,Biology,Molecular property prediction,,,9780000.0,,,,,,25.0,,,Open weights (unrestricted),Yes,Open source,Confident,
all,OpenChat-13b,2023-09-20,Tsinghua University,"Tsinghua University,Shanghai AI Lab,01.AI",Industry-academia collaboration,China,Language,Question answering,7.805217030000001e+22,13000000000.0,,,,,,,329.0,,,Open weights (unrestricted),Yes,,Confident,
all,PengCheng Mind (鹏城脑海),2023-09-21,Peng Cheng Laboratory,Peng Cheng Laboratory,Academia,China,Language,"Chat,Code generation,Translation",,200000000000.0,,,,,,144.0,,Ascend (昇腾) 910,Huawei Ascend,Open weights (restricted use),Yes,,Confident,
all,AlphaMissense,2023-09-22,Google DeepMind,Google DeepMind,Industry,United States of America,Biology,"Protein pathogenicity prediction,Protein folding prediction,Proteins",,93000000.0,2304000000.0,,,,,,1226.0,,,Unreleased,No,Open source,Likely,
all,GPT-4V,2023-09-25,OpenAI,OpenAI,Industry,United States of America,Multimodal,"Language modeling,Visual question answering",,,,,,,,,,,,API access,No,Unreleased,Unknown,
all,InternLM-XComposer,2023-09-26,Shanghai AI Lab,Shanghai AI Lab,Academia,China,Multimodal,"Chat,Visual question answering,Translation",5.28e+21,7000000000.0,125604608000.0,,80.0,3.3333333333333335,101672.68833253944,128.0,341.0,NVIDIA A100,NVIDIA A100 / A800,Open weights (restricted use),Yes,Open source,Confident,"Hardware,Operation counting"
all,BigRNA,2023-09-27,DeepGenomics,DeepGenomics,Industry,Canada,Biology,"Drug discovery,Protein-RNA binding affinity prediction,Gene expression profile generation",1.2e+22,2000000000.0,1000000000000.0,,,,,,,,,Unreleased,No,Unreleased,Likely,Operation counting
all,Emu (Meta),2023-09-27,Meta AI,Meta AI,Industry,United States of America,Image generation,"Text-to-image,Image generation",,2800000000.0,,,,,,,,,,Unreleased,No,Unreleased,Confident,
all,Show-1,2023-09-27,National University of Singapore,National University of Singapore,Academia,Singapore,Video,"Video generation,Text-to-video",,,160358400000000.0,,,,,,,NVIDIA A100,NVIDIA A100 / A800,Open weights (non-commercial),Yes,Unreleased,Unknown,
all,Amazon Titan,2023-09-28,Amazon,Amazon,Industry,United States of America,Language,"Semantic search,Image generation,Language modeling/generation,Code generation,Chat,Text-to-image,Translation",4.7999999999999996e+24,200000000000.0,4000000000000.0,7933464.673729055,1152.0,48.0,10929327.206416875,13760.0,,NVIDIA A100,NVIDIA A100 / A800,API access,No,Unreleased,Likely,"Hardware,Operation counting"
all,GPT-3.5 Turbo Instruct,2023-09-28,OpenAI,OpenAI,Industry,United States of America,Language,"Language modeling/generation,Question answering,Chat",,20000000000.0,,,,,,,,,,API access,No,Unreleased,Likely,
all,PLaMo-13B,2023-09-28,Preferred Networks Inc,Preferred Networks Inc,Industry,Japan,Language,"Language modeling/generation,Chat,Question answering",1.17e+23,13000000000.0,1500000000000.0,,720.0,30.0,381255.6002238446,480.0,,NVIDIA A100 SXM4 40 GB,NVIDIA A100 / A800,Open weights (unrestricted),Yes,Unreleased,Confident,Operation counting
all,Qwen-14B,2023-09-28,Alibaba,Alibaba,Industry,China,Language,Language modeling/generation,2.5e+23,14000000000.0,3000000000000.0,,,,,,3775.0,,,Open weights (restricted use),Yes,Unreleased,Confident,Operation counting
all,Qwen-7B,2023-09-28,Alibaba,Alibaba,Industry,China,Language,"Language modeling/generation,Translation",1.01e+23,7000000000.0,2400000000000.0,,,,,,3775.0,,,Open weights (restricted use),Yes,Unreleased,Confident,Operation counting
all,GAIA-1,2023-09-29,Wayve,Wayve,Industry,United Kingdom of Great Britain and Northern Ireland,Multimodal,"Self-driving car,Video generation,Instruction interpretation",1.1645338e+22,9000000000.0,,,,,,,,NVIDIA A100,NVIDIA A100 / A800,Unreleased,No,Unreleased,Confident,"Hardware,Reported"
all,StableLM-3B-4E1T,2023-09-29,Stability AI,Stability AI,Industry,United Kingdom of Great Britain and Northern Ireland,Language,Language generation,6.21e+22,2795443200.0,1000000000000.0,,720.0,30.0,,,,NVIDIA A100,NVIDIA A100 / A800,Open weights (unrestricted),Yes,,Confident,Hardware
all,Wuerstchen,2023-09-29,Technische Hochschule Ingolstadt,"Technische Hochschule Ingolstadt,University of Montreal / Université de Montréal,Mila - Quebec AI (originally Montreal Institute for Learning Algorithms),Polytechnique Montreal,Wand Technologies",Industry-academia collaboration,Multinational,Image generation,"Text-to-image,Image generation",8.2898899e+21,1000000000.0,,,,,,,,,,Open weights (unrestricted),Yes,,Confident,Hardware
all,HiDream Large Model 1.0,2023-09-30,HiDream,HiDream,Industry,China,Video,"Video generation,Image-to-video,Text-to-video,Image generation,Text-to-image",,6000000000.0,,,,,,,,,,API access,No,Unreleased,Likely,
all,PIXART-α,2023-09-30,Huawei Noah's Ark Lab,"Huawei Noah's Ark Lab,The University of Hong Kong,Hong Kong University of Science and Technology (HKUST)",Industry-academia collaboration,Multinational,Image generation,"Image generation,Text-to-image",1.541475e+21,600000000.0,626000000000.0,,,,,,,NVIDIA V100,NVIDIA V100,Open weights (unrestricted),Yes,,Confident,"Hardware,Comparison with other models"
all,BITTERS,2023-10-01,LG,"LG,Shutterstock",Industry,Multinational,Vision,Image captioning,7.8015e+17,650000000.0,108800000000.0,,,,,,,,,Unreleased,No,Unreleased,Likely,Operation counting
all,CTM (CIFAR-10),2023-10-01,Stanford University,"Stanford University,Sony",Industry-academia collaboration,Multinational,Image generation,"Image generation,Text-to-image",,,,,,,2382.6883131695167,4.0,387.0,NVIDIA V100,NVIDIA V100,Open weights (unrestricted),Yes,Open source,Unknown,
all,TinyLlama-1.1B (1T token checkpoint),2023-10-01,Singapore University of Technology & Design,Singapore University of Technology & Design,Academia,Singapore,Language,"Chat,Language modeling/generation,Translation,Question answering",7.24598784e+21,1100000000.0,1000000000000.0,,720.0,30.0,12707.671003570757,16.0,722.0,NVIDIA A100 SXM4 40 GB,NVIDIA A100 / A800,Open weights (unrestricted),Yes,Open source,Confident,"Hardware,Operation counting"
all,TinyLlama-1.1B (3T token checkpoint),2023-10-01,Singapore University of Technology & Design,Singapore University of Technology & Design,Academia,Singapore,Language,"Chat,Language modeling/generation,Translation,Question answering",2.173796352e+22,1100000000.0,,,2160.0,90.0,12707.671003570757,16.0,722.0,NVIDIA A100 SXM4 40 GB,NVIDIA A100 / A800,Open weights (unrestricted),Yes,Open source,Confident,"Hardware,Operation counting"
all,LLaMA-7B (protein-oriented instruction-tuned),2023-10-02,Zhejiang University (ZJU),Zhejiang University (ZJU),Academia,China,Language,"Protein folding prediction,Protein generation,Other Biological Modeling,Protein or nucleotide language model (pLM/nLM),Protein question answering",2.78e+22,7000000000.0,5068266667.0,,,,,,145.0,,,Open weights (unrestricted),Yes,Unreleased,Confident,"Hardware,Operation counting"
all,New Intelligent Q&A,2023-10-02,,,,,Language,"Language modeling/generation,Question answering",,,,,,,,,,,,Hosted access (no API),No,Unreleased,Unknown,
all,Phi-1,2023-10-02,Microsoft Research,Microsoft Research,Industry,United States of America,Language,"Language modeling/generation,Code generation",3.3234195e+20,1300000000.0,,,103.0,4.291666666666667,6353.694007439068,8.0,,NVIDIA A100,NVIDIA A100 / A800,Open weights (unrestricted),Yes,Unreleased,Confident,"Operation counting,Hardware"
all,FoldFlow,2023-10-03,McGill University,"McGill University,Mila - Quebec AI (originally Montreal Institute for Learning Algorithms),Dreamfold,University of Montreal / Université de Montréal,University of Oxford",Industry-academia collaboration,Multinational,Biology,Protein generation,1.1000000000000008e+20,,40046400.0,,60.0,2.5,3176.776258121856,4.0,165.0,NVIDIA A100,NVIDIA A100 / A800,,,,Confident,Hardware
all,NAEPro,2023-10-06,University of California Santa Barbara (UCSB),"University of California Santa Barbara (UCSB),Massachusetts Institute of Technology (MIT),Carnegie Mellon University (CMU)",Academia,United States of America,Biology,Protein design,,,,,,,327.2559097645607,1.0,,NVIDIA RTX A6000,NVIDIA consumer / workstation GPU,,,,Confident,Hardware
all,FinGPT-13B,2023-10-07,University of California Los Angeles (UCLA),"University of California Los Angeles (UCLA),Columbia University,New York University (NYU)",Academia,United States of America,Language,"Named entity recognition (NER),Sentiment classification,Language modeling/generation,Financial management",1.6e+23,13000000000.0,76800.0,,17.25,0.71875,381.7900590727425,1.0,113.0,NVIDIA GeForce RTX 3090,NVIDIA consumer / workstation GPU,Open weights (unrestricted),Yes,Open source,Likely,Hardware
all,RoseTTAFold All-Atom (RFAA),2023-10-09,University of Washington,"University of Washington,Seoul National University,University of Sheffield",Academia,Multinational,Biology,"Protein folding prediction,Proteins",2.14e+20,,63240960.0,,,,,,,NVIDIA RTX A6000,NVIDIA consumer / workstation GPU,Open weights (unrestricted),Yes,Open source,Confident,Hardware
all,CELLE-2,2023-10-10,Chan Zuckerberg Initiative,"Chan Zuckerberg Initiative,University of California San Francisco,University of California (UC) Berkeley",Industry-academia collaboration,United States of America,Biology,"Protein localization prediction,Text-to-image",,,4327372.0,,,,,,3.0,,,Open weights (unrestricted),Yes,Open source,Likely,
all,CodeFuse-13B,2023-10-10,Ant Group,Ant Group,Industry,China,Language,Code generation,3.09e+23,13000000000.0,1000000000000.0,,960.0,40.0,406563.97863021225,512.0,29.0,NVIDIA A100 SXM4 80 GB,NVIDIA A100 / A800,Open weights (unrestricted),Yes,Unreleased,Confident,Hardware
all,Mistral 7B,2023-10-10,Mistral AI,Mistral AI,Industry,France,Language,"Code generation,Language generation,Language modeling/generation,Question answering",,7000000000.0,,,,,,,3461.0,,,Open weights (unrestricted),Yes,Unreleased,Confident,
all,Ferret (13B),2023-10-11,Columbia University,"Columbia University,Apple",Industry-academia collaboration,United States of America,Multimodal,"Object recognition,Language modeling",,13000000000.0,172649572.0,,120.0,5.0,6352.420700106825,8.0,524.0,NVIDIA A100,NVIDIA A100 / A800,Open weights (non-commercial),Yes,Open (non-commercial),Confident,
all,Jiutian,2023-10-12,China Mobile,China Mobile,Industry,China,Language,Language modeling/generation,1.668e+23,13900000000.0,2000000000000.0,,,,,,,,,Open weights (unrestricted),Yes,Unreleased,Likely,Operation counting
all,Aquila2 34B,2023-10-13,Beijing Academy of Artificial Intelligence / BAAI,Beijing Academy of Artificial Intelligence / BAAI,Academia,China,Language,"Chat,Language modeling/generation",,34000000000.0,2000000000000.0,,,,406536.8177649435,512.0,,NVIDIA A100 SXM4 40 GB,NVIDIA A100 / A800,Open weights (unrestricted),Yes,Open source,Likely,
all,RT-2-X,2023-10-13,Google DeepMind,Google DeepMind,Industry,United States of America,Robotics,Robotic manipulation,,55000000000.0,,,,,,,951.0,,,Unreleased,No,Unreleased,Confident,
all,Table-GPT,2023-10-13,Microsoft Research,Microsoft Research,Industry,United States of America,Language,"Language modeling/generation,Table tasks",,175000000000.0,,,,,,,113.0,,,Unreleased,No,Unreleased,Confident,
all,Llemma 34B,2023-10-16,Princeton University,"Princeton University,University of Toronto,Vector Institute,University of Cambridge,Carnegie Mellon University (CMU),University of Washington,EleutherAI",Industry-academia collaboration,Multinational,Mathematics,"Mathematical reasoning,Language modeling/generation,Question answering,Code generation",5.4270979e+23,34000000000.0,55000000000.0,,,,203254.8293570902,256.0,440.0,NVIDIA A100 SXM4 40 GB,NVIDIA A100 / A800,Open weights (restricted use),Yes,Unreleased,Confident,"Operation counting,Hardware"
all,Llemma 7B,2023-10-16,Princeton University,"Princeton University,EleutherAI,University of Toronto,Vector Institute,University of Cambridge,Carnegie Mellon University (CMU),University of Washington",Industry-academia collaboration,Multinational,Mathematics,"Mathematical reasoning,Language modeling/generation,Question answering,Code generation",1.180685e+23,7000000000.0,55000000000.0,,,,203254.8293570902,256.0,440.0,NVIDIA A100 SXM4 40 GB,NVIDIA A100 / A800,Open weights (restricted use),Yes,Unreleased,Confident,"Operation counting,Hardware"
all,ERNIE 4.0,2023-10-17,Baidu,Baidu,Industry,China,Multimodal,"Chat,Language modeling/generation,Video generation,Image generation",,,,,,,,,,,,API access,No,Unreleased,Unknown,
all,Fuyu-8B,2023-10-17,Adept,Adept,Industry,United States of America,Multimodal,"Chat,Image classification,Visual question answering,Image captioning",,8000000000.0,,,,,,,,,,Open weights (non-commercial),Yes,Unreleased,Confident,
all,PaLI-3,2023-10-17,Google DeepMind,"Google DeepMind,Google Research,Google Cloud",Industry,United States of America,Multimodal,"Visual question answering,Character recognition (OCR),Image captioning",,5000000000.0,,,,,,,,,,Unreleased,No,Unreleased,Confident,
all,DALL·E 3,2023-10-19,OpenAI,OpenAI,Industry,United States of America,Image generation,"Image generation,Text-to-image",,,,,,,,,1448.0,,,API access,No,Unreleased,Unknown,
all,KwaiYiiMath,2023-10-19,Kuaishou Technology,Kuaishou Technology,Industry,China,Language,"Quantitative reasoning,Chat",,13000000000.0,,,,,,,,,,Unreleased,No,Open source,Confident,
all,Voicebox / VB-En,2023-10-19,Facebook AI Research,Facebook AI Research,Industry,Multinational,Speech,"Speech synthesis,Text-to-speech (TTS)",,358000000.0,,,,,,32.0,,,,Unreleased,No,Unreleased,Confident,
all,SILC-S,2023-10-20,ETH Zurich,"ETH Zurich,DeepMind,Google,Technical University of Munich",Industry-academia collaboration,Multinational,Vision,"Image classification,Image segmentation",,86000000.0,,,,,,,,,,Unreleased,No,Unreleased,Likely,
all,SILC-S* (86M),2023-10-20,ETH Zurich,"ETH Zurich,DeepMind,Google,Technical University of Munich",Industry-academia collaboration,Multinational,Vision,"Image classification,Image segmentation",1.004e+22,86000000.0,,,120.0,5.0,172751.21602426164,256.0,,Google TPU v4,Google TPU v4,Unreleased,No,Unreleased,Confident,
all,CausalLM 14B,2023-10-22,CausalLM,CausalLM,,China,Language,"Language modeling/generation,Question answering",,14700000000.0,,,,,,,,,,Open weights (restricted use),Yes,Unreleased,Confident,Operation counting
all,Stockmark-13B,2023-10-23,Stockmark,Stockmark,Industry,Japan,Language,Language modeling/generation,1.716e+22,13200000000.0,220000000000.0,,,,,,,,,Open weights (unrestricted),Yes,Unreleased,Likely,Operation counting
all,Spark 3.0,2023-10-24,iFlytek,iFlytek,Industry,China,Language,"Code generation,Language generation,Language modeling/generation,Question answering",,,1400000000000.0,,,,,,,,,,,,Likely,
all,QMoE: compressed SwitchTransformer,2023-10-25,Institute of Science and Technology Austria (ISTA),"Institute of Science and Technology Austria (ISTA),Neural Magic",Industry-academia collaboration,Multinational,Language,Language modeling,,1571000000000.0,576000000000.0,,,,,,47.0,NVIDIA RTX A6000,NVIDIA consumer / workstation GPU,Open weights (unrestricted),Yes,Open source,Confident,
all,Xinghan Foundation Model,2023-10-25,Dahua Technology,Dahua Technology,Industry,China,Multimodal,"Video description,Visual question answering,Language modeling/generation",,,,,,,,,,,,,,,Unknown,
all,Zephyr 7B,2023-10-25,Hugging Face,Hugging Face,Industry,United States of America,Language,"Language modeling/generation,Question answering",,7000000000.0,,,4.0,0.16666666666666666,12700.881013991002,16.0,,NVIDIA A100,NVIDIA A100 / A800,Open weights (unrestricted),Yes,Open source,Confident,Hardware
all,CODEFUSION (Python),2023-10-26,Microsoft,"Microsoft,Microsoft Research",Industry,United States of America,Language,Code generation,7.92e+18,75000000.0,4390400.0,8.542235671062665,11.0,0.4583333333333333,2381.36215809478,4.0,57.0,NVIDIA V100,NVIDIA V100,Unreleased,No,Unreleased,Confident,Hardware
all,DiT-XL/2 + CADS,2023-10-26,ETH Zurich,"ETH Zurich,Disney Research",Industry-academia collaboration,Multinational,Image generation,Image generation,,675000000.0,,,,,,,,,,Unreleased,No,Unreleased,Likely,
all,ChatGLM3-6B,2023-10-27,Z.ai (Zhipu AI),Z.ai (Zhipu AI),Industry,China,Multimodal,"Chat,Visual question answering,Code generation",5.04e+22,6000000000.0,1400000000000.0,,,,,,,,,Open weights (restricted use),Yes,Unreleased,Speculative,Operation counting
all,Skywork-13B,2023-10-30,Kunlun Inc.,Kunlun Inc.,Industry,China,Language,"Language modeling,Language modeling/generation,Translation",2.5e+23,13000000000.0,3200000000000.0,,940.0,39.166666666666664,253989.3377909499,512.0,129.0,NVIDIA A800 PCIe 40 GB,NVIDIA A100 / A800,Open weights (restricted use),Yes,Open (restricted use),Confident,Operation counting
all,Spec-Drafter,2023-10-30,Peking University,"Peking University,Microsoft Research Asia",Industry-academia collaboration,China,Language,Translation,1.179648e+20,500000000.0,39321600000.0,,,,4762.3000835803105,8.0,,NVIDIA V100,NVIDIA V100,Open weights (non-commercial),Yes,Open (non-commercial),Confident,Operation counting
all,BlueLM 7B,2023-10-31,vivo AI lab,vivo AI lab,Industry,China,Language,"Chat,Translation,Language modeling/generation,Question answering,Code generation",1.0920000000001e+23,7000000000.0,,,,,,,,,,Open weights (restricted use),Yes,Unreleased,Confident,Operation counting
all,Mi:dm 200B,2023-10-31,KT,KT,Industry,Korea (Republic of),Language,Language modeling/generation,1.1999999999999999e+24,200000000000.0,1000000000000.0,,,,,,,,,API access,No,Unreleased,Confident,Operation counting
all,Tongyi Qianwen 2.0,2023-10-31,Alibaba,Alibaba,Industry,China,Language,"Chat,Language modeling/generation",,,,,,,,,,,,API access,No,Unreleased,Unknown,
all,Calm2-7B,2023-11-01,CyberAgent,CyberAgent,Industry,Japan,Language,Language modeling/generation,5.46e+22,7000000000.0,1300000000000.0,,,,,,,,,Open weights (unrestricted),Yes,Unreleased,Confident,Operation counting
all,LingoWhale-8B,2023-11-01,DeepLang AI,DeepLang AI,Industry,China,Language,"Language modeling/generation,Code generation,Translation",,8000000000.0,,,,,,,,,,Open weights (non-commercial),Yes,Open (non-commercial),Confident,
all,MuggleMath,2023-11-01,University of Science and Technology of China (USTC),"University of Science and Technology of China (USTC),Alibaba",Industry-academia collaboration,China,Language,"Language modeling/generation,Chat",,70000000000.0,,,,,25397.802567713887,32.0,,NVIDIA A100,NVIDIA A100 / A800,Open weights (unrestricted),Yes,Open source,Confident,
all,Nanbeige-16B,2023-11-01,Nanbeige LLM Lab,Nanbeige LLM Lab,Industry,China,Language,"Chat,Language modeling/generation,Code generation,Question answering",2.4e+23,16000000000.0,2500000000000.0,,,,,,,,,Open weights (unrestricted),Yes,Open source,Likely,Operation counting
all,OpenChat 3.5-7B,2023-11-01,Tsinghua University,Tsinghua University,Academia,China,Language,"Chat,Language modeling/generation",,7000000000.0,,,,,,,,,,Open weights (unrestricted),Yes,Open source,Confident,
all,YaRN (Llama 2 13B),2023-11-01,Nous Research,"Nous Research,EleutherAI,University of Geneva",Industry-academia collaboration,Multinational,Language,"Language modeling/generation,Question answering",1.92000000001e+20,13000000000.0,2457600000.0,,,,,,,,,Open weights (restricted use),Yes,Open source,Confident,Operation counting
all,YaRN (Llama 2 70B),2023-11-01,Nous Research,"Nous Research,EleutherAI,University of Geneva",Industry-academia collaboration,Multinational,Language,"Language modeling/generation,Question answering",1.03000000001e+21,70000000000.0,2457600000.0,,,,,,,,,Open weights (restricted use),Yes,Open source,Likely,Operation counting
all,BlueLM 130B,2023-11-02,vivo AI lab,vivo AI lab,Industry,China,Language,"Chat,Language modeling/generation,Question answering",7.8e+23,130000000000.0,,,,,,,,,,Unreleased,No,Unreleased,Confident,Operation counting
all,BlueLM 175B,2023-11-02,vivo AI lab,vivo AI lab,Industry,China,Language,"Chat,Language modeling/generation,Question answering",1.05e+24,175000000000.0,,,,,,,,,,Unreleased,No,Unreleased,Confident,Operation counting
all,BlueLM 70B,2023-11-02,vivo AI lab,vivo AI lab,Industry,China,Language,"Chat,Language modeling/generation,Question answering",4.2e+23,70000000000.0,,,,,,,,,,Unreleased,No,Unreleased,Confident,Operation counting
all,Cohere Embed,2023-11-02,Cohere,Cohere,Industry,Canada,Language,"Semantic embedding,Retrieval-augmented generation",,,,,,,,,,,,API access,No,Unreleased,Unknown,
all,DeepSA,2023-11-02,ShanghaiTech University,ShanghaiTech University,Academia,China,Biology,Synthetic accessibility model,1e+19,,,,,,,,,NVIDIA GeForce RTX 3090,NVIDIA consumer / workstation GPU,Hosted access (no API),No,Open (non-commercial),Speculative,Hardware
all,Yi 6B,2023-11-02,01.AI,01.AI,Industry,China,Language,"Chat,Language modeling/generation,Translation,Code generation",1.26e+23,6000000000.0,,,,,,,,,,Open weights (restricted use),Yes,Unreleased,Confident,Operation counting
all,Yi-34B,2023-11-02,01.AI,01.AI,Industry,China,Language,"Chat,Language modeling/generation,Translation,Code generation",6.1e+23,34000000000.0,3100000000000.0,,,,101588.94792366636,128.0,,NVIDIA A100,NVIDIA A100 / A800,Open weights (restricted use),Yes,Unreleased,Confident,Operation counting
all,BLUUMI,2023-11-03,University of Turku,"University of Turku,Hugging Face",Industry-academia collaboration,Multinational,Language,Language modeling,,176000000000.0,38000000000.0,,,,,,70.0,AMD Radeon Instinct MI250X,AMD Instinct / Radeon,Open weights (restricted use),Yes,Unreleased,Likely,
all,RT-Trajectory,2023-11-03,Google DeepMind,"Google DeepMind,University of California San Diego,Stanford University",Industry-academia collaboration,United States of America,Robotics,Robotic manipulation,,,,,,,,,138.0,,,Unreleased,No,Unreleased,Unknown,
all,Grok-0,2023-11-04,xAI,xAI,Industry,United States of America,Language,"Chat,Language modeling/generation",,33000000000.0,,,,,,,,,,Hosted access (no API),No,Unreleased,Likely,
all,Grok-1,2023-11-04,xAI,xAI,Industry,United States of America,Language,"Language modeling,Chat",2.90000000001e+24,314000000000.0,6200000000000.0,,,,,,,,,Open weights (unrestricted),Yes,Unreleased,Likely,Benchmarks
all,Qiyuan,2023-11-04,,,,,,,,,,,,,,,,,,,,,Unknown,
all,Sequence Monkey (序列猴子),2023-11-04,Mobvoi,Mobvoi,Industry,China,Language,Language modeling/generation,,,,,,,,,,,,,,,Unknown,
all,ZhihaiTu AI (知海图),2023-11-04,Beijing Zhizhe Tianxia Technology,Beijing Zhizhe Tianxia Technology,Industry,China,Language,"Chat,Text summarization,Search",,,,,,,,,,NVIDIA A100,NVIDIA A100 / A800,,,,Unknown,
all,LLaVA 1.5,2023-11-05,University of Wisconsin Madison,"University of Wisconsin Madison,Microsoft Research",Industry-academia collaboration,United States of America,Multimodal,"Chat,Question answering,Visual question answering",7.807e+22,13000000000.0,,,24.0,1.0,6348.88507402357,8.0,5077.0,NVIDIA A100,NVIDIA A100 / A800,Open weights (restricted use),Yes,Open source,Confident,Hardware
all,CogVLM-17B,2023-11-06,Tsinghua University,"Tsinghua University,Z.ai (Zhipu AI),Beihang University",Industry-academia collaboration,China,Multimodal,"Image captioning,Visual question answering,Chat",6.331e+22,17000000000.0,,,,,,,794.0,,,Open weights (restricted use),Yes,Unreleased,Confident,Reported
all,Consistency Decoder,2023-11-06,OpenAI,OpenAI,Industry,United States of America,Image generation,Image generation,,,,,,,,,,,,Open weights (unrestricted),Yes,Unreleased,Unknown,
all,GPT-4 Turbo (Nov 2023),2023-11-06,OpenAI,OpenAI,Industry,United States of America,Multimodal,"Chat,Language modeling/generation,Image generation,Speech synthesis,Table tasks,Visual question answering,Image captioning",,,,,,,,,,,,API access,No,Unreleased,Unknown,Benchmarks
all,RNA-MSM,2023-11-06,Peking University,"Peking University,Shanghai AI Lab,Griffith University,Peng Cheng Laboratory,Shenzhen Bay Laboratory",Academia,Multinational,Biology,Protein or nucleotide language model (pLM/nLM),,,,,,,,,82.0,,,Open weights (unrestricted),Yes,,Confident,
all,Whisper v3,2023-11-06,OpenAI,OpenAI,Industry,United States of America,Speech,Speech recognition (ASR),2.7e+23,1550000000.0,80000000000.0,,,,,,,,,Open weights (unrestricted),Yes,Unreleased,Likely,Comparison with other models
all,XVERSE-13B-2,2023-11-06,XVERSE Technology,"XVERSE Technology,Shenzhen Yuanxiang Technology",Industry,China,Language,"Language generation,Language modeling/generation,Question answering,Text summarization,Translation",,13000000000.0,3200000000000.0,,,,,,,,,Open weights (restricted use),Yes,Open source,Likely,
all,OmniVec,2023-11-07,TensorTour,TensorTour,Industry,United States of America,Multimodal,"Image classification,Speech recognition (ASR)",,,,,,,,,89.0,,,Unreleased,No,Unreleased,Unknown,
all,OtterHD-8B,2023-11-07,Nanyang Technological University,Nanyang Technological University,Academia,Singapore,Multimodal,"Chat,Visual question answering",,8000000000.0,200540000.0,,9.0,0.375,6348.602308962822,8.0,85.0,NVIDIA A100,NVIDIA A100 / A800,,,,Confident,
all,mPLUG-Owl2,2023-11-07,Alibaba,Alibaba,Industry,China,Multimodal,"Visual question answering,Image captioning,Language modeling/generation",,7120000000.0,182032793600.0,,,,,,,,,Open weights (unrestricted),Yes,Open source,Speculative,Operation counting
all,HGRN 1B (WT 103),2023-11-08,Shanghai AI Lab,"Shanghai AI Lab,Massachusetts Institute of Technology (MIT)",Academia,Multinational,Language,"Language modeling/generation,Question answering",1.96608e+19,1000000000.0,100000000000.0,,,,6348.460931155128,8.0,,NVIDIA A100,NVIDIA A100 / A800,Open weights (unrestricted),Yes,,Confident,Operation counting
all,Jais-30b (phase 1),2023-11-08,Cerebras Systems,"Cerebras Systems,Mohamed bin Zayed University of Artificial Intelligence (MBZUAI),Inception G42,G42",Industry-academia collaboration,Multinational,Language,"Language modeling/generation,Question answering",1.0372049e+23,30000000000.0,427000000000.0,,1080.0,45.0,,16.0,,Cerebras CS-2,Cerebras CS-2,Open weights (unrestricted),Yes,Unreleased,Confident,"Operation counting,Hardware"
all,MultiBand Diffusion,2023-11-08,Meta AI,"Meta AI,Hebrew University of Jerusalem,LORIA",Industry-academia collaboration,Multinational,Audio,Audio generation,2.6e+19,,,22.81032329809286,48.0,2.0,,,43.0,NVIDIA V100,NVIDIA V100,Open weights (unrestricted),Yes,Open source,Confident,Hardware
all,Prithvi-100M,2023-11-08,IBM,"IBM,NASA",Industry-academia collaboration,United States of America,Earth science,"Cloud monitoring / analysis,Flood Mapping,Wildfire Mapping,Crop Mapping / Segmentation",2.299133952e+21,100000000.0,,,,,50787.68744924102,64.0,,NVIDIA A100,NVIDIA A100 / A800,Open weights (unrestricted),Yes,Unreleased,Speculative,Hardware
all,RoFormer,2023-11-08,Zhuiyi Technology,Zhuiyi Technology,Industry,China,Language,"Text classification,Language modeling/generation",2.162688e+18,110000000.0,3276800000.0,,,,2380.6728491831727,4.0,,NVIDIA V100,NVIDIA V100,Unreleased,No,Open source,Confident,Operation counting
all,Samsung Gauss Code,2023-11-08,Samsung,Samsung,Industry,Korea (Republic of),Language,Code generation,,,,,,,,,,,,,,,Unknown,
all,Samsung Gauss Image,2023-11-08,Samsung,Samsung,Industry,Korea (Republic of),Image generation,Image generation,,,,,,,,,,,,,,,Unknown,
all,Samsung Gauss Language,2023-11-08,Samsung,Samsung,Industry,Korea (Republic of),Language,"Language modeling/generation,Question answering,Text summarization,Translation",,,,,,,,,,,,,,,Unknown,
all,tts-1,2023-11-09,OpenAI,OpenAI,Industry,United States of America,Speech,"Text-to-speech (TTS),Speech synthesis",,,,,,,,,,,,API access,No,Unreleased,Unknown,
all,tts-1-hd,2023-11-09,OpenAI,OpenAI,Industry,United States of America,Speech,"Text-to-speech (TTS),Speech synthesis",,,,,,,,,,,,API access,No,Unreleased,Unknown,
all,Stable Diffusion 1.6,2023-11-10,Stability AI,Stability AI,Industry,United Kingdom of Great Britain and Northern Ireland,Image generation,"Image generation,Text-to-image",,,,,,,,,,,,API access,No,Unreleased,Unknown,
all,Intel Aurora 1T,2023-11-13,Intel,"Intel,Argonne National Laboratory",Industry-academia collaboration,United States of America,Language,"Language modeling,Language modeling/generation",,1000000000000.0,,,,,,,,,,Unreleased,No,Unreleased,Confident,
all,LLaVA + LVIS-INSTRUCT4V,2023-11-13,Fudan University,"Fudan University,University of Maryland",Academia,Multinational,Multimodal,"Language modeling/generation,Visual question answering",,13000000000.0,,,,,,,148.0,,,Open weights (unrestricted),Yes,,Likely,
all,SPHINX (Llama 2 13B),2023-11-13,Shanghai AI Lab,"Shanghai AI Lab,Chinese University of Hong Kong (CUHK),ShanghaiTech University",Academia,Multinational,Multimodal,"Visual question answering,Image captioning",3.04e+22,19900000000.0,,239188.6875340231,290.0,12.083333333333334,25391.01635736259,32.0,,NVIDIA A100 SXM4 40 GB,NVIDIA A100 / A800,Open weights (restricted use),Yes,Open (restricted use),Likely,Hardware
all,Volcano 13B,2023-11-13,Korea University,"Korea University,Korea Advanced Institute of Science and Technology (KAIST),LG",Industry-academia collaboration,Korea (Republic of),Multimodal,"Language modeling/generation,Visual question answering",4.56e+22,13000000000.0,,,30.0,1.25,,,103.0,NVIDIA A100 SXM4 80 GB,NVIDIA A100 / A800,Open weights (non-commercial),Yes,Open (non-commercial),Likely,Hardware
all,GraphCast,2023-11-14,Google DeepMind,Google DeepMind,Industry,United States of America,Earth science,Weather forecasting,2.1e+22,,,,,,,,,,,Open weights (non-commercial),Yes,Open source,Speculative,Hardware
all,Qwen-Audio-Chat,2023-11-14,Alibaba,Alibaba,Industry,China,Language,"Audio question answering,Chat,Speech recognition (ASR),Translation,Transcription,Text classification,Question answering,Audio classification,Voice identification,Part-of-speech tagging,Speech-to-speech",,8460000000.0,,,,,,,743.0,,,Open weights (restricted use),Yes,Open (restricted use),Likely,
all,Mi:dm 7B,2023-11-15,KT,KT,Industry,Korea (Republic of),Language,"Language modeling/generation,Translation",,7000000000.0,,,,,,,,,,Open weights (non-commercial),Yes,,Confident,
all,Nemotron-3-8B,2023-11-15,NVIDIA,NVIDIA,Industry,United States of America,Language,"Chat,Language generation,Language modeling/generation,Translation,Code generation,Question answering",1.8e+23,8000000000.0,3800000000000.0,214467.02013524104,456.0,19.0,812476.3359553809,1024.0,,NVIDIA A100,NVIDIA A100 / A800,Open weights (restricted use),Yes,Unreleased,Confident,"Operation counting,Hardware"
all,AndesGPT,2023-11-16,Oppo Mobile Telecommunications,Oppo Mobile Telecommunications,Industry,China,Language,"Language modeling/generation,Question answering",,,,,,,,,,,,Hosted access (no API),No,Unreleased,Unknown,
all,Lyria,2023-11-16,Google DeepMind,Google DeepMind,Industry,United States of America,Audio,Audio generation,,,,,,,,,,,,Unreleased,No,Unreleased,Unknown,
all,Mistral 7B + OVM,2023-11-16,Chinese University of Hong Kong (CUHK),Chinese University of Hong Kong (CUHK),Academia,Hong Kong,Language,Quantitative reasoning,,7000000000.0,,,,,,,101.0,,,Open weights (non-commercial),Yes,Open (non-commercial),Confident,
all,StyleTTS 2,2023-11-20,Columbia University,Columbia University,Academia,United States of America,Speech,"Text-to-speech (TTS),Speech synthesis",,,,,,,2380.0367411305524,4.0,,NVIDIA A40 PCIe,NVIDIA A40 PCIe,Open weights (unrestricted),Yes,Open source,Unknown,
all,Tulu V2 DPO 70B,2023-11-20,Allen Institute for AI,"Allen Institute for AI,University of Washington",Industry-academia collaboration,United States of America,Language,"Language modeling/generation,Question answering",,70000000000.0,,,168.0,7.0,456967.05429706606,512.0,,Google TPU v3,Google TPU v3,Open weights (restricted use),Yes,Open source,Likely,"Hardware,Operation counting"
all,Claude 2.1,2023-11-21,Anthropic,Anthropic,Industry,United States of America,Language,"Language modeling,Chat,Language modeling/generation,Question answering",,,,,,,,,,,,API access,No,Unreleased,Unknown,
all,Orca 2-13B,2023-11-21,Microsoft Research,Microsoft Research,Industry,United States of America,Language,"Language modeling/generation,Question answering",4.6e+22,13000000000.0,,,80.0,3.3333333333333335,,,202.0,NVIDIA A100 SXM4 80 GB,NVIDIA A100 / A800,Open weights (non-commercial),Yes,Unreleased,Confident,Hardware
all,Inflection-2,2023-11-22,Inflection AI,Inflection AI,Industry,United States of America,Language,"Language modeling,Language modeling/generation,Chat,Question answering",1.001e+25,,,13461144.182562498,,,6941464.657305156,5000.0,,NVIDIA H100 SXM5 80GB,NVIDIA H100 / H800 / H200,Hosted access (no API),No,Unreleased,Confident,"Hardware,Benchmarks"
all,OmniFusion-7B (InternViT-6B-448px V1-2),2023-11-22,AIRI Artificial Intelligence Research Institute,"AIRI Artificial Intelligence Research Institute,Sber,Skolkovo Institute of Science and Technology",Industry-academia collaboration,Russia,Multimodal,"Visual question answering,Language modeling/generation,Question answering",,12540000000.0,,,,,6346.481972393285,8.0,7.0,NVIDIA A100,NVIDIA A100 / A800,Open weights (unrestricted),Yes,Open source,Confident,
all,TAIWAN-LLM 13B,2023-11-23,National Taiwan University,National Taiwan University,Academia,Taiwan,Language,Chat,,13000000000.0,,,,,66636.57673893808,48.0,34.0,NVIDIA H100 SXM5 80GB,NVIDIA H100 / H800 / H200,,,,Confident,
all,TAIWAN-LLM 7B,2023-11-23,National Taiwan University,National Taiwan University,Academia,Taiwan,Language,Chat,,7000000000.0,,,,,66636.57673893808,48.0,34.0,NVIDIA H100 SXM5 80GB,NVIDIA H100 / H800 / H200,,,,Confident,
all,Belle VL,2023-11-24,KE Holdings Inc. (“Beike”),KE Holdings Inc. (“Beike”),Industry,China,Multimodal,"Language modeling/generation,Visual question answering",,14000000000.0,,,,,,,,,,Open weights (unrestricted),Yes,,Confident,
all,Infinity (无涯),2023-11-24,Transwarp Technology,Transwarp Technology,Industry,China,Language,"Chat,Data analytics",,,,,,,,,,,,,,,Unknown,
all,Stable Video Diffusion,2023-11-25,Stability AI,Stability AI,Industry,United Kingdom of Great Britain and Northern Ireland,Image generation,"Image generation,Video generation,Text-to-video,Image-to-video",6.7392e+22,,,,,,304610.7835231759,384.0,,NVIDIA A100 SXM4 80 GB,NVIDIA A100 / A800,Open weights (restricted use),Yes,Open (non-commercial),Confident,Hardware
all,Starling-LM-7B-alpha,2023-11-25,University of California (UC) Berkeley,University of California (UC) Berkeley,Academia,United States of America,Language,"Chat,Language modeling/generation",,7000000000.0,138133333.0,,,,6346.057990066165,8.0,,NVIDIA A100,NVIDIA A100 / A800,Open weights (non-commercial),Yes,,Confident,
all,Amazon Transcribe,2023-11-26,Amazon,Amazon,Industry,United States of America,Speech,"Speech-to-text,Speech recognition (ASR)",,,,,,,,,,,,API access,No,Unreleased,Unknown,
all,ControlNet (SDv2),2023-11-26,Stability AI,Stability AI,Industry,United Kingdom of Great Britain and Northern Ireland,Image generation,Image-to-image,,,,,120.0,5.0,490.3266656959478,1.0,,NVIDIA GeForce RTX 3090 Ti,NVIDIA consumer / workstation GPU,Unreleased,No,Unreleased,Confident,Hardware
all,Meditron-70B,2023-11-27,Ecole Polytechnique F´ed´erale de Lausanne (EPFL),Ecole Polytechnique F´ed´erale de Lausanne (EPFL),Academia,Switzerland,Language,"Language modeling/generation,Question answering,Medical diagnosis",,70000000000.0,48100000000.0,,332.0,13.833333333333334,101532.40561467802,128.0,,NVIDIA A100 SXM4 80 GB,NVIDIA A100 / A800,Open weights (restricted use),Yes,Unreleased,Confident,"Hardware,Operation counting"
all,StripedHyena-Hessian-7B,2023-11-27,Together,"Together,Nous Research",Industry,United States of America,Language,"Chat,Language modeling/generation",8e+19,7000000000.0,,,,,,,,,,Open weights (unrestricted),Yes,Unreleased,Confident,Reported
all,Yuan 2.0,2023-11-27,Inspur,Inspur,Industry,China,Language,"Language modeling/generation,Translation,Code generation",1.78e+23,102600000000.0,,,,,,,,,,Open weights (restricted use),Yes,Open source,Confident,Operation counting
all,SD-Turbo,2023-11-28,Stability AI,Stability AI,Industry,United Kingdom of Great Britain and Northern Ireland,Image generation,"Text-to-image,Image generation",,,,,,,,,,,,Open weights (non-commercial),Yes,Unreleased,Unknown,
all,Amazon Titan Text Express,2023-11-29,Amazon,Amazon,Industry,United States of America,Language,"Language modeling/generation,Text summarization,Chat,Code generation,Retrieval-augmented generation,Question answering",,,,,,,,,,,,API access,No,Unreleased,Unknown,
all,Amazon Titan Text Lite,2023-11-29,Amazon,Amazon,Industry,United States of America,Language,"Language modeling/generation,Text summarization,Chat,Code generation",,,,,,,,,,,,API access,No,Unreleased,Unknown,
all,GNoME for crystal discovery,2023-11-29,Google DeepMind,Google DeepMind,Industry,United States of America,Materials science,Crystal discovery,,16240000.0,69000.0,,,,2696.8344078515975,4.0,,Google TPU v4,Google TPU v4,Unreleased,No,Unreleased,Likely,
all,Llama-3-Taiwan-70B,2023-11-29,National Taiwan University,National Taiwan University,Academia,Taiwan,Language,"Chat,Language modeling/generation,Question answering",,70000000000.0,35100000000.0,,,,66627.67360574534,48.0,,NVIDIA H100 SXM5 80GB,NVIDIA H100 / H800 / H200,Open weights (restricted use),Yes,Unreleased,Likely,Operation counting
all,PPLX-70B-Online,2023-11-29,Perplexity,Perplexity,Industry,United States of America,Language,"Question answering,Chat,Language modeling/generation",,70000000000.0,,,,,,,,,,API access,No,Unreleased,Likely,
all,Cohere Command Light,2023-11-30,Cohere,Cohere,Industry,Canada,Language,"Language generation,Chat,Text summarization,Language modeling/generation",1.001e+22,6000000000.0,,,,,,,,Google TPU v4,Google TPU v4,API access,No,Unreleased,Speculative,Hardware
all,Granite 13B,2023-11-30,IBM,IBM,Industry,United States of America,Language,"Chat,Language modeling/generation,Question answering,Text summarization",2.44e+23,13000000000.0,2500000000000.0,,2208.0,92.0,,,,NVIDIA A100,NVIDIA A100 / A800,API access,No,Unreleased,Likely,"Hardware,Operation counting"
all,Qwen-72B,2023-11-30,Alibaba,Alibaba,Industry,China,Language,"Chat,Code generation,Language modeling/generation,Question answering",1.3e+24,72000000000.0,3000000000000.0,,,,,,,,,Open weights (restricted use),Yes,Unreleased,Confident,Operation counting
all,AzeroGPT,2023-12-01,SoundAI,SoundAI,Industry,China,Multimodal,"Image captioning,Speech-to-text,Chat,Language modeling/generation,Question answering,Code generation",,100000000000.0,,,,,,,,NVIDIA A800 PCIe,NVIDIA A100 / A800,Unreleased,No,,Confident,
all,Mamba-2.8B,2023-12-01,Carnegie Mellon University (CMU),"Carnegie Mellon University (CMU),Princeton University",Academia,United States of America,Language,"Language generation,Question answering",5.400000000000001e+21,2800000000.0,300000000000.0,,,,,,7063.0,,,Open weights (unrestricted),Yes,Unreleased,Likely,Operation counting
all,Mamba-24M (SC09),2023-12-01,Carnegie Mellon University (CMU),"Carnegie Mellon University (CMU),Princeton University",Academia,United States of America,Speech,"Audio generation,Speech synthesis,Text-to-speech (TTS)",,23400000.0,96672.0,,,,,,7063.0,,,Unreleased,No,Unreleased,Confident,
all,NASA SMD,2023-12-01,NASA,"NASA,IBM",Industry-academia collaboration,United States of America,Language,"Language modeling/generation,Question answering",,125000000.0,66240000000.0,,,,,,,,,Open weights (unrestricted),Yes,,Speculative,
all,SEA-LION V1 3B,2023-12-01,AI Singapore,AI Singapore,Government,Singapore,Language,"Question answering,Chat,Language modeling/generation",2.1893426e+22,3000000000.0,980000000000.0,,336.0,14.0,190356.3033115072,240.0,,NVIDIA A100 SXM4 40 GB,NVIDIA A100 / A800,Open weights (unrestricted),Yes,Open source,Confident,"Hardware,Operation counting"
all,SEA-LION V1 7B,2023-12-01,AI Singapore,AI Singapore,Government,Singapore,Language,"Question answering,Chat,Language modeling/generation",4.3297598e+22,7000000000.0,980000000000.0,,528.0,22.0,203046.72353227437,256.0,,NVIDIA A100 SXM4 40 GB,NVIDIA A100 / A800,Open weights (unrestricted),Yes,Open source,Confident,"Hardware,Operation counting"
all,SeaLLM-7B-v2,2023-12-01,Alibaba DAMO Academy,Alibaba DAMO Academy,Industry,China,Language,Chat,,7380000000.0,,,,,,,,,,Open weights (restricted use),Yes,,Confident,
all,SeaLLM-7B-v2.5,2023-12-01,Alibaba DAMO Academy,Alibaba DAMO Academy,Industry,China,Language,Chat,,8540000000.0,,,,,,,,,,Open weights (unrestricted),Yes,,Confident,
all,tsuzumi 7B,2023-12-01,NTT Communication Science Laboratories,NTT Communication Science Laboratories,Industry,Japan,Language,"Chat,Language modeling/generation",,7000000000.0,,,,,,,,,,,,,Confident,
all,Baize-v2-13B (白泽),2023-12-02,University of California San Diego,"University of California San Diego,Sun Yat-sen University,Microsoft Research Asia",Industry-academia collaboration,Multinational,Language,"Language modeling/generation,Question answering",,13000000000.0,,,,,,,,NVIDIA A100 SXM4 80 GB,NVIDIA A100 / A800,Open weights (non-commercial),Yes,Unreleased,Confident,Hardware
all,Playground v2,2023-12-02,Playground,Playground,Industry,United States of America,Image generation,"Text-to-image,Image generation",,,,,,,,,234.0,,,Open weights (unrestricted),Yes,Unreleased,Unknown,
all,SARA-RT-2,2023-12-04,Google DeepMind,Google DeepMind,Industry,United States of America,Robotics,Robotic manipulation,,5000000000.0,,,,,,,,,,Unreleased,No,Unreleased,Confident,
all,NexusRaven-V2,2023-12-05,Nexusflow,Nexusflow,Industry,United States of America,Language,"Language modeling/generation,Code generation",,13000000000.0,,,,,,,,,,Open weights (restricted use),Yes,,Confident,
all,Gemini 1.0 Pro,2023-12-06,Google DeepMind,Google DeepMind,Industry,United States of America,Multimodal,"Language modeling,Visual question answering,Chat,Translation",,,,,,,,,633.0,Google TPU v4,Google TPU v4,API access,No,Unreleased,Speculative,Benchmarks
all,Gemini 1.0 Ultra,2023-12-06,Google DeepMind,Google DeepMind,Industry,United States of America,Multimodal,"Language modeling,Visual question answering,Chat,Translation",5.0000000001e+25,,,30719419.93534952,2400.0,100.0,38423900.11232233,57000.0,633.0,Google TPU v4,Google TPU v4,API access,No,Unreleased,Speculative,"Benchmarks,Hardware"
all,OneLLM,2023-12-06,Chinese University of Hong Kong (CUHK),"Chinese University of Hong Kong (CUHK),Shanghai AI Lab",Academia,Multinational,Multimodal,"Chat,Visual question answering,Question answering,Image captioning,Video description,Speech recognition (ASR)",,7000000000.0,,,,,12689.007261035234,16.0,240.0,NVIDIA A100,NVIDIA A100 / A800,Open weights (non-commercial),Yes,Open (non-commercial),Likely,
all,Llama Guard,2023-12-07,Meta AI,Meta AI,Industry,United States of America,Language,Chat,1.6e+23,7000000000.0,4096000.0,,,,,,987.0,NVIDIA A100 SXM4 80 GB,NVIDIA A100 / A800,Open weights (restricted use),Yes,Unreleased,Confident,Operation counting
all,StableLM - Zephyr 3B,2023-12-07,Stability AI,Stability AI,Industry,United Kingdom of Great Britain and Northern Ireland,Language,"Language modeling/generation,Question answering",,3000000000.0,,,,,6344.362343983899,8.0,,NVIDIA A100 SXM4 80 GB,NVIDIA A100 / A800,Open weights (restricted use),Yes,,Confident,
all,SeamlessM4T,2023-12-08,Facebook,"Facebook,INRIA,University of California (UC) Berkeley",Industry-academia collaboration,Multinational,Speech,"Translation,Speech synthesis,Speech recognition (ASR),Speech-to-text,Speech-to-speech",,2300000000.0,,,,,,,265.0,NVIDIA V100,NVIDIA V100,Open weights (unrestricted),Yes,Open source,Confident,
all,XVERSE-65B-2,2023-12-08,XVERSE Technology,"XVERSE Technology,Shenzhen Yuanxiang Technology",Industry,China,Language,"Chat,Language modeling/generation",1.24800000000001e+24,65000000000.0,2600000000000.0,,4096.0,170.66666666666666,,,,,,Open weights (restricted use),Yes,Open source,Confident,Operation counting
all,Amber,2023-12-11,Mohamed bin Zayed University of Artificial Intelligence (MBZUAI),"Mohamed bin Zayed University of Artificial Intelligence (MBZUAI),Petuum,University of Southern California,Carnegie Mellon University (CMU),University of Illinois Urbana-Champaign (UIUC),University of California San Diego,LLM360",Industry-academia collaboration,Multinational,Language,"Language modeling/generation,Question answering",4.7898069e+22,6700000000.0,,,600.5,25.020833333333332,177626.32242072464,224.0,,NVIDIA A100 SXM4 80 GB,NVIDIA A100 / A800,Open weights (unrestricted),Yes,Open source,Confident,"Operation counting,Hardware"
all,CRYSTALCODER,2023-12-11,Mohamed bin Zayed University of Artificial Intelligence (MBZUAI),"Mohamed bin Zayed University of Artificial Intelligence (MBZUAI),Petuum,University of Southern California,Carnegie Mellon University (CMU),University of Illinois Urbana-Champaign (UIUC),University of California San Diego,LLM360",Industry-academia collaboration,Multinational,Language,"Language modeling/generation,Question answering,Code generation",5.55564e+22,6700000000.0,1382000000000.0,,,,,,,,,Open weights (unrestricted),Yes,Open source,Confident,Operation counting
all,MBP,2023-12-11,University of Science and Technology of China (USTC),"University of Science and Technology of China (USTC),Tencent,Zhejiang University (ZJU)",Industry-academia collaboration,China,Biology,Protein-ligand binding affinity prediction,1.8e+18,,,,,,,,,,,,,,Likely,Hardware
all,Mistral Medium,2023-12-11,Mistral AI,Mistral AI,Industry,France,Language,Chat,,,,,,,,,,,,API access,No,Unreleased,Unknown,
all,Mixtral 8x7B,2023-12-11,Mistral AI,Mistral AI,Industry,France,Language,"Language modeling/generation,Question answering,Quantitative reasoning,Translation",7.74e+23,46700000000.0,,,,,,,,,,Open weights (unrestricted),Yes,Unreleased,Speculative,Operation counting
all,W.A.L.T,2023-12-11,Stanford University,"Stanford University,Google Research,Georgia Institute of Technology",Industry-academia collaboration,United States of America,Video,"Video generation,Text-to-video",,4719000000.0,,,,,,,,,,Unreleased,No,Unreleased,Confident,
all,ruDalle: Kandinsky 3.0,2023-12-11,Sber,Sber,Industry-academia collaboration,Russia,Image generation,"Text-to-image,Image generation",2.014908e+20,11900000000.0,,,,,,,,NVIDIA A100,NVIDIA A100 / A800,Open weights (unrestricted),Yes,Unreleased,Speculative,Operation counting
all,ruDalle: Kandinsky 3.1,2023-12-11,Sber,Sber,Industry-academia collaboration,Russia,Image generation,"Text-to-image,Image generation",,,,,,,,,,NVIDIA A100,NVIDIA A100 / A800,Open weights (unrestricted),Yes,Open source,Unknown,
all,Phi-2,2023-12-12,Microsoft,Microsoft,Industry,United States of America,Language,"Language generation,Code generation",2.27e+22,2700000000.0,250000000000.0,,336.0,14.0,,,,NVIDIA A100,NVIDIA A100 / A800,Open weights (unrestricted),Yes,Unreleased,Confident,"Operation counting,Hardware"
all,VILA-13B,2023-12-12,NVIDIA,"NVIDIA,Massachusetts Institute of Technology (MIT)",Industry-academia collaboration,United States of America,Multimodal,"Chat,Visual question answering,Image captioning,Language modeling/generation,Question answering",2.3003136e+21,13350839296.0,32430000000.0,,,,101498.495336141,128.0,827.0,NVIDIA A100 SXM4 80 GB,NVIDIA A100 / A800,Open weights (non-commercial),Yes,Open source,Confident,
all,GigaChat Pro,2023-12-13,Sber,Sber,Industry-academia collaboration,Russia,Language,"Language modeling/generation,Question answering,Chat",,29000000000.0,,,,,101496.23505363207,128.0,,NVIDIA A100,NVIDIA A100 / A800,API access,No,Unreleased,Confident,
all,Imagen 2,2023-12-13,Google DeepMind,Google DeepMind,Industry,United States of America,Image generation,"Text-to-image,Image generation,Video generation",,,,,,,,,,,,API access,No,Unreleased,Unknown,
all,MedLM,2023-12-13,Google Cloud,Google Cloud,Industry,United States of America,Language,"Language modeling/generation,Question answering,Medical diagnosis",,,,,,,,,,,,API access,No,Unreleased,Unknown,
all,CogAgent,2023-12-14,Tsinghua University,"Tsinghua University,Z.ai (Zhipu AI)",Industry-academia collaboration,China,Vision,"Instruction interpretation,Visual question answering",6.707e+22,18000000000.0,,,,,,,731.0,,,Open weights (restricted use),Yes,Open source,Likely,Operation counting
all,FunSearch,2023-12-14,Google DeepMind,Google DeepMind,Industry,United States of America,Language,Code generation,3.87e+23,15000000000.0,,,48.0,2.0,,,593.0,,,Open weights (unrestricted),Yes,Unreleased,Speculative,Hardware
all,Poro 34B,2023-12-14,High-Performance Language Technologies (HPLT),"High-Performance Language Technologies (HPLT),University of Turku",Industry-academia collaboration,Multinational,Language,"Code generation,Language modeling/generation",2.052e+23,34200000000.0,1000000000000.0,,,,507469.8741072884,512.0,,AMD Radeon Instinct MI250X,AMD Instinct / Radeon,Open weights (unrestricted),Yes,Open source,Confident,Operation counting
all,Konan LLM 41B,2023-12-15,Konan Technology,Konan Technology,Industry,Korea (Republic of),Language,Language modeling/generation,1.722e+23,41000000000.0,7000000000000.0,,,,,,,,,Hosted access (no API),No,Unreleased,Likely,Operation counting
all,Lyra-Fr 10B,2023-12-15,LightOn,LightOn,Industry,France,Language,"Language modeling/generation,Semantic search,Text classification,Question answering,Text summarization,Sentiment classification",,10000000000.0,,,,,,,,,,API access,No,,Likely,
all,Bird Vocalization Classifier (Perch),2023-12-18,Google Research,"Google Research,Cornell University,Naturalis Biodiversity Center,Chemnitz University of Technology",Industry-academia collaboration,Multinational,Audio,Audio classification,,7800000.0,,,,,,,,,,Open weights (unrestricted),Yes,Open source,Likely,
all,Gemini Nano-1,2023-12-19,Google DeepMind,Google DeepMind,Industry,United States of America,Multimodal,"Chat,Image captioning,Speech recognition (ASR)",,1800000000.0,,,,,,,633.0,Google TPU v5e,Google TPU v5,API access,No,Unreleased,Confident,
all,Gemini Nano-2,2023-12-19,Google DeepMind,Google DeepMind,Industry,United States of America,Multimodal,"Chat,Image captioning,Speech recognition (ASR)",,3250000000.0,,,,,,,633.0,Google TPU v5e,Google TPU v5,Unreleased,No,Unreleased,Confident,
all,HiFi - NN,2023-12-19,Basecamp Research,"Basecamp Research,Technical University of Munich,Molecular Institute of Biology,Microsoft Research",Industry-academia collaboration,Multinational,Biology,Enzyme function prediction,,3000000.0,,,,,6342.6671509727585,8.0,,NVIDIA A100,NVIDIA A100 / A800,Open weights (unrestricted),Yes,Open source,Confident,
all,Suno Music Generation,2023-12-20,Suno,Suno,Industry,United States of America,Audio,Audio generation,,,,,,,,,,,,Hosted access (no API),No,Unreleased,Unknown,
all,VideoPoet,2023-12-21,Google Research,"Google Research,Carnegie Mellon University (CMU),Google DeepMind",Industry-academia collaboration,United States of America,Video,"Video generation,Audio generation,Text-to-video,Image-to-video,Video-to-video",,8000000000.0,2000000000000.0,,,,,,474.0,,,Unreleased,No,,Confident,
all,nekomata-14b,2023-12-21,rinna,rinna,Industry,Japan,Language,Language generation,2.5562e+23,14200000000.0,66000000000.0,,168.0,7.0,,256.0,35.0,Amazon Trainium1,AWS Trainium / Inferentia,Open weights (restricted use),Yes,Unreleased,Confident,Operation counting
all,Fulu Gua (福禄瓜),2023-12-22,ByteDance,ByteDance,Industry,China,Image generation,Image generation,,,,,,,,,,,,,,,Unknown,
all,YaYi 2.0,2023-12-22,Yayi (Wenge),Yayi (Wenge),Industry,China,Language,Language modeling/generation,4.77e+23,30000000000.0,,,,,495487.7674607929,1000.0,8.0,NVIDIA A800 PCIe 40 GB,NVIDIA A100 / A800,Open weights (restricted use),Yes,Open source,Likely,
all,GQA-8-XXL,2023-12-23,Google Research,Google Research,Industry,United States of America,Language,"Text summarization,Language modeling/generation,Translation",3.4912896e+22,11000000000.0,,,,,,,,Google TPU v3,Google TPU v3,Unreleased,No,Open source,Confident,Hardware
all,Solar-10.7B (Solar Mini),2023-12-23,Upstage,Upstage,Industry,Korea (Republic of),Language,"Chat,Language modeling/generation,Question answering",,10700000000.0,,,,,,,216.0,,,Open weights (unrestricted),Yes,Unreleased,Likely,
all,Nous-Hermes-2-Yi-34B,2023-12-25,Nous Research,Nous Research,Industry,United States of America,Language,"Language modeling/generation,Question answering",,34000000000.0,,,,,,,,,,Open weights (unrestricted),Yes,Unreleased,Confident,
all,Elyza,2023-12-27,Elyza,Elyza,Industry,Japan,Language,"Language modeling/generation,Chat",,13000000000.0,2018000000000.0,,,,,,,,,Open weights (restricted use),Yes,,Likely,Operation counting
all,Zhuhai-13B,2023-12-27,Zhujian Intelligence,Zhujian Intelligence,Industry,China,,,,13000000000.0,,,,,,,,,,,,,Confident,
all,Mengzi-Code-6.7B,2023-12-28,Langboat,Langboat,Industry,China,Language,"Language modeling/generation,Question answering,Code generation",,6700000000.0,,,,,,,,,,,,,Confident,
all,MengziGPT-General-13B,2023-12-28,Langboat,Langboat,Industry,China,Language,"Language modeling/generation,Question answering",,13000000000.0,,,,,,,,,,,,,Confident,
all,CoRe,2023-12-29,Tsinghua University,Tsinghua University,Academia,China,Mathematics,"Quantitative reasoning,Language modeling/generation",,12400000000.0,,,,,,,109.0,NVIDIA A100 SXM4 40 GB,NVIDIA A100 / A800,Unreleased,No,Open (non-commercial),Speculative,
all,Qarasu-14B,2023-12-29,Lightblue,Lightblue,Industry,Japan,Language,Chat,,14000000000.0,7000000000.0,,,,,,,NVIDIA A100 SXM4 40 GB,NVIDIA A100 / A800,Open weights (unrestricted),Yes,,Confident,
all,Kimi Explorer,2024-01-01,Moonshot,Moonshot,Industry,China,Language,Language modeling/generation,,,,,,,,,,,,Hosted access (no API),No,Unreleased,Unknown,
all,Palmyra X 003,2024-01-01,Writer,Writer,Industry,United States of America,Language,Language modeling/generation,,72000000000.0,,,,,,,,,,API access,No,Unreleased,,
all,CLAPE-DB,2024-01-03,Tsinghua University,Tsinghua University,Academia,China,Biology,Protein nucleotide interaction prediction,,,314139.0,,,,,,,,,,,,Confident,
all,PLLaMa,2024-01-03,University of California Santa Barbara (UCSB),"University of California Santa Barbara (UCSB),University of Lincoln,Chinese Academy of Agricultural Sciences,Swedish University of Agricultural Sciences",Academia,Multinational,Biology,Language modeling/generation,1.60209723904e+23,13000000000.0,,,59.7,2.4875000000000003,6340.548796655679,8.0,39.0,NVIDIA A100,NVIDIA A100 / A800,Open weights (unrestricted),Yes,Unreleased,Confident,Hardware
all,RT-1 + AutoRT,2024-01-04,Google DeepMind,Google DeepMind,Industry,United States of America,Robotics,Robotic manipulation,,35000000.0,207000.0,,,,,,,,,Unreleased,No,,Likely,
all,babbage-002,2024-01-04,OpenAI,OpenAI,Industry,United States of America,Language,Language modeling,,,,,,,,,,,,,,,Unknown,
all,DeepSeek LLM 67B,2024-01-05,DeepSeek,DeepSeek,Industry,China,Language,"Chat,Language modeling/generation,Question answering",8.04e+23,67000000000.0,2000000000000.0,,,,,,,,,Open weights (restricted use),Yes,Unreleased,Confident,Operation counting
all,DeepSeek LLM 7B,2024-01-05,DeepSeek,DeepSeek,Industry,China,Language,"Chat,Language modeling/generation,Question answering",8.4e+22,7000000000.0,2000000000000.0,,,,,,,,,Open weights (restricted use),Yes,Unreleased,Confident,Operation counting
all,DeepSeek-LLM-1.3b-base,2024-01-05,DeepSeek,DeepSeek,Industry,China,Language,Language modeling/generation,3.9e+21,1300000000.0,500000000000.0,,,,,,,,,Unreleased,No,Unreleased,Confident,Operation counting
all,Xingrui AI (星睿AI),2024-01-05,Geely Automobile Research Institute (Ningbo) Company,Geely Automobile Research Institute (Ningbo) Company,Industry,China,Multimodal,"Self-driving car,Question answering,Recommender system,Object recognition,Language modeling/generation,3D reconstruction",,100000000000.0,,,,,,,,"NVIDIA H800 SXM5,NVIDIA A800 SXM",NVIDIA H100 / H800 / H200,,,,Likely,
all,Improved motif-scaffolding with SE(3) flow matching,2024-01-08,University of Oxford,"University of Oxford,Massachusetts Institute of Technology (MIT),Microsoft Research AI for Science",Industry-academia collaboration,Multinational,Biology,Protein design,1.6000000000000008e+19,16800000.0,,,144.0,6.0,1188.7205317093983,2.0,,NVIDIA RTX A6000,NVIDIA consumer / workstation GPU,,,,Confident,Hardware
all,FABind,2024-01-09,Renmin University of China,"Renmin University of China,Huazhong University of Science and Technology,Microsoft Research AI for Science,University of Science and Technology of China (USTC)",Industry-academia collaboration,Multinational,Biology,Protein-ligand contact prediction,,,6746610.0,,,,4754.776239781165,8.0,,NVIDIA V100,NVIDIA V100,,,,Likely,
all,MAGNeT,2024-01-09,Meta AI,"Meta AI,Hebrew University of Jerusalem,Kyutai",Industry-academia collaboration,Multinational,Audio,Audio generation,,1500000000.0,,,,,,,,,,Open weights (unrestricted),Yes,,Likely,
all,Stable Code 3B,2024-01-09,Stability AI,Stability AI,Industry,United Kingdom of Great Britain and Northern Ireland,Language,"Language modeling/generation,Code generation",2.106e+22,2796431360.0,,,,,202870.4528973297,256.0,,NVIDIA A100 SXM4 40 GB,NVIDIA A100 / A800,Open weights (non-commercial),Yes,,Likely,Operation counting
all,Magic LLM (魔法大模型),2024-01-10,Shenzhen Honor Software Technology,Shenzhen Honor Software Technology,Industry,China,Language,"Chat,Language modeling/generation,Video editing",,7000000000.0,,,,,,,,,,,,,Confident,
all,YOLOv8x,2024-01-10,Ultralytics,Ultralytics,Industry,United States of America,Vision,Object detection,,68200000.0,,,,,,,,,,Open weights (restricted use),Yes,Open (restricted use),Confident,
all,DeepSeekMoE-16B,2024-01-11,DeepSeek,DeepSeek,Industry,China,Language,Chat,3.4e+22,16000000000.0,2000000000000.0,,,,,,844.0,"NVIDIA A100,NVIDIA H800 SXM5",NVIDIA H100 / H800 / H200,Open weights (restricted use),Yes,Unreleased,Likely,Operation counting
all,InternLM2-20B,2024-01-12,Shanghai AI Lab,"Shanghai AI Lab,SenseTime,Chinese University of Hong Kong (CUHK),Fudan University",Industry-academia collaboration,Multinational,Language,"Chat,Language modeling/generation,Question answering",3.12e+23,20000000000.0,2600000000000.0,,,,,,,,,Open weights (restricted use),Yes,Unreleased,Confident,Operation counting
all,DeciCoder-6B,2024-01-15,Deci AI,Deci AI,Industry,Israel,Language,"Chat,Code autocompletion",7.56e+21,6000000000.0,,,,,,,,,,Open weights (unrestricted),Yes,,Likely,Operation counting
all,InternVL,2024-01-15,Shanghai AI Lab,"Shanghai AI Lab,Nanjing University,The University of Hong Kong,Tsinghua University,SenseTime,University of Science and Technology of China (USTC)",Industry-academia collaboration,Multinational,Vision,"Visual question answering,Image classification,Image captioning",1.744956e+23,14000000000.0,,,800.0,33.333333333333336,507108.36980895983,640.0,,NVIDIA A100 SXM4 80 GB,NVIDIA A100 / A800,Open weights (unrestricted),Yes,Unreleased,Likely,Operation counting
all,InternViT-6B,2024-01-15,Shanghai AI Lab,"Shanghai AI Lab,Nanjing University,The University of Hong Kong,Tsinghua University,SenseTime,University of Science and Technology of China (USTC)",Industry-academia collaboration,Multinational,Vision,Visual question answering,,6000000000.0,,,,,507108.36980895983,640.0,,NVIDIA A100,NVIDIA A100 / A800,,,,Confident,
all,OmniNA,2024-01-15,Tianjin Medical University,Tianjin Medical University,Academia,China,Biology,Protein or nucleotide language model (pLM/nLM),2.51092992e+21,1700000000.0,,,,,6338.854622611998,8.0,3.0,NVIDIA A100 SXM4 80 GB,NVIDIA A100 / A800,,,,Likely,Operation counting
all,Yiye Qingzhou-0.7B,2024-01-15,EFFYIC (识因智能),EFFYIC (识因智能),Industry,China,Multimodal,"Language modeling/generation,Question answering,Visual question answering,Speech recognition (ASR),Video description",,700000000.0,,,,,,,,,,Hosted access (no API),No,Unreleased,Confident,
all,Yiye Qingzhou-45B,2024-01-15,EFFYIC (识因智能),EFFYIC (识因智能),Industry,China,Multimodal,"Language modeling/generation,Question answering,Visual question answering,Speech recognition (ASR),Video description",,45000000000.0,,,,,,,,,,Hosted access (no API),No,Unreleased,Confident,
all,ProteinINR,2024-01-16,Kakao,Kakao,Industry,Korea (Republic of),Biology,Protein representation learning,,,,,,,,,20.0,,,,,,Likely,
all,AlphaGeometry,2024-01-17,Google DeepMind,"Google DeepMind,New York University (NYU)",Industry-academia collaboration,United States of America,Mathematics,"Geometry,Mathematical reasoning",,151000000.0,,,,,,,574.0,Google TPU v3,Google TPU v3,Open weights (unrestricted),Yes,Open source,Confident,
all,GLM-4,2024-01-17,Z.ai (Zhipu AI),Z.ai (Zhipu AI),Industry,China,Multimodal,"Language modeling/generation,Question answering,Code generation,Text-to-image,Image generation",,,10000000000000.0,,,,,,,,,Hosted access (no API),No,Unreleased,Confident,
all,GLM-4 (0116),2024-01-17,Z.ai (Zhipu AI),Z.ai (Zhipu AI),Industry,China,Language,"Language modeling/generation,Question answering,Code generation,Quantitative reasoning,Translation",,,10000000000000.0,,,,,,,,,API access,No,Unreleased,Likely,Operation counting
all,Rubik (Rubik魔方大模型),2024-01-17,Thunder Software Technology Co.,"Thunder Software Technology Co.,Ltd.",Industry,China,,,,13000000000.0,,,,,,,,,,,,,Confident,
all,Skiff LLM (一叶轻舟大语言模型),2024-01-17,Shiyin Intelligent Technology Co.,"Shiyin Intelligent Technology Co., Ltd.",Industry,China,Language,Chat,,540000000000.0,,,,,,,,,,,,,Confident,
all,VideoCrafter2,2024-01-17,Tencent,Tencent,Industry,China,Video,"Video generation,Text-to-video,Image-to-video",,,,,,,25354.289217139973,32.0,,NVIDIA A100,NVIDIA A100 / A800,Open weights (unrestricted),Yes,Open source,Unknown,
all,ESM-NBR,2024-01-18,Hunan University,Hunan University,Academia,China,Biology,Protein nucleotide interaction prediction,,,,,,,,,7.0,,,,,,Confident,
all,StableLM-2-1.6B,2024-01-18,Stability AI,Stability AI,Industry,United Kingdom of Great Britain and Northern Ireland,Language,Language modeling/generation,1.92e+22,1644417024.0,2000000000000.0,,,,405659.59358954936,512.0,,NVIDIA A100 SXM4 40 GB,NVIDIA A100 / A800,Open weights (non-commercial),Yes,,Confident,Operation counting
all,XGPT,2024-01-18,,,,,,,,,,,,,,,,,,,,,Unknown,
all,Orion Star (猎户星空大模型),2024-01-21,Beijing OrionStar Technology Co.,"Beijing OrionStar Technology Co., Ltd.",Industry,China,Language,"Language modeling/generation,Chat,Text summarization,Code generation",,14000000000.0,,,,,,,,,,Open weights (unrestricted),Yes,,Confident,
all,Prothyena,2024-01-22,Tokyo Institute of Technology,Tokyo Institute of Technology,Academia,Japan,Biology,Protein or nucleotide language model (pLM/nLM),,4300000.0,,,,,,,4.0,,,,,,Confident,
all,Lumiere,2024-01-23,Google Research,"Google Research,Weizmann Institute of Science,Tel Aviv University,Technion - Israel Institute of Technology",Industry-academia collaboration,Multinational,Video,"Video generation,Text-to-video,Image-to-video",,,,,,,,,477.0,,,Unreleased,No,Unreleased,Confident,
all,Yi-VL-34B,2024-01-23,01.AI,01.AI,Industry,China,Multimodal,"Visual question answering,Language modeling/generation",1.85174e+22,34000000000.0,,,240.0,10.0,177456.311892851,128.0,,NVIDIA H100 SXM5 80GB,NVIDIA H100 / H800 / H200,Open weights (restricted use),Yes,Unreleased,Confident,"Hardware,Operation counting"
all,voyage-code-2,2024-01-23,Voyage AI,Voyage AI,Industry,United States of America,Language,"Code generation,Code autocompletion,Retrieval-augmented generation,Entity embedding",,,,,,,,,,,,API access,No,Unreleased,Unknown,
all,Fuyu-Heavy,2024-01-24,Adept,Adept,Industry,United States of America,Multimodal,"Chat,Language modeling/generation,Visual question answering,System control",,100000000000.0,,,,,,,,,,Hosted access (no API),No,Unreleased,Speculative,
all,DeepSeek Coder 1.3B,2024-01-25,DeepSeek,"DeepSeek,Peking University",Industry-academia collaboration,China,Language,Code generation,1.56e+22,1300000000.0,2000000000000.0,,,,,,,,,Open weights (restricted use),Yes,Unreleased,Likely,Operation counting
all,DeepSeek Coder 33B,2024-01-25,DeepSeek,"DeepSeek,Peking University",Industry-academia collaboration,China,Language,Code generation,3.96e+23,33000000000.0,2000000000000.0,,,,,,,,,Open weights (restricted use),Yes,Unreleased,Likely,Operation counting
all,DeepSeek Coder 6.7B,2024-01-25,DeepSeek,"DeepSeek,Peking University",Industry-academia collaboration,China,Language,Code generation,8.04e+22,6700000000.0,2000000000000.0,,,,,,,,,Open weights (restricted use),Yes,Unreleased,Likely,Operation counting
all,Qwen-VL-Max,2024-01-25,Alibaba,Alibaba,Industry,China,Multimodal,"Chat,Image captioning,Face recognition,Visual question answering",,7000000000.0,,,,,,,,,,API access,No,Unreleased,Confident,
all,text-embedding-3-large,2024-01-25,OpenAI,OpenAI,Industry,United States of America,Language,Language modeling,,,,,,,,,,,,API access,No,,Unknown,
all,text-embedding-3-small,2024-01-25,OpenAI,OpenAI,Industry,United States of America,Language,Language modeling,,,,,,,,,,,,API access,No,,Unknown,
all,Karakuri LM,2024-01-26,KARAKURI Inc.,KARAKURI Inc.,Industry,Japan,Language,"Language modeling/generation,Chat",,70000000000.0,,,,,,,,,,Open weights (restricted use),Yes,,Confident,
all,Magic Cube,2024-01-26,,,,,,,,,,,,,,,,,,Unreleased,No,Unreleased,Unknown,
all,ProteinStructureTransformer,2024-01-26,Max Planck Institute of Biochemistry,Max Planck Institute of Biochemistry,Academia,Germany,Biology,Protein or nucleotide language model (pLM/nLM),7.616995200001001e+21,1137000000.0,,,10.0,0.4166666666666667,5545.139273980643,4.0,21.0,NVIDIA H100 SXM5 80GB,NVIDIA H100 / H800 / H200,,,,Confident,Hardware
all,Yan,2024-01-26,Rock AI / Shanghai Stonehill Technology,Rock AI / Shanghai Stonehill Technology,Industry,China,Language,Language modeling/generation,,,,,,,,,,,,API access,No,Unreleased,Unknown,
all,Yue AI,2024-01-26,,,,,,,,,,,,,,,,,,Unreleased,No,Unreleased,Unknown,
all,Baichuan3,2024-01-29,Baichuan,Baichuan,Industry,China,Language,"Language modeling/generation,Question answering,Code generation,Mathematical reasoning,Medical diagnosis",,100000000000.0,,,,,,,,,,API access,No,Unreleased,Likely,
all,Code Llama-70B,2024-01-29,Meta AI,Meta AI,Industry,United States of America,Language,Code generation,1.26e+24,70000000000.0,3000000000000.0,,6480.0,270.0,316843.9329176827,400.0,3163.0,NVIDIA A100 SXM4 80 GB,NVIDIA A100 / A800,Open weights (restricted use),Yes,Unreleased,Confident,Operation counting
all,BGE-M3 Embedding,2024-01-30,Beijing Academy of Artificial Intelligence / BAAI,Beijing Academy of Artificial Intelligence / BAAI,Academia,China,Language,"Language modeling/generation,Translation",,335000000.0,1201100000.0,,,,,,,"NVIDIA A100,NVIDIA A800 PCIe 40 GB",NVIDIA A100 / A800,Open weights (unrestricted),Yes,Open source,Likely,
all,LLaVA-NeXT-34B (LLaVA-1.6),2024-01-30,University of Wisconsin Madison,"University of Wisconsin Madison,ByteDance,Nanyang Technological University,University of California (UC) Berkeley",Industry-academia collaboration,Multinational,Multimodal,"Visual question answering,Chat,Question answering",2.5878528e+20,34750000000.0,89338000.0,,24.0,1.0,25346.95016648552,32.0,,NVIDIA A100,NVIDIA A100 / A800,Open weights (unrestricted),Yes,,Likely,Hardware
all,Hanhai (瀚海),2024-01-31,Shuchi Information Technology ( Shanghai ) Co.,"Shuchi Information Technology ( Shanghai ) Co. , Ltd.",Industry,China,Multimodal,"Text-to-speech (TTS),Text-to-image,Recommender system,Image captioning,Speech synthesis,Character recognition (OCR)",,,,,,,,,,,,,,,Unknown,
all,OLMo-1B,2024-02-01,Allen Institute for AI,"Allen Institute for AI,University of Washington",Industry-academia collaboration,United States of America,Language,"Language modeling/generation,Chat",1.2e+22,1000000000.0,2000000000000.0,,,,,,,"AMD Radeon Instinct MI250X,NVIDIA A100",NVIDIA A100 / A800,Open weights (unrestricted),Yes,Open source,Confident,Operation counting
all,OLMo-7B,2024-02-01,Allen Institute for AI,"Allen Institute for AI,University of Washington",Industry-academia collaboration,United States of America,Language,"Language modeling/generation,Chat",1.0332e+23,7000000000.0,2000000000000.0,,,,,,,"AMD Radeon Instinct MI250X,NVIDIA A100",NVIDIA A100 / A800,Open weights (unrestricted),Yes,Open source,Confident,Operation counting
all,Qwen1.5-14B,2024-02-04,Alibaba,Alibaba,Industry,China,Language,"Chat,Language modeling/generation,Quantitative reasoning,Code generation,Translation",3.36e+23,14000000000.0,,,,,,,,,,Open weights (unrestricted),Yes,Unreleased,Confident,Operation counting
all,Qwen1.5-72B,2024-02-04,Alibaba,Alibaba,Industry,China,Language,"Chat,Language modeling/generation,Quantitative reasoning,Code generation,Translation",1.3e+24,72000000000.0,3000000000000.0,,,,,,,,,Open weights (restricted use),Yes,Unreleased,Confident,Operation counting
all,Qwen1.5-7B,2024-02-04,Alibaba,Alibaba,Industry,China,Language,"Chat,Language modeling/generation,Quantitative reasoning,Code generation,Translation",1.68e+23,7000000000.0,,,,,,,,,,Open weights (unrestricted),Yes,Unreleased,Confident,Operation counting
all,DeepSeekMath 7B,2024-02-05,DeepSeek,"DeepSeek,Tsinghua University,Peking University",Industry-academia collaboration,China,Language,Quantitative reasoning,1.014e+23,7000000000.0,500000000000.0,,,,,,,,,Open weights (restricted use),Yes,Unreleased,Confident,Operation counting
all,Qwen1.5-32B,2024-02-05,Alibaba,Alibaba,Industry,China,Language,"Chat,Language modeling/generation,Quantitative reasoning,Code generation,Translation",,32000000000.0,,,,,,,,,,Open weights (restricted use),Yes,Unreleased,Confident,Operation counting
all,CARP,2024-02-06,Microsoft Research,Microsoft Research,Industry,United States of America,Biology,Protein or nucleotide language model (pLM/nLM),1.0193977e+22,643000000.0,1867500000.0,,,,76028.99774979397,128.0,138.0,NVIDIA V100,NVIDIA V100,Open weights (unrestricted),Yes,Open source,Confident,"Hardware,Operation counting"
all,CausalLM 34B β,2024-02-06,CausalLM,CausalLM,,China,Language,"Language modeling/generation,Question answering",,34400000000.0,,,,,,,,,,Open weights (unrestricted),Yes,Unreleased,Confident,
all,Qwen Plus,2024-02-06,Alibaba,Alibaba,Industry,China,Language,"Language modeling/generation,Code generation,Question answering,Translation,Quantitative reasoning",,,,,,,,,,,,API access,No,Unreleased,Unknown,
all,Qwen-Turbo,2024-02-06,Alibaba,Alibaba,Industry,China,Language,"Language modeling/generation,Code generation,Question answering,Translation,Quantitative reasoning",,,,,,,,,,,,API access,No,Unreleased,Unknown,
all,SenseChat 4.0,2024-02-06,SenseTime,SenseTime,Industry,Hong Kong,Language,"Language modeling/generation,Question answering",,,,,,,,,,,,API access,No,Unreleased,Unknown,
all,SenseChat-DataAnalysis V4,2024-02-06,SenseTime,SenseTime,Industry,Hong Kong,Language,"Language modeling/generation,Code generation",,,,,,,,,,,,API access,No,Unreleased,Unknown,
all,SenseChat-Medical V4,2024-02-06,SenseTime,SenseTime,Industry,Hong Kong,Multimodal,"Medical diagnosis,Language modeling/generation,Question answering,Character recognition (OCR)",,,,,,,,,,,,API access,No,Unreleased,Confident,
all,SenseChat-Vision V4,2024-02-06,SenseTime,SenseTime,Industry,Hong Kong,Multimodal,"Self-driving car,Visual question answering,Face recognition,Language modeling/generation,Image captioning",,30000000000.0,,,,,,,,,,API access,No,Unreleased,Confident,
all,SenseMirage V4,2024-02-06,SenseTime,SenseTime,Industry,Hong Kong,Image generation,"Text-to-image,Image generation",,10000000000.0,,,,,,,,,,API access,No,Unreleased,Confident,
all,Distilled Grandmaster,2024-02-07,DeepMind,DeepMind,Industry,United Kingdom of Great Britain and Northern Ireland,Games,Chess,1.035671832e+22,270000000.0,1194960000000.0,,,,,,44.0,,,Open weights (unrestricted),Yes,Open source,Confident,Operation counting
all,RecGPT / Xingchen LLM (淘宝（中国）软件有限公司),2024-02-07,Alibaba,Alibaba,Industry,China,Multimodal,"Recommender system,Language modeling/generation,Text summarization",,50000000000.0,,,,,,,,,,Unreleased,No,Unreleased,Likely,
all,StableLM-2-12B,2024-02-07,Stability AI,Stability AI,Industry,United Kingdom of Great Britain and Northern Ireland,,,,12143605760.0,2000000000000.0,,,,,,,,,,,,Confident,
all,Structure-Informed Protein Language Model,2024-02-07,Mila - Quebec AI (originally Montreal Institute for Learning Algorithms),"Mila - Quebec AI (originally Montreal Institute for Learning Algorithms),University of Montreal / Université de Montréal,IBM Research,HEC Montreal,CIFAR AI Research",Industry-academia collaboration,Multinational,Biology,Protein or nucleotide language model (pLM/nLM),,650000000.0,,,,,,,15.0,,,,,,Likely,
all,DiscDiff,2024-02-08,Imperial College London,Imperial College London,Academia,United Kingdom of Great Britain and Northern Ireland,Biology,Protein or nucleotide language model (pLM/nLM),3.399999999999988e+19,,983040000.0,,,,,2.0,21.0,"NVIDIA RTX A6000,NVIDIA A100",NVIDIA A100 / A800,,,,Confident,Hardware
all,Aya,2024-02-12,Cohere for AI,"Cohere for AI,Brown University,Cohere,Carnegie Mellon University (CMU),Massachusetts Institute of Technology (MIT)",Industry-academia collaboration,Multinational,Language,"Language modeling/generation,Chat,Translation",,13000000000.0,1144220000000.0,,,,86154.6850166532,128.0,368.0,Google TPU v4,Google TPU v4,Open weights (unrestricted),Yes,Unreleased,Speculative,
all,PLAPT,2024-02-12,Wolfram Research,"Wolfram Research,ASC27,Newport High School,Sanskriti School",Industry-academia collaboration,Multinational,Biology,Protein-ligand binding affinity prediction,3.900846548437782e+22,1474624.0,,,,,174.03580522109968,1.0,8.0,NVIDIA GeForce RTX 4060 Ti,NVIDIA consumer / workstation GPU,,,,Confident,Operation counting
all,Stable Cascade,2024-02-12,Stability AI,Stability AI,Industry,United Kingdom of Great Britain and Northern Ireland,Image generation,"Text-to-image,Image generation",,5120000000.0,,,,,,,,,,Open weights (non-commercial),Yes,Open source,Confident,
all,KwaiYii 175B,2024-02-14,Kuaishou Technology,Kuaishou Technology,Industry,China,Language,Language modeling/generation,,175000000000.0,,,,,,,,,,,,Unreleased,Confident,
all,Gemini 1.0 Pro Vision,2024-02-15,Google DeepMind,Google DeepMind,Industry,United States of America,Vision,"Language modeling,Visual question answering,Chat,Translation,Video description,Question answering",,,,,,,,,,,,API access,No,Unreleased,Unknown,
all,Gemini 1.5 Pro,2024-02-15,Google DeepMind,Google DeepMind,Industry,United States of America,Multimodal,"Language modeling,Visual question answering",,,,,,,,,,Google TPU v4,Google TPU v4,API access,No,Unreleased,Speculative,Benchmarks
all,ProtChatGPT,2024-02-15,University of Technology Sydney,"University of Technology Sydney,Zhejiang University (ZJU)",Academia,Multinational,Biology,Protein question answering,7.200353201209069e+23,8000000000.0,,,24.0,1.0,2771.3350442941023,2.0,23.0,NVIDIA H100 SXM5 80GB,NVIDIA H100 / H800 / H200,Unreleased,No,Unreleased,Confident,Hardware
all,Sora,2024-02-15,OpenAI,OpenAI,Industry,United States of America,Video,"Video generation,Text-to-video,Image-to-video,Video-to-video",,,,,,,,,,,,Hosted access (no API),No,Unreleased,Unknown,
all,V-JEPA,2024-02-15,Meta AI,Meta AI,Industry,United States of America,Vision,Representation learning,1.6387080192e+21,630000000.0,,,50.0,2.0833333333333335,,,,NVIDIA A100,NVIDIA A100 / A800,,,,Confident,
all,Me Llama 13B,2024-02-20,Yale School of Medicine,"Yale School of Medicine,University of Florida,University of Texas Health Science Center",Academia,United States of America,Language,"Language modeling/generation,Question answering,Medical diagnosis,Named entity recognition (NER),Text classification,Text summarization",,13000000000.0,129000000000.0,,,,,,,NVIDIA A100 SXM4 80 GB,NVIDIA A100 / A800,Open weights (non-commercial),Yes,Unreleased,Confident,Operation counting
all,Me Llama 70B,2024-02-20,Yale School of Medicine,"Yale School of Medicine,University of Florida,University of Texas Health Science Center",Academia,United States of America,Language,"Language modeling/generation,Question answering,Medical diagnosis,Named entity recognition (NER),Text classification,Text summarization",,70000000000.0,129000000000.0,,,,,,,NVIDIA A100 SXM4 80 GB,NVIDIA A100 / A800,Open weights (non-commercial),Yes,Unreleased,Confident,"Operation counting,Hardware"
all,Gemma 2B,2024-02-21,Google DeepMind,Google DeepMind,Industry,United States of America,Language,"Language modeling/generation,Chat,Code generation,Question answering,Quantitative reasoning",4.5115822e+22,2506434560.0,3000000000000.0,,,,228010.81566425588,512.0,,Google TPU v5e,Google TPU v5,Open weights (restricted use),Yes,Unreleased,Confident,Operation counting
all,Gemma 7B,2024-02-21,Google DeepMind,Google DeepMind,Industry,United States of America,Language,"Language modeling/generation,Chat,Code generation,Question answering,Quantitative reasoning",3.07e+23,8538074112.0,6000000000000.0,,,,1824086.525314047,4096.0,,Google TPU v5e,Google TPU v5,Open weights (restricted use),Yes,Unreleased,Confident,"Operation counting,Hardware"
all,PepGLAD,2024-02-21,Tsinghua University,"Tsinghua University,Renmin University of China",Academia,China,Biology,Protein design,,,,,,,,1.0,,,,,,,Confident,Hardware
all,Re-Dock,2024-02-21,Zhejiang University (ZJU),"Zhejiang University (ZJU),Westlake University,University of Washington",Academia,Multinational,Biology,Protein-ligand contact prediction,7.500000000000002e+19,,,,168.0,7.0,435.0023192617824,1.0,24.0,NVIDIA A100,NVIDIA A100 / A800,,,,Likely,Hardware
all,Reinvent 4,2024-02-21,AstraZeneca,AstraZeneca,Industry,Multinational,Biology,Drug discovery,,,,,,,,,50.0,,,Open weights (unrestricted),Yes,Open source,Confident,
all,Stable Diffusion 3,2024-02-22,Stability AI,Stability AI,Industry,United Kingdom of Great Britain and Northern Ireland,Image generation,"Image generation,Text-to-image",5e+22,8000000000.0,,,,,,,,,,API access,No,Unreleased,Confident,Reported
all,Genie,2024-02-23,Google DeepMind,Google DeepMind,Industry,United States of America,Video,"Video generation,Image-to-video,Text-to-video",6.6e+22,10700000000.0,942000000000.0,,,,273600.7926904649,256.0,,Google TPU v5p,Google TPU v5,Unreleased,No,Unreleased,Confident,Reported
all,MegaScale (175B),2024-02-23,ByteDance,"ByteDance,Peking University",Industry-academia collaboration,China,Language,Language modeling/generation,2.7385671436e+23,175000000000.0,300000000000.0,,42.0,1.75,9728028.18454986,12288.0,302.0,NVIDIA A100,NVIDIA A100 / A800,Unreleased,No,Unreleased,Confident,"Operation counting,Hardware"
all,MegaScale (530B),2024-02-23,ByteDance,"ByteDance,Peking University",Industry-academia collaboration,China,Language,Language modeling/generation,9.6910000000001e+23,530000000000.0,300000000000.0,,117.9,4.9125000000000005,8866692.355709508,11200.0,302.0,NVIDIA A100,NVIDIA A100 / A800,Unreleased,No,Unreleased,Confident,Comparison with other models
all,MegaScale (Production),2024-02-23,ByteDance,"ByteDance,Peking University",Industry-academia collaboration,China,Language,Language modeling/generation,3.9e+24,530000000000.0,,2614019.245,504.0,21.0,9728028.18454986,12288.0,302.0,NVIDIA A100,NVIDIA A100 / A800,Unreleased,No,Unreleased,Speculative,Other
all,Gemma 1.1 7B Instruct,2024-02-24,Google,Google,Industry,United States of America,Language,"Language modeling/generation,Question answering",3.0744e+23,8540000000.0,6000000000000.0,,,,,,,Google TPU v5e,Google TPU v5,Open weights (restricted use),Yes,Unreleased,Confident,Operation counting
all,SDXL-Lightning,2024-02-24,ByteDance,ByteDance,Industry,China,Image generation,"Image generation,Text-to-image",,,,,,,50665.68515568026,64.0,,NVIDIA A100 SXM4 80 GB,NVIDIA A100 / A800,Open weights (restricted use),Yes,Unreleased,Unknown,
all,DecompDiff,2024-02-26,University of Illinois Urbana-Champaign (UIUC),"University of Illinois Urbana-Champaign (UIUC),ByteDance,University of Chinese Academy of Sciences,Chinese Academy of Sciences,Tsinghua University",Industry-academia collaboration,Multinational,Biology,Drug discovery,1.8999999999999996e+19,,12500000.0,,41.7,1.7375,434.9538858175219,1.0,119.0,NVIDIA A100,NVIDIA A100 / A800,,,,Confident,Hardware
all,Mistral Large,2024-02-26,Mistral AI,Mistral AI,Industry,France,Language,Chat,,,,14110111.93,2500.0,104.16666666666667,,,,NVIDIA H100 SXM5 80GB,NVIDIA H100 / H800 / H200,API access,No,Unreleased,Speculative,Cost
all,ProLLaMA,2024-02-26,Peking University,"Peking University,Peng Cheng Laboratory",Academia,China,Biology,Protein question answering,8.412e+22,7000000000.0,,,264.0,11.0,4749.696433127339,8.0,84.0,NVIDIA RTX A6000,NVIDIA consumer / workstation GPU,,,,Confident,Hardware
all,BitNet b1.58,2024-02-27,University of Chinese Academy of Sciences,"University of Chinese Academy of Sciences,Microsoft Research",Industry-academia collaboration,Multinational,Language,"Language modeling/generation,Question answering",2.8735486e+22,70000000000.0,100000000000.0,,,,,,,,,,,,Confident,"Operation counting,Comparison with other models"
all,Evo,2024-02-27,Stanford University,"Stanford University,University of California (UC) Berkeley,Together",Industry-academia collaboration,United States of America,Biology,Protein or nucleotide language model (pLM/nLM),2.0000000001e+22,7000000000.0,300000000000.0,,2968.0,123.66666666666667,,,224.0,"NVIDIA A100,NVIDIA H100 SXM5 80GB",NVIDIA H100 / H800 / H200,Open weights (unrestricted),Yes,,Confident,Reported
all,Nemotron-4 15B,2024-02-27,NVIDIA,NVIDIA,Industry,United States of America,Language,"Language modeling/generation,Code generation,Question answering,Translation,Quantitative reasoning",7.5005116e+23,15000000000.0,,,312.0,13.0,4255633.2327503795,3072.0,,NVIDIA H100 SXM5 80GB,NVIDIA H100 / H800 / H200,Unreleased,No,Unreleased,Confident,"Operation counting,Hardware"
all,Palmyra Vision,2024-02-27,Writer,Writer,Industry,United States of America,Multimodal,"Visual question answering,Video description,Image captioning,Character recognition (OCR),Language generation",,,,,,,,,,,,Hosted access (no API),No,Unreleased,Unknown,
all,Playground v2.5,2024-02-27,Playground,Playground,Industry,United States of America,Image generation,"Text-to-image,Image generation",,3500000000.0,,,,,,,234.0,,,Open weights (restricted use),Yes,Unreleased,Unknown,
all,Ideogram 1.0,2024-02-28,Ideogram,Ideogram,Industry,Canada,Image generation,"Image generation,Text-to-image",,,,,,,,,,,,Hosted access (no API),No,Unreleased,Unknown,
all,Protllm,2024-02-28,Beijing Institute of Technology,"Beijing Institute of Technology,Beihang University,Peking University,Smart Grid Research Institute,Shanghai AI Lab",Academia,China,Biology,Protein or nucleotide language model (pLM/nLM),,,,,,,3166.3232615544166,4.0,29.0,NVIDIA A100,NVIDIA A100 / A800,Unreleased,No,Open (non-commercial),Confident,Operation counting
all,AI Q&A Robot,2024-02-29,,,,,,,,13000000000.0,,,,,,,,,,,,,Confident,
all,Griffin,2024-02-29,Google DeepMind,Google DeepMind,Industry,United States of America,Language,"Language modeling/generation,Chat",1.5848931924611137e+22,14000000000.0,300000000000.0,,,,,,,Google TPU v3,Google TPU v3,Unreleased,No,Unreleased,Confident,Reported
all,Hawk,2024-02-29,Google DeepMind,Google DeepMind,Industry,United States of America,Language,"Language modeling/generation,Chat",3.95e+21,7000000000.0,300000000000.0,,,,,,,Google TPU v3,Google TPU v3,Unreleased,No,Unreleased,Confident,Reported
all,Humanoid Locomotion,2024-02-29,University of California (UC) Berkeley,University of California (UC) Berkeley,Academia,United States of America,Robotics,Animal (human/non-human) imitation,,8000000.0,,,,,,,108.0,,,Unreleased,No,,Likely,
all,PTM-Mamba,2024-02-29,Duke University,Duke University,Academia,United States of America,Biology,Protein or nucleotide language model (pLM/nLM),,,,,,,6332.505500622502,8.0,45.0,NVIDIA A100,NVIDIA A100 / A800,Open weights (non-commercial),Yes,Open source,Likely,Hardware
all,RiNALMo,2024-02-29,University of Zagreb,"University of Zagreb,Genome Institute of Singapore,Bioinformatics Institute",Industry-academia collaboration,Multinational,Biology,"RNA structure prediction,RNA splice-site prediction,Mean ribosome load prediction",1.0500000000000004e+21,650000000.0,,,336.0,14.0,5540.942313044689,7.0,108.0,NVIDIA A100,NVIDIA A100 / A800,,,,Confident,Hardware
all,StarCoder 2 15B,2024-02-29,Hugging Face,"Hugging Face,ServiceNow,NVIDIA,BigCode",Industry,United States of America,Language,"Code generation,Code autocompletion",3.87e+23,15000000000.0,913230000000.0,,,,,,,,,Open weights (restricted use),Yes,Unreleased,Confident,Reported
all,StarCoder 2 3B,2024-02-29,Hugging Face,"Hugging Face,ServiceNow,NVIDIA,BigCode",Industry,United States of America,Language,"Code generation,Code autocompletion",5.94e+22,3000000000.0,622090000000.0,,,,,,,NVIDIA A100 SXM4 80 GB,NVIDIA A100 / A800,Open weights (restricted use),Yes,,Confident,Reported
all,StarCoder 2 7B,2024-02-29,Hugging Face,"Hugging Face,ServiceNow,NVIDIA,BigCode",Industry,United States of America,Language,"Code generation,Code autocompletion",1.55e+23,7000000000.0,658580000000.0,,,,,,,NVIDIA H100 SXM5 80GB,NVIDIA H100 / H800 / H200,Open weights (restricted use),Yes,Unreleased,Confident,Reported
all,YOLOv9-E,2024-02-29,Academia Sinica,"Academia Sinica,National Taipei University of Technology,Chung Yuan Christian University",Academia,Taiwan,Vision,Object detection,1.74258e+17,57300000.0,,,,,,,,,,Open weights (unrestricted),Yes,Open source,Likely,Operation counting
all,MACE-MP-0,2024-03-01,University of Cambridge,"University of Cambridge,Federal Institute of Materials Research and Testing (BAM),NERSC, Lawrence Berkeley National Laboratory,University of British Columbia (UBC),Friedrich Schiller University Jena,University of Bayreuth,Fritz Haber Institute of the Max Planck Society,U. S. Naval Research Laboratory,Chemix,Daresbury Laboratory,BASF,University of South Carolina,University of Stuttgart,Uppsala University,Newcastle University,Technical University of Denmark,Aix-Marseille Université,University of Warwick,University of California Los Angeles (UCLA),InstaDeep,University of California (UC) Berkeley",Industry-academia collaboration,Multinational,Materials science,Molecular simulation,8.76096e+20,,,,,,63323.64481276617,80.0,,NVIDIA A100,NVIDIA A100 / A800,Open weights (unrestricted),Yes,Open source,Confident,Hardware
all,Ovis2 16B,2024-03-01,Alibaba,Alibaba,Industry,China,Multimodal,"Language modeling/generation,Visual question answering",,16000000000.0,,,,,,,,,,,,,Confident,
all,Ovis2 34B,2024-03-01,Alibaba,Alibaba,Industry,China,Multimodal,"Language modeling/generation,Visual question answering",,34000000000.0,,,,,,,,,,,,,Confident,
all,Step-1.5V,2024-03-01,StepFun,StepFun,Industry,China,Vision,Visual question answering,,100000000000.0,,,,,,,,,,,,,Unknown,
all,Step-1X,2024-03-01,StepFun,StepFun,Industry,China,Image generation,"Image generation,Text-to-image",,,,,,,,,,,,API access,No,,Unknown,
all,Step-2,2024-03-01,StepFun,StepFun,Industry,China,Language,"Language modeling/generation,Question answering",,1000000000000.0,,,,,,,,,,API access,No,,Likely,
all,Aramco Metabrain AI,2024-03-04,Saudi Aramco,Saudi Aramco,Industry-academia collaboration,Saudi Arabia,Language,Language modeling/generation,1.05e+25,250000000000.0,7000000000000.0,,,,,,,,,Unreleased,No,Unreleased,Likely,Operation counting
all,Claude 3 Haiku,2024-03-04,Anthropic,Anthropic,Industry,United States of America,Language,"Chat,Code generation,Language modeling/generation,Question answering",,,,,,,,,,,,API access,No,Unreleased,Unknown,
all,Claude 3 Opus,2024-03-04,Anthropic,Anthropic,Industry,United States of America,Multimodal,"Chat,Image captioning,Code generation,Language modeling/generation",,,,,,,,,,,,API access,No,Unreleased,Speculative,Benchmarks
all,Claude 3 Sonnet,2024-03-04,Anthropic,Anthropic,Industry,United States of America,Multimodal,"Chat,Image captioning,Code generation,Language modeling/generation",,,,,,,,,,,,API access,No,Unreleased,Unknown,
all,GroundingGPT,2024-03-05,ByteDance,"ByteDance,Fudan University",Industry-academia collaboration,China,Multimodal,"Chat,Language modeling/generation,Image embedding,Image captioning,Video description,Speech recognition (ASR)",,7000000000.0,,,,,6331.800435296151,8.0,,NVIDIA A100,NVIDIA A100 / A800,Open weights (unrestricted),Yes,Open source,Confident,
all,BaseFold,2024-03-06,Basecamp Research,Basecamp Research,Industry,United Kingdom of Great Britain and Northern Ireland,Biology,Protein folding prediction,,,,,,,,,,NVIDIA A100,NVIDIA A100 / A800,Unreleased,No,Unreleased,Unknown,
all,Inflection-2.5,2024-03-07,Inflection AI,Inflection AI,Industry,United States of America,Language,Chat,8.000001e+24,,,11804593.33,,,,,,NVIDIA H100 SXM5 80GB,NVIDIA H100 / H800 / H200,Hosted access (no API),No,Unreleased,Likely,Comparison with other models
all,DeepSeek-VL-1.3B,2024-03-08,DeepSeek,DeepSeek,Industry,China,Multimodal,"Character recognition (OCR),Language modeling/generation,Visual question answering,Question answering",8.6547326e+21,1300000000.0,400000000.0,,168.0,7.0,101302.0389405131,128.0,797.0,NVIDIA A100,NVIDIA A100 / A800,Open weights (restricted use),Yes,Unreleased,Confident,"Operation counting,Hardware"
all,DeepSeek-VL-7B,2024-03-08,DeepSeek,DeepSeek,Industry,China,Multimodal,"Character recognition (OCR),Language modeling/generation,Visual question answering,Question answering",1.0264959e+23,7000000000.0,400000000.0,,120.0,5.0,405208.1557620524,512.0,797.0,NVIDIA A100,NVIDIA A100 / A800,Open weights (restricted use),Yes,Unreleased,Confident,"Operation counting,Hardware"
all,Derm Foundational Model,2024-03-08,Google Research,Google Research,Industry,United States of America,Vision,"Image embedding,Medical diagnosis,Cancer diagnosis,Image classification",,928000000.0,,,,,,,,,,Open weights (restricted use),Yes,Open source,Likely,
all,HAM-TTS,2024-03-09,Geely Automobile Research Institute (Ningbo) Company,"Geely Automobile Research Institute (Ningbo) Company,National Institute of Informatics,Shanghai Jiao Tong University",Industry-academia collaboration,Multinational,Speech,"Text-to-speech (TTS),Speech synthesis",,800000000.0,,,,,405199.1321316636,512.0,,NVIDIA A100,NVIDIA A100 / A800,Unreleased,No,Unreleased,Confident,
all,Command R,2024-03-11,Cohere,"Cohere,Cohere for AI",Industry,Canada,Language,"Language modeling/generation,Language generation,Translation,Code autocompletion",,35000000000.0,,,,,,,,,,Open weights (non-commercial),Yes,Unreleased,Confident,
all,Dream Home LLM (贝壳梦想家大模型),2024-03-11,KE Holdings Inc. (“Beike”),KE Holdings Inc. (“Beike”),Industry,China,Image generation,"Image generation,Home design",,,,,,,,,,,,,,,Unknown,
all,RFM-1,2024-03-11,Covariant,Covariant,Industry,United States of America,Robotics,"Robotic manipulation,Image captioning,Video description",2.4e+20,8000000000.0,,,,,,,,,,Unreleased,No,Unreleased,Likely,Operation counting
all,ManiGaussian,2024-03-13,Tsinghua University,"Tsinghua University,Nanyang Technological University,Carnegie Mellon University (CMU)",Academia,Multinational,Robotics,Robotic manipulation,,,,,,,1780.5016389530874,2.0,129.0,NVIDIA GeForce RTX 4090,NVIDIA consumer / workstation GPU,Open weights (unrestricted),Yes,Open source,Confident,
all,Recraft V2 (Recraft 20B),2024-03-13,Recraft,Recraft,Industry,United Kingdom of Great Britain and Northern Ireland,Image generation,"Image generation,Text-to-image",,20000000000.0,,,,,,,,,,API access,No,Unreleased,Unknown,
all,MM1-30B,2024-03-14,Apple,Apple,Industry,United States of America,Multimodal,"Chat,Image captioning,Visual question answering",4.86e+23,30000000000.0,,,,,,,266.0,,,Unreleased,No,Unreleased,Likely,Operation counting
all,Quiet-STaR,2024-03-14,Stanford University,Stanford University,Academia,United States of America,Language,,,,,,,,11078.430152175726,8.0,,NVIDIA H100 SXM5 80GB,NVIDIA H100 / H800 / H200,,,,Unknown,
all,Xinghai (星海),2024-03-15,Hisense,Hisense,Industry,China,Multimodal,"Recommender system,Image super-resolution",,,,,,,,,,,,,,,Unknown,
all,PocketVec,2024-03-16,Barcelona Institute of Science and Technology,"Barcelona Institute of Science and Technology,Universitat de Barcelona,Institució Catalana de Recerca i Estudis Avançats (ICREA)",Academia,Spain,Biology,Drug discovery,,,,,,,,,,,,Unreleased,No,Open (non-commercial),Unknown,
all,ERNIE-RNA,2024-03-17,Microsoft Research,"Microsoft Research,Syngentech,Tsinghua University",Industry-academia collaboration,Multinational,Biology,Protein or nucleotide language model (pLM/nLM),2.1000000000000013e+21,86000000.0,918000000.0,,480.0,20.0,11868.95362272414,24.0,20.0,NVIDIA Tesla V100 DGXS 32 GB,NVIDIA V100,,,,Confident,Hardware
all,Stable Video 3D (SV3D),2024-03-18,Stability AI,Stability AI,Industry,United Kingdom of Great Britain and Northern Ireland,Vision,3D reconstruction,5.1757056e+20,,,,144.0,6.0,25319.870531268905,32.0,,NVIDIA A100 SXM4 80 GB,NVIDIA A100 / A800,Open weights (non-commercial),Yes,Unreleased,Confident,Hardware
all,JetFire (GPT2-LARGE),2024-03-19,Tsinghua University,Tsinghua University,Academia,China,Language,Language modeling/generation,,774000000.0,,,,,,,,NVIDIA GeForce RTX 4090,NVIDIA consumer / workstation GPU,,,,Confident,
all,MiniGPT4 + LRV-Instruction,2024-03-19,University of Maryland,"University of Maryland,Microsoft",Industry-academia collaboration,United States of America,Multimodal,"Language modeling/generation,Chat,Visual question answering,Image captioning",,7000000000.0,6080000.0,,,,,,,NVIDIA Quadro RTX 8000,NVIDIA consumer / workstation GPU,Open weights (unrestricted),Yes,Open source,Speculative,Operation counting
all,Qiyuan 3.0,2024-03-20,,,,,,,,,,,,,,,,,,,,,Unknown,
all,Xuanji Yuheng (璇玑玉衡),2024-03-20,Zhuoshi Technology,Zhuoshi Technology,Industry,China,Language,"Question answering,Medical diagnosis",,100000000000.0,,,,,,,,,,,,,Confident,
all,Suno v3,2024-03-21,Suno,Suno,Industry,United States of America,Audio,Audio generation,,,,,,,,,,,,Hosted access (no API),No,Unreleased,Unknown,
all,BindDM,2024-03-24,Peng Cheng Laboratory,"Peng Cheng Laboratory,Peking University,University of Science and Technology of China (USTC),ByteDance,Tsinghua University",Industry-academia collaboration,China,Biology,"Drug discovery,Protein-ligand contact prediction,Protein-ligand binding affinity prediction",,,10000000.0,,,,,,14.0,,,Unreleased,No,Open (non-commercial),Confident,
all,CrossBind,2024-03-24,Shanghai AI Lab,"Shanghai AI Lab,Fudan University,Loughborough University,Chinese University of Hong Kong (CUHK),Shanghai Jiao Tong University",Academia,Multinational,Biology,Protein-ligand contact prediction,,,320400.0,,,,,,,,,,,,Confident,
all,ProstT5,2024-03-24,Technical University of Munich,"Technical University of Munich,Seoul National University,Institute for Advanced Study,TUM School of Life Sciences Weihenstephan",Academia,Multinational,Biology,Protein or nucleotide language model (pLM/nLM),3.09999999999999e+21,3000000000.0,,,864.0,36.0,6329.121902923846,8.0,212.0,NVIDIA A100,NVIDIA A100 / A800,,,,Confident,Hardware
all,MultiVerse 70B,2024-03-25,MTS,MTS,Industry,Russia,Language,"Language modeling/generation,Question answering",,72000000000.0,,,,,,,,,,Open weights (restricted use),Yes,Unreleased,Confident,
all,AInno-75B 2.0,2024-03-27,,,,,,,,75000000000.0,,,,,,,,,,,,,Confident,
all,DBRX,2024-03-27,Databricks,Databricks,Industry,United States of America,Language,"Chat,Code generation",2.6e+24,132000000000.0,12000000000000.0,,,,,,,NVIDIA H100 SXM5 80GB,NVIDIA H100 / H800 / H200,Open weights (restricted use),Yes,Unreleased,Confident,Operation counting
all,Grok-1.5,2024-03-28,xAI,xAI,Industry,United States of America,Language,"Language modeling,Chat",9.26e+24,,,,,,,,,,,Hosted access (no API),No,Unreleased,Speculative,
all,Grok-1.5V,2024-03-28,xAI,xAI,Industry,United States of America,Multimodal,"Language modeling,Chat,Image captioning,Code autocompletion,Code generation,Visual question answering",,,,,,,,,,,,Hosted access (no API),No,Unreleased,Speculative,
all,Jamba,2024-03-28,AI21 Labs,AI21 Labs,Industry,Israel,Language,"Language modeling/generation,Chat",,51600000000.0,,,,,,,,NVIDIA H100 SXM5 80GB,NVIDIA H100 / H800 / H200,Open weights (unrestricted),Yes,Unreleased,Confident,
all,YandexGPT 3,2024-03-28,Yandex,Yandex,Industry,Russia,Language,"Language modeling/generation,Chat,Question answering,Text summarization,Table tasks",,,,,,,,,,,,API access,No,Unreleased,Unknown,
all,ReALM,2024-03-29,Apple,Apple,Industry,United States of America,Language,"Named entity recognition (NER),Language modeling,Part-of-speech tagging",,3000000000.0,134000000000.0,,,,,,,,,Unreleased,No,Unreleased,Confident,
all,Voice Engine,2024-03-29,OpenAI,OpenAI,Industry,United States of America,Audio,Audio generation,,,,,,,,,,,,,,,Unknown,
all,Le_Triomphant-ECE-TW3,2024-04-01,French Engineering School ECE,"French Engineering School ECE,TW3 Partners",Industry-academia collaboration,France,Language,"Language modeling/generation,Question answering",,72000000000.0,,,,,,,,,,Open weights (unrestricted),Yes,Unreleased,Confident,
all,MobileCLIP-B (LT),2024-04-01,Apple,Apple,Industry,United States of America,Vision,"Image captioning,Image classification",1.3423599e+22,149700000.0,,,,,202495.82204270296,256.0,,NVIDIA A100 SXM4 80 GB,NVIDIA A100 / A800,Open weights (unrestricted),Yes,Open source,Likely,Operation counting
all,TW3-JRGL-v2,2024-04-01,French Engineering School ECE,"French Engineering School ECE,TW3 Partners",Industry-academia collaboration,France,Language,"Language modeling/generation,Question answering",,72000000000.0,,,,,,,,,,Open weights (unrestricted),Yes,Unreleased,Confident,
all,TeleChat-12B,2024-04-01,China Telecom,China Telecom,Industry,China,Language,"Language modeling/generation,Chat,Question answering,Text summarization,Code generation,Translation",8.64e+22,12000000000.0,,,,,506239.5551067574,640.0,13.0,NVIDIA A100 SXM4 40 GB,NVIDIA A100 / A800,Open weights (restricted use),Yes,Open (restricted use),Confident,Operation counting
all,TeleChat-3B,2024-04-01,China Telecom,China Telecom,Industry,China,Language,"Language modeling/generation,Chat,Question answering,Text summarization,Code generation,Translation",1.44e+22,3000000000.0,,,,,506239.5551067574,640.0,13.0,NVIDIA A100 SXM4 40 GB,NVIDIA A100 / A800,Unreleased,No,Unreleased,Confident,Operation counting
all,TeleChat-7B,2024-04-01,China Telecom,China Telecom,Industry,China,Language,"Language modeling/generation,Chat,Question answering,Text summarization,Code generation,Translation",4.2e+22,7000000000.0,,,,,506239.5551067574,640.0,13.0,NVIDIA A100 SXM4 40 GB,NVIDIA A100 / A800,Open weights (restricted use),Yes,Open (restricted use),Confident,Operation counting
all,Wutong 2.0,2024-04-01,,,,,,,,,,,,,,,,,,,,,Unknown,
all,APUS-xDAN-4.0(MoE),2024-04-02,Qilin Hesheng Network Technology Co.,"Qilin Hesheng Network Technology Co., Ltd. (APUS)",Industry,China,Multimodal,"Chat,Recommender system,Image generation,Language modeling/generation,Question answering,Mathematical reasoning,Quantitative reasoning",,136000000000.0,,,,,,,,,,Open weights (restricted use),Yes,Unreleased,Confident,
all,AutoDiff,2024-04-02,Galixir Technologies,"Galixir Technologies,Rensselaer Polytechnic Institute,Massachusetts Institute of Technology (MIT)",Industry-academia collaboration,Multinational,Biology,Drug discovery,,,,,,,,,5.0,,,Unreleased,No,Unreleased,Confident,
all,Mixture-of-Depths,2024-04-02,Google DeepMind,"Google DeepMind,McGill University,Mila - Quebec AI (originally Montreal Institute for Learning Algorithms)",Industry-academia collaboration,Multinational,Language,Language modeling/generation,1e+20,3000000000.0,,,,,,,187.0,,,Unreleased,No,Unreleased,Confident,Reported
all,POKE´LLMON,2024-04-02,Georgia Institute of Technology,Georgia Institute of Technology,Academia,United States of America,Games,"Language modeling/generation,Pokemon battles",,,,,,,,,,,,Hosted access (no API),No,Open source,Unknown,
all,XVERSE-MoE-A4.2B,2024-04-02,XVERSE Technology,"XVERSE Technology,Shenzhen Yuanxiang Technology",Industry,China,Language,Chat,,4200000000.0,,,,,,,,,,Open weights (non-commercial),Yes,,Confident,
all,Youyuanjian (邮远见),2024-04-02,China Post Consumer Finance Co.,"China Post Consumer Finance Co., Ltd.",Industry,China,Language,"Financial management,Chat",,,,,,,,,,,,,,,Unknown,
all,Universal-1,2024-04-03,AssemblyAI,AssemblyAI,Industry,,Speech,Speech recognition (ASR),,600000000.0,,,,,,,,Google TPU v5e,Google TPU v5,API access,No,Unreleased,Confident,
all,Command R+,2024-04-04,Cohere,"Cohere,Cohere for AI",Industry,Canada,Language,"Language modeling/generation,Language generation,Translation,Code autocompletion",,104000000000.0,,,,,,,,,,Open weights (non-commercial),Yes,Unreleased,Confident,
all,Sailor-7B-Chat,2024-04-04,Sea AI Lab,"Sea AI Lab,Singapore University of Technology & Design",Academia,Singapore,Language,Chat,1.7726e+23,7720000000.0,,,,,50620.5735326667,64.0,,NVIDIA A100 SXM4 40 GB,NVIDIA A100 / A800,Open weights (unrestricted),Yes,Unreleased,Confident,
all,Viking,2024-04-04,Silo AI,"Silo AI,University of Turku",Industry-academia collaboration,Finland,Language,"Language modeling/generation,Language generation,Translation",2.574e+23,33000000000.0,2000000000000.0,,,,1012411.470653334,1024.0,,AMD Radeon Instinct MI250X,AMD Instinct / Radeon,Open weights (unrestricted),Yes,Open source,Confident,Operation counting
all,eFold,2024-04-04,Harvard Medical School,"Harvard Medical School,Stanford University,Columbia University,University of Strasbourg",Academia,Multinational,Biology,Protein or nucleotide language model (pLM/nLM),,,,,,,,,,,,,,,Confident,
all,ESM-AA,2024-04-05,Peking University,"Peking University,Nanjing University,Tsinghua University,PharMolix",Industry-academia collaboration,China,Biology,"Protein folding prediction,Protein or nucleotide language model (pLM/nLM),Proteins",7.28e+20,35000000.0,1143750000.0,,72.0,3.0,12654.861564218108,16.0,19.0,NVIDIA A100,NVIDIA A100 / A800,,,,Confident,Hardware
all,Solar Stone Mining Large Model,2024-04-07,,,,,,,,,,,,,,,,,,,,,Unknown,
all,OpenThaiGPT v1.0.0 (13B),2024-04-08,Mahidol University,"Mahidol University,AI Entrepreneurs Association of Thailand",Academia,Thailand,Language,"Chat,Language modeling/generation,Question answering,Retrieval-augmented generation",5.11e+21,13100000000.0,,,,,,,,,,Open weights (restricted use),Yes,Unreleased,Confident,Operation counting
all,OpenThaiGPT v1.0.0 (7B),2024-04-08,Mahidol University,"Mahidol University,AI Entrepreneurs Association of Thailand",Academia,Thailand,Language,"Chat,Language modeling/generation,Question answering,Retrieval-augmented generation",2.66e+21,6810000000.0,,,,,,,,,,Open weights (restricted use),Yes,Unreleased,Confident,Operation counting
all,SambaLingo-Thai-Chat (7B),2024-04-08,SambaNova Systems,"SambaNova Systems, Inc",Industry,United States of America,Language,Chat,8.569999999999999e+22,6950000000.0,,,,,,,,,,Open weights (unrestricted),Yes,,Confident,
all,SambaLingo-Thai-Chat-70B,2024-04-08,SambaNova Systems,"SambaNova Systems, Inc",Industry,United States of America,Language,Chat,8.1168e+23,70000000000.0,,,,,,,,,,Open weights (restricted use),Yes,Unreleased,Confident,
all,Stable LM 2 12B,2024-04-08,Stability AI,Stability AI,Industry,United Kingdom of Great Britain and Northern Ireland,Language,"Language modeling/generation,Translation",2.91e+23,12143605760.0,2000000000000.0,,,,,,,NVIDIA H100 SXM5 80GB,NVIDIA H100 / H800 / H200,Open weights (restricted use),Yes,Open source,Confident,Operation counting
all,YaART,2024-04-08,Yandex,Yandex,Industry,Russia,Image generation,"Text-to-image,Image generation",8.21376e+19,2300000000.0,,,,,126540.16145027014,160.0,,NVIDIA A100 SXM4 80 GB,NVIDIA A100 / A800,API access,No,Unreleased,Speculative,Operation counting
all,DiffBindFR,2024-04-09,Peking University,"Peking University,Tsinghua-Peiking Center for Life Sciences",Industry-academia collaboration,China,Biology,"Protein-ligand binding affinity prediction,Protein-ligand contact prediction",4.000000000000001e+20,,,,,,,,16.0,,,Open weights (unrestricted),Yes,Unreleased,Confident,Hardware
all,GPT-4 Turbo (Apr 2024),2024-04-09,OpenAI,OpenAI,Industry,United States of America,Multimodal,"Chat,Language modeling/generation,Image generation,Speech synthesis,Table tasks,Visual question answering,Image captioning",,,,,,,,,,,,API access,No,Unreleased,Unknown,Benchmarks
all,WeituAI 1.0,2024-04-09,Weitu AI,Weitu AI,Industry,Hong Kong,Multimodal,"Language modeling/generation,Question answering,Visual question answering",,15000000000.0,,,,,,,,,,,,,Confident,
all,AF2RAVE,2024-04-10,University of Maryland,University of Maryland,Academia,United States of America,Biology,Drug discovery,,,,,,,,,18.0,,,,,,Unknown,
all,Zephyr 141B-A39B,2024-04-10,Hugging Face,"Hugging Face,Korea Advanced Institute of Science and Technology (KAIST),Argilla",Industry-academia collaboration,Multinational,Language,"Language modeling/generation,Question answering",,141000000000.0,,,1.3,0.05416666666666667,44287.08397263639,32.0,,NVIDIA H100 SXM5 80GB,NVIDIA H100 / H800 / H200,Open weights (unrestricted),Yes,Open source,Confident,Hardware
all,HGRN2 1B,2024-04-11,Shanghai AI Lab,"Shanghai AI Lab,Massachusetts Institute of Technology (MIT),Taptap",Industry-academia collaboration,Multinational,Language,"Language modeling/generation,Question answering",6.000000001e+21,1000000000.0,100000000000.0,,,,,,,,,,,,Confident,Operation counting
all,HGRN2 3B,2024-04-11,Shanghai AI Lab,"Shanghai AI Lab,Massachusetts Institute of Technology (MIT),Taptap",Industry-academia collaboration,Multinational,Language,"Language modeling/generation,Question answering",1.74e+21,2900000000.0,100000000000.0,,,,,,,,,,,,Confident,Operation counting
all,Zephyr 141B-A39B,2024-04-11,Hugging Face,Hugging Face,Industry,United States of America,,,,141000000000.0,,,,,,,,,,,,,Confident,
all,tsuzumi 7B upgrade 2024,2024-04-11,NTT Communication Science Laboratories,NTT Communication Science Laboratories,Industry,Japan,Multimodal,"Chat,Language modeling/generation,Document classification",4.2e+22,7000000000.0,1000000000000.0,,,,,,,,,,,,Likely,Operation counting
all,Bencao Zhiku,2024-04-12,Chengdu University of Traditional Chinese Medicine,Chengdu University of Traditional Chinese Medicine,Academia,China,Language,"Language modeling/generation,Question answering",,1000000000.0,,,,,,,,,,Unreleased,No,Unreleased,Speculative,
all,NOMI GPT,2024-04-12,NIO,NIO,Industry,China,Multimodal,"Object recognition,Audio question answering,System control,Instruction interpretation,Speech recognition (ASR),Language modeling/generation,Question answering,Audio classification,Text classification",,,,,,,,,,,,,,,Unknown,
all,DDIM,2024-04-13,University Paris-Saclay,"University Paris-Saclay,Radboud University Medical Center",Academia,Multinational,Biology,Gene expression profile generation,9.000000000000006e+17,,9541304.0,,,,,,4.0,,,,,,Confident,Hardware
all,DDPM,2024-04-13,University Paris-Saclay,"University Paris-Saclay,Radboud University Medical Center",Academia,Multinational,Biology,Gene expression profile generation,9.000000000000006e+17,,9541304.0,,,,325.87415621262454,1.0,4.0,NVIDIA A40 PCIe,NVIDIA A40 PCIe,,,,Confident,Hardware
all,Reka Core,2024-04-15,Reka AI,Reka AI,Industry,United States of America,Multimodal,"Chat,Language modeling/generation,Image captioning,Code generation,Code autocompletion,Question answering,Visual question answering,Video description,Speech recognition (ASR),Speech-to-text,Quantitative reasoning",8.400010000000001e+24,67000000000.0,,,,,,,,"NVIDIA A100,NVIDIA H100 SXM5 80GB",NVIDIA H100 / H800 / H200,API access,No,Unreleased,Speculative,Hardware
all,Reka Flash,2024-04-15,Reka AI,Reka AI,Industry,United States of America,Multimodal,"Chat,Language modeling/generation,Image captioning,Code generation,Code autocompletion,Question answering,Visual question answering,Video description,Speech recognition (ASR),Speech-to-text",6.3e+23,21000000000.0,,,,,,,,"NVIDIA A100,NVIDIA H100 SXM5 80GB",NVIDIA H100 / H800 / H200,API access,No,Unreleased,Likely,"Hardware,Operation counting"
all,WizardLM-2 70B,2024-04-15,Microsoft,Microsoft,Industry,United States of America,Language,"Language modeling/generation,Question answering",,70000000000.0,,,,,,,,,,Unreleased,No,Unreleased,Confident,
all,WizardLM-2 7B,2024-04-15,Microsoft,Microsoft,Industry,United States of America,Language,"Language modeling/generation,Question answering",,7000000000.0,,,,,,,,,,Open weights (unrestricted),Yes,Unreleased,Confident,
all,WizardLM-2 8x22B,2024-04-15,Microsoft,Microsoft,Industry,United States of America,Language,"Language modeling/generation,Question answering",,141000000000.0,,,,,,,,,,Open weights (unrestricted),Yes,Unreleased,Confident,
all,GRITLM 7B,2024-04-17,Contextual AI,"Contextual AI,The University of Hong Kong,Microsoft",Industry-academia collaboration,Multinational,Language,"Language modeling/generation,Question answering,Quantitative reasoning",,7240000000.0,,,48.0,2.0,6325.740113156251,8.0,,NVIDIA A100 SXM4 80 GB,NVIDIA A100 / A800,Open weights (unrestricted),Yes,Open source,Confident,Hardware
all,GRITLM 8x7B,2024-04-17,Contextual AI,"Contextual AI,The University of Hong Kong,Microsoft",Industry-academia collaboration,Multinational,Language,"Language modeling/generation,Question answering,Quantitative reasoning",,46700000000.0,,,80.0,3.3333333333333335,11070.04519802344,8.0,,NVIDIA H100 SXM5 80GB,NVIDIA H100 / H800 / H200,Open weights (unrestricted),Yes,Open source,Confident,Hardware
all,LINGO-2,2024-04-17,Wayve,Wayve,Industry,United Kingdom of Great Britain and Northern Ireland,Driving,"Self-driving car,Language modeling/generation,Instruction interpretation",,,,,,,,,,,,Unreleased,No,Unreleased,Unknown,
all,METL-Global,2024-04-17,University of Wisconsin Madison,"University of Wisconsin Madison,Morgridge Institute for Research",Academia,United States of America,Biology,"Protein or nucleotide language model (pLM/nLM),Protein design",,50000000.0,,,,,,4.0,25.0,,,,,,Likely,
all,Mixtral 8x22B,2024-04-17,Mistral AI,Mistral AI,Industry,France,Language,"Language modeling/generation,Code generation,Translation,Quantitative reasoning,Question answering",2.34e+24,141000000000.0,,,,,,,,,,Open weights (unrestricted),Yes,Unreleased,Speculative,Operation counting
all,OLMo 1.7-7B,2024-04-17,Allen Institute for AI,Allen Institute for AI,Research collective,United States of America,Language,"Language modeling/generation,Chat,Question answering",,7000000000.0,2000000000000.0,,,,,,,,,Open weights (unrestricted),Yes,Open source,,
all,OLMo 1.7-7B,2024-04-17,Allen Institute for AI,Allen Institute for AI,Research collective,United States of America,,,,7000000000.0,,,,,,,,,,,,,Confident,
all,SIMA,2024-04-17,Google DeepMind,Google DeepMind,Industry,United States of America,Games,"Action recognition,Video description,Video",,,,,,,,,,,,Unreleased,No,Unreleased,Unknown,
all,Tiangong 3.0 (MoE),2024-04-17,Kunlun Inc.,Kunlun Inc.,Industry,China,Language,"Question answering,Chat",,400000000000.0,,,,,,,,,,,,,Confident,
all,Tiangong SkyMusic,2024-04-17,Kunlun Inc.,Kunlun Inc.,Industry,China,Audio,Audio generation,,,,,,,,,,,,API access,No,Unreleased,Unknown,
all,abab6.5,2024-04-17,MiniMax,MiniMax,Industry,China,Language,Language modeling/generation,,1000000000000.0,,,,,,,,,,API access,No,Unreleased,Confident,
all,EVI,2024-04-18,Hume,Hume,Industry,United States of America,Speech,"Text-to-speech (TTS),Speech synthesis,Speech-to-text,Speech recognition (ASR),Audio question answering",,,,,,,,,,,,API access,No,Unreleased,Unknown,
all,FRED-T5-XL,2024-04-18,Sber,Sber,Industry-academia collaboration,Russia,Language,"Chat,Language modeling/generation",2.5264222803e+22,1740000000.0,80000000000.0,,1920.0,80.0,,160.0,,"NVIDIA A100,NVIDIA Tesla V100 SXM2",NVIDIA A100 / A800,Open weights (unrestricted),Yes,Unreleased,Confident,"Operation counting,Hardware"
all,LLaMA-3-Instruct-8B,2024-04-18,Meta AI,Meta AI,Industry,United States of America,Language,"Language modeling/generation,Question answering,Code generation",,8000000000.0,,,,,,,,,,Open weights (restricted use),Yes,Unreleased,Confident,
all,Llama 3-70B,2024-04-18,Meta AI,Meta AI,Industry,United States of America,Language,"Chat,Language modeling/generation,Code generation",7.861e+24,70000000000.0,15000000000000.0,,,,,,,NVIDIA H100 SXM5 80GB,NVIDIA H100 / H800 / H200,Open weights (restricted use),Yes,Unreleased,Confident,"Operation counting,Hardware"
all,Llama 3-8B,2024-04-18,Meta AI,Meta AI,Industry,United States of America,Language,"Chat,Language modeling/generation,Code generation,Question answering",7.2e+23,8000000000.0,15000000000000.0,,,,,,,NVIDIA H100 SXM5 80GB,NVIDIA H100 / H800 / H200,Open weights (restricted use),Yes,Unreleased,Confident,Operation counting
all,Parakeet ASR rnnt 1.1B,2024-04-18,NVIDIA,NVIDIA,Industry,United States of America,Speech,"Speech recognition (ASR),Speech-to-text",,1100000000.0,,,,,,,,,,Open weights (unrestricted),Yes,Unreleased,Confident,
all,Reka Edge,2024-04-18,Reka AI,Reka AI,Industry,United States of America,Multimodal,"Chat,Language modeling/generation,Image captioning,Code generation,Code autocompletion,Question answering,Visual question answering,Video description,Speech recognition (ASR),Speech-to-text",1.89e+23,7000000000.0,,,,,,,,"NVIDIA A100,NVIDIA H100 SXM5 80GB",NVIDIA H100 / H800 / H200,API access,No,Unreleased,Likely,
all,SaProt,2024-04-19,Zhejiang University (ZJU),"Zhejiang University (ZJU),Westlake University",Academia,China,Biology,Protein or nucleotide language model (pLM/nLM),6.21084672e+22,650000000.0,,,2160.0,90.0,50603.66703135999,64.0,229.0,NVIDIA A100,NVIDIA A100 / A800,,,,Confident,Hardware
all,InstructPLM,2024-04-20,Zhejiang Lab,"Zhejiang Lab,Zhejiang University (ZJU),Nanjing University,Tsinghua University,Alibaba,Chinese University of Hong Kong (CUHK)",Industry-academia collaboration,Multinational,Biology,"Protein generation,Protein folding prediction",,89100000.0,5407200.0,,,,3162.658758253668,4.0,13.0,NVIDIA A100,NVIDIA A100 / A800,,,,Confident,
all,VISTA-2D,2024-04-22,NVIDIA,NVIDIA,Industry,United States of America,Biology,Cell segmentation,,100000000.0,,,,,,,,,,Hosted access (no API),No,Unreleased,Confident,
all,Firefly Image 3,2024-04-23,Adobe,Adobe,Industry,United States of America,Image generation,"Image generation,Text-to-image",,,,,,,,,,,,Hosted access (no API),No,Unreleased,Unknown,
all,Phi-3.5-MoE,2024-04-23,Microsoft,Microsoft,Industry,United States of America,Language,"Language modeling/generation,Translation,Question answering,Code generation,Quantitative reasoning",3.0202896e+23,60800000000.0,,,552.0,23.0,708388.2341861207,512.0,,NVIDIA H100 SXM5 80GB,NVIDIA H100 / H800 / H200,Open weights (unrestricted),Yes,Unreleased,Confident,"Hardware,Operation counting"
all,Phoenix (凤凰大模型),2024-04-23,Zhixin Shuchuang (Chongqing) Technology Co.,"Zhixin Shuchuang (Chongqing) Technology Co., Ltd.",Industry,China,,,,,,,,,,,,,,,,,Unknown,
all,SI-PLM,2024-04-23,University of Pittsburgh,University of Pittsburgh,Academia,United States of America,Biology,Protein or nucleotide language model (pLM/nLM),,,,,,,,,,,,,,,Unknown,
all,SenseChat 5.0,2024-04-23,SenseTime,SenseTime,Industry,Hong Kong,Language,"Chat,Language modeling/generation",,600000000000.0,1835000000000.0,,,,,,,,,Hosted access (no API),No,Unreleased,Likely,
all,phi-3-medium 14B,2024-04-23,Microsoft,Microsoft,Industry,United States of America,Language,"Chat,Language modeling/generation",4.032e+23,14000000000.0,4800000000000.0,,,,,,,,,Open weights (unrestricted),Yes,Unreleased,Likely,Operation counting
all,phi-3-mini 3.8B,2024-04-23,Microsoft,Microsoft,Industry,United States of America,Language,"Chat,Language modeling/generation",7.524e+22,3800000000.0,3300000000000.0,,168.0,7.0,708388.2341861207,512.0,,NVIDIA H100 SXM5 80GB,NVIDIA H100 / H800 / H200,Open weights (unrestricted),Yes,Unreleased,Confident,"Hardware,Operation counting"
all,phi-3-small 7.4B,2024-04-23,Microsoft,Microsoft,Industry,United States of America,Language,"Chat,Language modeling/generation",2.1312e+23,7400000000.0,4800000000000.0,,,,,,,,,Open weights (unrestricted),Yes,Unreleased,Confident,Operation counting
all,phi-3.5-Vision,2024-04-23,Microsoft,Microsoft,Industry,United States of America,Vision,Visual question answering,8.784e+22,4200000000.0,,,144.0,6.0,354194.11709306034,256.0,,NVIDIA H100 SXM5 80GB,NVIDIA H100 / H800 / H200,Open weights (unrestricted),Yes,Unreleased,Confident,"Hardware,Operation counting"
all,phi-3.5-mini,2024-04-23,Microsoft,Microsoft,Industry,United States of America,Language,"Language modeling/generation,Question answering,Translation",3.7101154e+22,3800000000.0,,,240.0,10.0,708388.2341861207,512.0,,NVIDIA H100 SXM5 80GB,NVIDIA H100 / H800 / H200,Open weights (unrestricted),Yes,Unreleased,Confident,"Hardware,Operation counting"
all,Arctic,2024-04-24,Snowflake,Snowflake,Industry,United States of America,Language,"Language modeling/generation,Question answering,Code generation,Quantitative reasoning",3.8347175e+23,480000000000.0,,2000000.0,,,,,,,,Open weights (unrestricted),Yes,Open source,Confident,"Other,Operation counting"
all,Beyond ESM2: Graph-Enhanced Protein Sequence Modeling with Efficient,2024-04-24,Huazhong University of Science and Technology,"Huazhong University of Science and Technology,Fudan University,Northwestern Polytechnical University",Academia,China,Biology,Protein or nucleotide language model (pLM/nLM),,35800000.0,30841287.0,,,,,,,,,,,,Confident,
all,NEC cotomi,2024-04-24,NEC Corporation,NEC Corporation,Industry,Japan,Language,"Chat,Question answering,Text summarization",,,,,,,,,,,,,,,Unknown,
all,Yuanjing LLM (联通元景大模型),2024-04-24,China Unicom,China Unicom,Industry,China,Language,"Question answering,Language modeling/generation,Data analytics,Face recognition",,,,,,,,,,Huawei Ascend,Huawei Ascend,,,,Unknown,
all,Qwen1.5-110B,2024-04-25,Alibaba,Alibaba,Industry,China,Language,"Chat,Language modeling/generation,Quantitative reasoning,Code generation,Translation",,110000000000.0,,,,,,,,,,Open weights (unrestricted),Yes,Unreleased,Confident,
all,Insights into Human Harmony (洞见人和),2024-04-27,Zhejiang Lianxin Digital Co.,"Zhejiang Lianxin Digital Co., Ltd.",Industry,China,Multimodal,"Miscellaneous image analysis,Emotion recognition",,,,,,,,,,,,,,,Unknown,
all,Swallow,2024-04-27,Tokyo Institute of Technology,Tokyo Institute of Technology,Academia,Japan,Language,"Language modeling/generation,Chat,Translation",,70000000.0,100000000000.0,,,,,,,NVIDIA A100,NVIDIA A100 / A800,Open weights (restricted use),Yes,,Confident,"Reported,Operation counting"
all,Vidu,2024-04-27,Tsinghua University,"Tsinghua University,ShengShu",Industry-academia collaboration,China,Video,"Video generation,Text-to-video",,,,,,,,,,,,API access,No,Unreleased,Unknown,
all,InternVL1.5,2024-04-29,Shanghai AI Lab,"Shanghai AI Lab,SenseTime,Tsinghua University,Nanjing University,Fudan University,Chinese University of Hong Kong (CUHK)",Industry-academia collaboration,Multinational,Multimodal,"Visual question answering,Image captioning,Object detection,Character recognition (OCR),Language modeling/generation,Translation",,25500000000.0,,,,,,,,,,Open weights (unrestricted),Yes,Unreleased,Confident,
all,Llama 3-TAIDE-LX-8B-Chat-Alpha1,2024-04-29,National Science and Technology Council,National Science and Technology Council,Government,Taiwan,Language,Chat,,8000000000.0,43000000000.0,,,,,,,,,,,,Confident,
all,SeedLLM,2024-04-29,,,,,Speech,Speech recognition (ASR),,7000000000.0,,,,,,,,,,,,,Confident,
all,TAIDE LX-13B,2024-04-29,National Science and Technology Council,National Science and Technology Council,Government,Taiwan,Language,Chat,,13000000000.0,,,,,,,,,,,,,Confident,
all,TAIDE-LX-7B,2024-04-29,National Science and Technology Council,National Science and Technology Council,Government,Taiwan,Language,Chat,,7000000000.0,,,,,,,,NVIDIA H100 SXM5 80GB,NVIDIA H100 / H800 / H200,,,,Confident,
all,Amazon Q Developer,2024-04-30,Amazon,Amazon,Industry,United States of America,Language,"Code generation,Code autocompletion",,,,,,,,,,,,API access,No,Unreleased,Unknown,
all,DiffPepBuilder,2024-04-30,Peking University,Peking University,Academia,China,Biology,Protein generation,7.667785728001e+21,104000000.0,1489700.0,,120.0,5.0,3952.4431655610742,8.0,27.0,NVIDIA A800 PCIe 40 GB,NVIDIA A100 / A800,,,,Confident,Hardware
all,Multi-Token Prediction 13B,2024-04-30,Facebook AI Research,Facebook AI Research,Industry,Multinational,Language,Code generation,1.5364368e+23,13000000000.0,,,,,,,,"NVIDIA A100 SXM4 80 GB,NVIDIA H100 SXM5 80GB",NVIDIA H100 / H800 / H200,Unreleased,No,Unreleased,Likely,Hardware
all,Multi-Token Prediction 7B,2024-04-30,Facebook AI Research,Facebook AI Research,Industry,Multinational,Language,Code generation,3.841092e+23,6700000000.0,,,,,,,,"NVIDIA A100 SXM4 80 GB,NVIDIA H100 SXM5 80GB",NVIDIA H100 / H800 / H200,Open weights (non-commercial),Yes,Unreleased,Likely,Hardware
all,GenCast,2024-05-01,Google DeepMind,Google DeepMind,Industry,United States of America,Earth science,Weather forecasting,8.169984e+20,,,,,,14228.47853322057,32.0,,Google TPU v5e,Google TPU v5,Open weights (non-commercial),Yes,Open source,Confident,Hardware
all,Med-Gemini-M 1.5,2024-05-01,Google DeepMind,"Google DeepMind,Google Research",Industry,United States of America,Multimodal,"Medical diagnosis,Question answering,Visual question answering,Mortality prediction,Video description,Text summarization",,,,,,,,,,Google TPU v4,Google TPU v4,Unreleased,No,Unreleased,Unknown,
all,OpenELM-1.1B,2024-05-02,Apple,Apple,Industry,United States of America,Language,"Language modeling/generation,Code generation,Question answering",1.0520327e+22,1080000000.0,,,240.0,10.0,101178.0385953958,128.0,,NVIDIA A100 SXM4 80 GB,NVIDIA A100 / A800,Open weights (non-commercial),Yes,,Confident,"Operation counting,Hardware"
all,OpenELM-270M,2024-05-02,Apple,Apple,Industry,United States of America,Language,"Language modeling/generation,Code generation,Question answering",2.7470309e+21,270000000.0,,,72.0,3.0,101178.0385953958,128.0,,NVIDIA A100 SXM4 80 GB,NVIDIA A100 / A800,Open weights (non-commercial),Yes,,Confident,"Operation counting,Hardware"
all,OpenELM-3B,2024-05-02,Apple,Apple,Industry,United States of America,Language,"Language modeling/generation,Code generation,Question answering",3.417119e+22,3040000000.0,,,288.0,12.0,177061.56754194264,128.0,,NVIDIA H100 SXM5 80GB,NVIDIA H100 / H800 / H200,Open weights (non-commercial),Yes,,Confident,"Operation counting,Hardware"
all,OpenELM-450M,2024-05-02,Apple,Apple,Industry,United States of America,Language,"Language modeling/generation,Code generation,Question answering",6.3156568e+21,450000000.0,,,72.0,3.0,177061.56754194264,128.0,,NVIDIA H100 SXM5 80GB,NVIDIA H100 / H800 / H200,Open weights (non-commercial),Yes,,Confident,"Operation counting,Hardware"
all,Idefics2,2024-05-03,Hugging Face,"Hugging Face,Sorbonne University",Industry-academia collaboration,Multinational,Multimodal,"Language modeling,Image captioning,Visual question answering",,8000000000.0,160500000000.0,,,,,,,,,Open weights (unrestricted),Yes,,Confident,Operation counting
all,MetaMath 70B,2024-05-03,University of Cambridge,"University of Cambridge,Southern University of Science and Technology (SUSTech),Hong Kong University of Science and Technology (HKUST),Huawei Noah's Ark Lab,Alan Turing Institute,Max Planck Institute for Intelligent Systems",Industry-academia collaboration,Multinational,Language,Quantitative reasoning,,70000000000.0,,,,,,,,,,Open weights (restricted use),Yes,,Likely,Operation counting
all,MetaMath 7B (LLaMa finetune),2024-05-03,University of Cambridge,"University of Cambridge,Southern University of Science and Technology (SUSTech),Hong Kong University of Science and Technology (HKUST),Huawei Noah's Ark Lab,Alan Turing Institute,Max Planck Institute for Intelligent Systems",Industry-academia collaboration,Multinational,Language,Quantitative reasoning,,7000000000.0,,,,,6323.486590573598,8.0,,NVIDIA A100,NVIDIA A100 / A800,Open weights (restricted use),Yes,,Confident,Operation counting
all,MetaMath 7B (Mistral finetune),2024-05-03,University of Cambridge,"University of Cambridge,Southern University of Science and Technology (SUSTech),Hong Kong University of Science and Technology (HKUST),Huawei Noah's Ark Lab,Alan Turing Institute,Max Planck Institute for Intelligent Systems",Industry-academia collaboration,Multinational,Language,Quantitative reasoning,,7000000000.0,,,,,6323.486590573598,8.0,,NVIDIA A100,NVIDIA A100 / A800,Open weights (unrestricted),Yes,,Confident,Operation counting
all,Soccer Robot,2024-05-03,Google DeepMind,"Google DeepMind,University College London (UCL)",Industry-academia collaboration,Multinational,Robotics,"Animal (human/non-human) imitation,Sports",,,,,,,,64.0,,"NVIDIA V100,Google TPU v2",NVIDIA V100,Unreleased,No,Unreleased,Unknown,
all,VILA1.5-13B,2024-05-03,NVIDIA,"NVIDIA,Massachusetts Institute of Technology (MIT)",Industry-academia collaboration,United States of America,Multimodal,"Chat,Visual question answering,Image captioning,Language modeling/generation,Question answering",2.3003136e+21,13493916736.0,32430000000.0,,,,101175.78544917757,128.0,827.0,NVIDIA A100,NVIDIA A100 / A800,Open weights (non-commercial),Yes,Open source,Confident,
all,Med-Gemini-2D,2024-05-06,Google DeepMind,"Google DeepMind,Google Research",Industry,United States of America,Medicine,"Visual question answering,Medical diagnosis",,,,,,,,,,Google TPU v4,Google TPU v4,Unreleased,No,Unreleased,Unknown,
all,Med-Gemini-3D,2024-05-06,Google DeepMind,"Google DeepMind,Google Research",Industry,United States of America,Medicine,"Visual question answering,Medical diagnosis",,,,,,,,,,Google TPU v4,Google TPU v4,Unreleased,No,Unreleased,Unknown,
all,Microsoft MAI-1 (2024 unreleased),2024-05-06,Microsoft,Microsoft,Industry,United States of America,Language,"Language modeling,Language modeling/generation",1.602828e+22,500000000000.0,,,,,,,,NVIDIA H100 SXM5 80GB,NVIDIA H100 / H800 / H200,Hosted access (no API),No,Unreleased,Confident,
all,Amazon Titan Text Premier,2024-05-07,Amazon,Amazon,Industry,United States of America,Language,"Language modeling/generation,Text summarization,Chat,Code generation,Retrieval-augmented generation,Question answering",,,,,,,,,,,,API access,No,Unreleased,Unknown,
all,DeepSeek-V2 (MoE-236B),2024-05-07,DeepSeek,DeepSeek,Industry,China,Language,"Language modeling/generation,Chat,Code generation",1.02e+24,236000000000.0,8100000000000.0,,,,,,,NVIDIA H800 SXM5,NVIDIA H100 / H800 / H200,Open weights (restricted use),Yes,Unreleased,Confident,Operation counting
all,xLSTM 1.4B,2024-05-07,Johannes Kepler University Linz,Johannes Kepler University Linz,Academia,Austria,Language,,2.56e+18,1422600000.0,,,,,809334.1869283952,1024.0,,NVIDIA A100,NVIDIA A100 / A800,,,,Confident,
all,AlphaFold 3,2024-05-08,Google DeepMind,"Google DeepMind,Isomorphic Labs",Industry,Multinational,Biology,"Protein folding prediction,Antibody property prediction,Protein-ligand contact prediction,RNA structure prediction,Protein interaction prediction",4.1405645e+22,,29491200000.0,,480.0,20.0,202329.0409413959,256.0,,NVIDIA A100,NVIDIA A100 / A800,Open weights (non-commercial),Yes,Unreleased,Confident,Hardware
all,BiosimDock,2024-05-08,DeepOrigin,DeepOrigin,Industry,United States of America,Medicine,"Drug discovery,Protein-ligand binding affinity prediction",,,,,,,,,,,,Hosted access (no API),No,Unreleased,Unknown,
all,Emu2,2024-05-08,Beijing Academy of Artificial Intelligence / BAAI,"Beijing Academy of Artificial Intelligence / BAAI,Tsinghua University,Peking University",Academia,China,Multimodal,"Language modeling/generation,Question answering,Visual question answering,Image generation,Text-to-image",,37000000000.0,,,,,,,,,,Open weights (non-commercial),Yes,Unreleased,Confident,
all,Falcon 2 11B,2024-05-09,Technology Innovation Institute,Technology Innovation Institute,Government,United Arab Emirates,Language,"Language modeling/generation,Question answering",3.6e+23,11000000000.0,5500000000000.0,,1400.0,58.333333333333336,,,,NVIDIA A100 SXM4 40 GB,NVIDIA A100 / A800,Open weights (restricted use),Yes,Unreleased,Confident,Operation counting
all,XPT “Xiao Model” (晓模型XPT),2024-05-09,Chengdu Xiaoduo Technology Co.,"Chengdu Xiaoduo Technology Co., Ltd.",Industry,China,,"Chat,Search,Recommender system",,,,,,,,,,,,,,,Unknown,
all,Fugaku-LLM,2024-05-10,Tohoku University,"Tohoku University,CyberAgent,Tokyo Institute of Technology,Fujitsu,RIKEN,Nagoya University,Kotoba Technologies",Industry-academia collaboration,Japan,Language,"Language modeling,Translation,Japanese language modeling,Language modeling/generation,Question answering",2.9640000000001e+22,13000000000.0,380000000000.0,,,,,,,,,Open weights (unrestricted),Yes,Unreleased,Confident,Operation counting
all,Gemini 1.5 Flash,2024-05-10,Google DeepMind,Google DeepMind,Industry,United States of America,Multimodal,"Chat,Image captioning,Visual question answering,Translation,Language modeling/generation,Question answering,Speech recognition (ASR)",,,,,,,,,,Google TPU v4,Google TPU v4,API access,No,Unreleased,Unknown,
all,Gemini 1.5 Flash 8B,2024-05-10,Google DeepMind,Google DeepMind,Industry,United States of America,Multimodal,"Chat,Image captioning,Visual question answering,Translation,Language modeling/generation,Question answering,Speech recognition (ASR)",,8000000000.0,,,,,,,,Google TPU v4,Google TPU v4,API access,No,Unreleased,Confident,
all,MatterSim (Grpaphomer),2024-05-10,Microsoft Research AI for Science,Microsoft Research AI for Science,Industry,United States of America,Materials science,"Atomistic simulations,Molecular simulation",1.118208e+20,182000000.0,,,,,50580.00741525198,64.0,,NVIDIA A100,NVIDIA A100 / A800,,,,Speculative,Operation counting
all,MatterSim (M3GNet - MatterSim-v1.0.0-5M),2024-05-10,Microsoft Research AI for Science,Microsoft Research AI for Science,Industry,United States of America,Materials science,"Atomistic simulations,Molecular simulation",1.62e+16,4500000.0,,,,,6322.500926906498,8.0,,NVIDIA A100,NVIDIA A100 / A800,Open weights (unrestricted),Yes,,Speculative,Operation counting
all,MoLeR,2024-05-12,Microsoft Research,"Microsoft Research,Novartis",Industry,Multinational,Biology,Drug discovery,2.1062592e+18,,,,,,,,,NVIDIA Tesla K80,NVIDIA datacenter (pre-Volta),Open weights (unrestricted),Yes,Open source,Speculative,Hardware
all,llama-3-airoboros-70b-3.3,2024-05-12,,,,,Language,"Language modeling/generation,Question answering",,70000000000.0,,,,,1185.416125675559,2.0,,NVIDIA RTX A6000,NVIDIA consumer / workstation GPU,Open weights (restricted use),Yes,Open source,Confident,
all,Digivio (迪智伟奥DIGIVIO),2024-05-13,Shanghai Digivio Information Technology Co.,"Shanghai Digivio Information Technology Co., Ltd.",Industry,China,Language,"Chat,Language modeling/generation",,,,,,,,,,,,,,,Unknown,
all,GPT-4o,2024-05-13,OpenAI,OpenAI,Industry,United States of America,Multimodal,"Chat,Image generation,Audio generation,Vision-language generation,Table tasks,Language modeling/generation,Question answering,Speech recognition (ASR),Speech-to-text",,,,,,,,,,,,API access,No,Unreleased,Speculative,Benchmarks
all,Lantu (蓝图大模型),2024-05-13,Beijing Bitauto Interactive Advertising Company Limited,Beijing Bitauto Interactive Advertising Company Limited,Industry,China,,,,,,,,,,,,,,,,,Unknown,
all,Xiaoyu Q&A,2024-05-13,Xiaoyu Intelligence Information Technology (Yunnan) Co.,"Xiaoyu Intelligence Information Technology (Yunnan) Co., Ltd",Industry,China,Language,"Transcription,Translation,Character recognition (OCR),Speech-to-text",,,,,,,,,,,,,,,Unknown,
all,Xinyuan (心元大模型),2024-05-13,Beijing Lituo Feiyuan Technology Co.,"Beijing Lituo Feiyuan Technology Co., Ltd.,Cylingo Group",Industry,China,Psychology,"Emotion recognition,Language modeling/generation,Question answering,Chat",,14000000000.0,,,,,,,,,,Open weights (unrestricted),Yes,Unreleased,Confident,
all,Yi-1.5-34B,2024-05-13,01.AI,01.AI,Industry,China,Language,"Chat,Language modeling/generation,Translation,Code generation",7.344e+23,34000000000.0,,,,,,,,,,Open weights (restricted use),Yes,Unreleased,Confident,Operation counting
all,Yi-1.5-9B,2024-05-13,01.AI,01.AI,Industry,China,Language,"Language modeling/generation,Question answering,Chat",1.90728e+23,8830000000.0,,,,,,,,,,Open weights (unrestricted),Yes,Unreleased,Confident,Operation counting
all,Yi-Large,2024-05-13,01.AI,01.AI,Industry,China,Language,"Chat,Language modeling/generation",1.8e+24,100000000000.0,3000000000000.0,,,,,,,,,API access,No,Unreleased,Speculative,Operation counting
all,Yuanshi (元石大模型),2024-05-13,Beijing Yuanshi Technology Co.,"Beijing Yuanshi Technology Co., Ltd.",,China,Language,Language modeling/generation,,,,,,,,,,,,,,,Unknown,
all,BRIA 2.3,2024-05-14,BRIA AI,BRIA AI,Industry,United States of America,Image generation,Text-to-image,,,,,,,,,,,,Open weights (non-commercial),Yes,Unreleased,Unknown,
all,Hunyuan-DiT,2024-05-14,Tencent,Tencent,Industry,China,Image generation,"Image generation,Text-to-image",,1500000000.0,,,,,,,,,,Open weights (restricted use),Yes,Open (restricted use),Confident,
all,Imagen 3,2024-05-14,Google DeepMind,Google DeepMind,Industry,United States of America,Image generation,"Image generation,Text-to-image",,,,,,,,,,"Google TPU v4,Google TPU v5e",Google TPU v5,Hosted access (no API),No,Unreleased,Unknown,
all,LearnLM-Tutor,2024-05-14,Google Research,"Google Research,Google DeepMind,Google,Arizona State University,Lund University,University of Oxford",Industry-academia collaboration,Multinational,Language,"Language modeling/generation,Chat,Question answering",,,,,,,,,,,,Hosted access (no API),No,Unreleased,Unknown,
all,Veo,2024-05-14,Google DeepMind,Google DeepMind,Industry,United States of America,Video,"Video generation,Text-to-video,Image-to-video",,,,,,,,,,,,Hosted access (no API),No,Unreleased,Unknown,
all,Doubao Function Call Model,2024-05-15,ByteDance,ByteDance,Industry,China,Language,Language modeling/generation,,,,,,,,,,,,API access,No,Unreleased,Unknown,
all,Doubao Image-to-Image generation model,2024-05-15,ByteDance,ByteDance,Industry,China,Image generation,Image generation,,,,,,,,,,,,API access,No,Unreleased,Unknown,
all,Doubao Real-Time translation model,2024-05-15,ByteDance,ByteDance,Industry,China,Language,"Translation,Speech synthesis,Speech recognition (ASR)",,,,,,,,,,,,API access,No,Unreleased,Unknown,
all,Doubao Role-Playing Model,2024-05-15,ByteDance,ByteDance,Industry,China,Language,"Language modeling/generation,Question answering",,,,,,,,,,,,API access,No,Unreleased,Unknown,
all,Doubao Speech Recognition Model,2024-05-15,ByteDance,ByteDance,Industry,China,Speech,Speech recognition (ASR),,,,,,,,,,,,API access,No,Unreleased,Unknown,
all,Doubao Text-to-Image Model,2024-05-15,ByteDance,ByteDance,Industry,China,Image generation,"Text-to-image,Image generation",,,,,,,,,,,,API access,No,Unreleased,Unknown,
all,Doubao Text-to-Speech Model,2024-05-15,ByteDance,ByteDance,Industry,China,Speech,Text-to-speech (TTS),,,,,,,,,,,,API access,No,Unreleased,Unknown,
all,Doubao Vectorization Model,2024-05-15,ByteDance,ByteDance,Industry,China,Language,Language modeling/generation,,,,,,,,,,,,API access,No,Unreleased,Unknown,
all,Doubao Video Generation model,2024-05-15,ByteDance,ByteDance,Industry,China,Video,Video generation,,,,,,,,,,,,API access,No,Unreleased,Unknown,
all,Doubao Voice Cloning Model,2024-05-15,ByteDance,ByteDance,Industry,China,Speech,"Audio generation,Speech synthesis,Speech recognition (ASR)",,,,,,,,,,,,API access,No,Unreleased,Unknown,
all,Doubao-lite,2024-05-15,ByteDance,ByteDance,Industry,China,Language,"Language modeling/generation,Question answering",,,,,,,,,,,,API access,No,Unreleased,Unknown,
all,LBSTER,2024-05-15,Prescient Design,"Prescient Design,Genentech",Industry,United States of America,Biology,Protein or nucleotide language model (pLM/nLM),1.078272e+19,67000000.0,3375000000.0,,24.0,1.0,434.1893527126348,1.0,4.0,NVIDIA A100 SXM4 80 GB,NVIDIA A100 / A800,,,,Confident,Hardware
all,VILA-7B,2024-05-15,NVIDIA,"NVIDIA,Massachusetts Institute of Technology (MIT)",Industry-academia collaboration,United States of America,Multimodal,"Chat,Visual question answering,Image captioning,Language modeling/generation,Question answering",,7000000000.0,,,,,101148.7516079354,128.0,827.0,NVIDIA A100,NVIDIA A100 / A800,Unreleased,No,Unreleased,Confident,Hardware
all,VILA1.5-40B,2024-05-15,NVIDIA,"NVIDIA,Massachusetts Institute of Technology (MIT)",Industry-academia collaboration,United States of America,Multimodal,"Chat,Visual question answering,Image captioning,Language modeling/generation,Question answering,Video description",,40000000000.0,,,,,,,,,,Open weights (non-commercial),Yes,Open source,Confident,
all,Chameleon-34B,2024-05-16,Facebook AI Research,Facebook AI Research,Industry,Multinational,Multimodal,"Language modeling/generation,Vision-language generation,Visual question answering,Text-to-image",1.6453571041e+24,34000000000.0,,,1394.0,58.083333333333336,2427515.9787339047,3072.0,,NVIDIA A100 SXM4 80 GB,NVIDIA A100 / A800,Open weights (non-commercial),Yes,Unreleased,Confident,"Hardware,Operation counting"
all,FragLlama: Next-fragment prediction for molecular design,2024-05-16,Facebook AI Research,Facebook AI Research,Industry,Multinational,Multimodal,"Language modeling/generation,Vision-language generation,Visual question answering,Text-to-image",3.3399700602e+23,7000000000.0,4400000000000.0,,836.4,34.85,,,,NVIDIA A100 SXM4 80 GB,NVIDIA A100 / A800,Open weights (non-commercial),Yes,Unreleased,Confident,"Hardware,Operation counting"
all,HelixFold,2024-05-17,Baidu,Baidu,Industry,China,Biology,Protein folding prediction,,,,,122.88,5.12,,,12.0,,,Unreleased,No,Open (non-commercial),Unknown,
all,ProSST,2024-05-17,Shanghai Jiao Tong University,"Shanghai Jiao Tong University,Shanghai AI Lab,East China University of Science and Technology",Academia,China,Biology,Protein or nucleotide language model (pLM/nLM),6.46714368e+20,110000000.0,,,720.0,30.0,3950.9471355488704,8.0,57.0,NVIDIA A800 PCIe 40 GB,NVIDIA A100 / A800,,,,Confident,Hardware
all,Diamond,2024-05-20,University of Geneva,"University of Geneva,University of Edinburgh,Microsoft Research",Industry-academia collaboration,Multinational,Games,Atari,8.0490594e+20,,,,9022.8,375.95,,,,NVIDIA GeForce RTX 4090,NVIDIA consumer / workstation GPU,Open weights (unrestricted),Yes,,Likely,Hardware
all,GLM-4 (0520),2024-05-20,Z.ai (Zhipu AI),Z.ai (Zhipu AI),Industry,China,Language,"Language modeling/generation,Question answering,Code generation,Quantitative reasoning,Translation",,,10000000000000.0,,,,,,,,,API access,No,Unreleased,Likely,Operation counting
all,Octo-Base,2024-05-20,University of California (UC) Berkeley,"University of California (UC) Berkeley,Stanford University,Carnegie Mellon University (CMU),DeepMind",Industry-academia collaboration,Multinational,Robotics,Robotic manipulation,5.85e+20,93000000.0,,,14.0,0.5833333333333334,85966.86619350823,128.0,1244.0,Google TPU v4,Google TPU v4,Open weights (unrestricted),Yes,Open source,Confident,Hardware
all,Octo-Small,2024-05-20,University of California (UC) Berkeley,"University of California (UC) Berkeley,Stanford University,Carnegie Mellon University (CMU),DeepMind",Industry-academia collaboration,Multinational,Robotics,Robotic manipulation,,27000000.0,,,,,,,1244.0,Google TPU v4,Google TPU v4,Open weights (unrestricted),Yes,,Confident,
all,ALLaM 34B,2024-05-21,Saudi Data and Artificial Intelligence Authority,Saudi Data and Artificial Intelligence Authority,Industry-academia collaboration,Saudi Arabia,Language,"Language modeling/generation,Translation,Question answering",1.0608e+24,34000000000.0,5200000000000.0,,,,,,69.0,NVIDIA A100,NVIDIA A100 / A800,Unreleased,No,Unreleased,Confident,
all,ALLaM 7B,2024-05-21,Saudi Data and Artificial Intelligence Authority,Saudi Data and Artificial Intelligence Authority,Industry-academia collaboration,Saudi Arabia,Language,"Language modeling/generation,Translation,Question answering",9.04e+22,7000000000.0,5200000000000.0,,,,,,69.0,NVIDIA A100,NVIDIA A100 / A800,Open weights (unrestricted),Yes,Unreleased,Confident,
all,ALLaM adapted13B,2024-05-21,Saudi Data and Artificial Intelligence Authority,Saudi Data and Artificial Intelligence Authority,Industry-academia collaboration,Saudi Arabia,Language,"Language modeling/generation,Translation,Question answering",1.716e+23,13000000000.0,5200000000000.0,,,,,,69.0,NVIDIA A100,NVIDIA A100 / A800,API access,No,Unreleased,Confident,
all,ALLaM adapted 70B,2024-05-21,Saudi Data and Artificial Intelligence Authority,Saudi Data and Artificial Intelligence Authority,Industry-academia collaboration,Saudi Arabia,Language,"Language modeling/generation,Translation,Question answering",1.062e+24,70000000000.0,600000000000.0,,,,,,69.0,NVIDIA A100,NVIDIA A100 / A800,Unreleased,No,Unreleased,Confident,
all,ProtT3,2024-05-21,National University of Singapore,"National University of Singapore,University of Science and Technology of China (USTC),Hokkaido University",Academia,Multinational,Biology,Protein question answering,,1600000000.0,,,,,,6.0,34.0,"NVIDIA A100,NVIDIA V100",NVIDIA A100 / A800,,,,Likely,
all,360Zhinao-7B,2024-05-22,360 Security Technology,360 Security Technology,Industry,China,Language,"Question answering,Language modeling/generation",1.428e+23,7000000000.0,,,,,,,,,,Open weights (unrestricted),Yes,Open source,Confident,
all,Baichuan4,2024-05-22,Baichuan,Baichuan,Industry,China,,,,,,,,,,,,,,,,,Unknown,
all,YOLOv10-X,2024-05-23,Tsinghua University,Tsinghua University,Academia,China,Vision,Object detection,1.478888e+17,29500000.0,,,,,7110.754668295396,8.0,,NVIDIA GeForce RTX 3090 Ti,NVIDIA consumer / workstation GPU,Open weights (unrestricted),Yes,Open source,Likely,Operation counting
all,Genie 2 (bio),2024-05-24,Columbia University,"Columbia University,Rutgers University",Academia,United States of America,Biology,Protein generation,3.234816e+20,15700000.0,150673920.0,,120.0,5.0,6320.530060464735,8.0,,NVIDIA A100,NVIDIA A100 / A800,Open weights (unrestricted),Yes,Open source,Confident,Hardware
all,LLPS,2024-05-24,InstaDeep,InstaDeep,Industry,United Kingdom of Great Britain and Northern Ireland,Biology,Protein or nucleotide language model (pLM/nLM),,344000000.0,1209000000.0,,,,85959.2088223204,128.0,17.0,Google TPU v4,Google TPU v4,,,,Confident,
all,OMNI-EPIC,2024-05-24,Imperial College London,"Imperial College London,University of British Columbia (UBC)",Academia,Multinational,Language,Code generation,2.3e+17,,,,,,,,57.0,,,,,,Confident,
all,UniGPT-mMed,2024-05-24,,,,,,,,,,,,,,,,,,,,,Unknown,
all,Xingchen Jianwei Security Model (星辰·见微安全大 模型),2024-05-25,China Telecom,China Telecom,Industry,China,Language,"Data analytics,Language modeling/generation",,,,,,,,,,,,Unreleased,No,Unreleased,Confident,
all,Llama-3-70B-Synthia-v3.5,2024-05-26,,,,,Language,"Language modeling/generation,Question answering",,70000000000.0,,,,,,,,,,Open weights (restricted use),Yes,Unreleased,Confident,
all,Zamba2-7B,2024-05-26,Zyphra,Zyphra,Industry,United States of America,Language,"Language modeling/generation,Chat,Text summarization,Code generation,Question answering",8.82e+22,7000000000.0,,,,,176966.95963163028,128.0,112.0,NVIDIA H100 SXM5 80GB,NVIDIA H100 / H800 / H200,Open weights (unrestricted),Yes,Unreleased,Confident,Operation counting
all,LUXIA-21.4B-Alignment,2024-05-27,SaltLux,SaltLux,Industry,Korea (Republic of),Language,"Language modeling/generation,Question answering",,21400000000.0,,,,,,,,,,Open weights (unrestricted),Yes,Unreleased,Confident,
all,NV-Embed-v1,2024-05-27,NVIDIA,NVIDIA,Industry,United States of America,Language,"Language modeling/generation,Question answering",,7000000000.0,,,,,,,,,,Open weights (non-commercial),Yes,Unreleased,Confident,Operation counting
all,TimeGPT-1,2024-05-27,Nixtla,Nixtla,Industry,United States of America,Other,,,,,,,,,,,NVIDIA A10G,NVIDIA A10G,,,,Confident,
all,Aurora,2024-05-28,Microsoft Research,Microsoft Research,Industry,United States of America,Earth science,Weather forecasting,4.5287424e+21,1300000000.0,,,420.0,17.5,25279.86827447104,32.0,,NVIDIA A100,NVIDIA A100 / A800,Unreleased,No,Unreleased,Confident,Hardware
all,Nanbeige2-16B-Chat,2024-05-28,Nanbeige LLM Lab,Nanbeige LLM Lab,Industry,China,Language,"Chat,Question answering",4.05e+23,15800000000.0,,,,,,,,,,Open weights (restricted use),Yes,Unreleased,Confident,
all,ChunkLlama2-13B,2024-05-29,Alibaba,"Alibaba,The University of Hong Kong,Fudan University",Industry-academia collaboration,Multinational,Language,"Language modeling/generation,Question answering",,13000000000.0,256000000.0,,,,,,,NVIDIA A100 SXM4 80 GB,NVIDIA A100 / A800,Unreleased,No,Open source,Confident,"Hardware,Operation counting"
all,Codestral,2024-05-29,Mistral AI,Mistral AI,Industry,France,Language,"Code generation,Code autocompletion",,22200000000.0,,,,,,,,,,Open weights (non-commercial),Yes,Unreleased,Confident,
all,CLAY,2024-05-30,Shanghai Tech University,"Shanghai Tech University,Deemos Technology,Huazhong University of Science and Technology",Industry-academia collaboration,China,3D modeling,3D reconstruction,3.1054234e+22,1500000000.0,,,360.0,15.0,,256.0,,NVIDIA A800 PCIe,NVIDIA A100 / A800,Unreleased,No,Unreleased,Confident,Hardware
all,FoldFlow2,2024-05-30,Dreamfold,"Dreamfold,University of Montreal / Université de Montréal,McGill University,University of Oxford",Industry-academia collaboration,Multinational,Biology,"Protein generation,Protein design",7.646000000001e+21,,48000000.0,,96.0,4.0,1579.9213978749815,2.0,49.0,NVIDIA A100,NVIDIA A100 / A800,Open weights (non-commercial),Yes,Open (non-commercial),Confident,Hardware
all,Ark LLM (方舟大模型),2024-05-31,Zhuhai Wujiefangzhou Intelligent Technology,Zhuhai Wujiefangzhou Intelligent Technology,Industry,China,Language,,,,,,,,,,,,,,,,Confident,
all,Granite 20B,2024-05-31,IBM Research,IBM Research,Industry,United States of America,Language,Language modeling/generation,3.0000000000001e+23,20000000000.0,2500000000000.0,,,,,,,,,Open weights (unrestricted),Yes,Unreleased,Confident,Operation counting
all,KeTu (Kolors),2024-05-31,Kuaishou Technology,Kuaishou Technology,Industry,China,Image generation,"Image generation,Text-to-image",,2600000000.0,,,,,,,,,,Open weights (restricted use),Yes,Open source,Confident,
all,"Mamba 2, 2.7B",2024-05-31,Princeton University,"Princeton University,Carnegie Mellon University (CMU)",Academia,United States of America,Language,"Language modeling/generation,Question answering",4.86e+21,2700000000.0,,,,,,,,,,Open weights (unrestricted),Yes,,Confident,Operation counting
all,sgRNAGen,2024-05-31,Beijing Institute of Technology,Beijing Institute of Technology,Academia,China,Biology,RNA design,,14158450.0,,,,,,,,,,,,,Confident,
all,Xingchen Voice Model (星辰语音大模型),2024-06-01,China Telecom,China Telecom,Industry,China,Speech,Speech recognition (ASR),,300000000.0,,,,,,,,,,Open weights (unrestricted),Yes,Unreleased,Confident,
all,DRGN-AI,2024-06-02,Stanford University,"Stanford University,SLAC National Laboratory,Princeton University,Columbia University",Academia,United States of America,Biology,Cryo-EM image reconstruction,6.469e+19,,11639799808.0,,48.0,2.0,3159.6316996643372,4.0,,NVIDIA A100,NVIDIA A100 / A800,,,,Confident,
all,MULAN,2024-06-02,AIRI Artificial Intelligence Research Institute,"AIRI Artificial Intelligence Research Institute,Skolkovo Institute of Science and Technology,Belozersky Institute of Physio-Chemical Biology,Ligand Pro",Industry-academia collaboration,Russia,Biology,Protein or nucleotide language model (pLM/nLM),5.1777408e+20,35000000.0,,,,,759.5268508808502,1.0,7.0,NVIDIA H100 SXM5 80GB,NVIDIA H100 / H800 / H200,Open weights (unrestricted),Yes,Open source,Confident,Hardware
all,MiniCPM-1.2B,2024-06-03,Tsinghua University,"Tsinghua University,ModelBest",Industry-academia collaboration,China,Language,"Language modeling/generation,Code generation,Translation",7.92e+21,1247442432.0,,,,,,,,,,Open weights (restricted use),Yes,Unreleased,Confident,Operation counting
all,MiniCPM-2.4B,2024-06-03,Tsinghua University,"Tsinghua University,ModelBest",Industry-academia collaboration,China,Language,"Language modeling/generation,Code generation,Translation",1.584e+22,2442057984.0,,,,,,,,,,Open weights (restricted use),Yes,Unreleased,Confident,Operation counting
all,MiniCPM-3-4B,2024-06-03,Tsinghua University,"Tsinghua University,ModelBest",Industry-academia collaboration,China,Language,"Language modeling/generation,Code generation,Translation",,4000000000.0,,,,,,,,,,Open weights (restricted use),Yes,Unreleased,Confident,
all,ProTrek,2024-06-03,Westlake University,Westlake University,Academia,China,Biology,Protein or nucleotide language model (pLM/nLM),,930000000.0,,,,,15797.806687181936,20.0,1.0,NVIDIA A100,NVIDIA A100 / A800,,,,Confident,
all,Prot2Token,2024-06-03,University of Missouri,"University of Missouri,Politecnico di Milano",Academia,Multinational,Biology,Protein or nucleotide language model (pLM/nLM),,650000000.0,,,,,,,10.0,,,,,,Confident,
all,Audioseal,2024-06-06,Facebook AI Research,Facebook AI Research,Industry,Multinational,Audio,"Audio classification,Audio generation",,,,,,,,,,,,,,Open source,Confident,
all,Qwen2-0.5B,2024-06-07,Alibaba,Alibaba,Industry,China,Language,"Chat,Language modeling/generation,Question answering",3.6e+22,500000000.0,12000000000000.0,,,,,,,,,Open weights (unrestricted),Yes,Unreleased,Confident,Operation counting
all,Qwen2-1.5B,2024-06-07,Alibaba,Alibaba,Industry,China,Language,"Chat,Language modeling/generation,Question answering",6.3e+22,1500000000.0,7000000000000.0,,,,,,,,,Open weights (unrestricted),Yes,Unreleased,Confident,Operation counting
all,Qwen2-57B-A14B,2024-06-07,Alibaba,Alibaba,Industry,China,Language,"Chat,Language modeling/generation,Question answering",3.7800000000001e+23,57000000000.0,,,,,,,,,,Open weights (unrestricted),Yes,Unreleased,Confident,Operation counting
all,Qwen2-72B,2024-06-07,Alibaba,Alibaba,Industry,China,Language,"Chat,Language modeling/generation,Question answering",3.02e+24,72710000000.0,7000000000000.0,,,,,,,,,Open weights (unrestricted),Yes,Unreleased,Confident,Operation counting
all,Qwen2-7B,2024-06-07,Alibaba,Alibaba,Industry,China,Language,"Chat,Language modeling/generation,Question answering",2.9400000000001e+23,7000000000.0,7000000000000.0,,,,,,,,,Open weights (unrestricted),Yes,Unreleased,Confident,Operation counting
all,Kling,2024-06-10,Kuaishou Technology,Kuaishou Technology,Industry,China,Video,"Video generation,Image-to-video,Text-to-video",,,,,,,,,,,,Hosted access (no API),No,Unreleased,Unknown,
all,Samba 3.8B,2024-06-11,Microsoft,"Microsoft,University of Illinois Urbana-Champaign (UIUC)",Industry-academia collaboration,United States of America,Language,Language modeling/generation,7.3e+22,3800000000.0,,,,,,,,,,Unreleased,No,Open source,Confident,Operation counting
all,TiTok-L,2024-06-11,ByteDance,"ByteDance,Technical University of Munich",Industry-academia collaboration,Multinational,Image generation,Image generation,1.7252352e+21,307000000.0,,,,,,,,NVIDIA A100 SXM4 80 GB,NVIDIA A100 / A800,Open weights (unrestricted),Yes,Open source,Confident,Hardware
all,YiSu,2024-06-11,,,,,,,,,,,,,,,,,,,,,Unknown,
all,Luma Dream Machine,2024-06-12,LumaLabs,LumaLabs,Industry,United States of America,Video,"Video generation,Text-to-video,Image-to-video",,,,,,,,,,NVIDIA H100 SXM5 80GB,NVIDIA H100 / H800 / H200,API access,No,Unreleased,Unknown,
all,Mamba2-Hybrid,2024-06-12,NVIDIA,NVIDIA,Industry,United States of America,Language,"Language modeling/generation,Question answering",1.8186e+23,8660000000.0,,,,,1415199.8102553426,1024.0,,NVIDIA H100 SXM5 80GB,NVIDIA H100 / H800 / H200,Open weights (unrestricted),Yes,Open source,Likely,Operation counting
all,Megrez-3B-Omni,2024-06-12,Infinigence AI,"Infinigence AI,Tsinghua University,Shanghai Jiao Tong University",Industry-academia collaboration,China,Multimodal,"Text summarization,Image captioning,Character recognition (OCR),Visual question answering,Language modeling/generation,Question answering,Speech recognition (ASR)",3.6e+22,3000000000.0,2000000000000.0,,,,,,,NVIDIA H100 SXM5 80GB,NVIDIA H100 / H800 / H200,Open weights (unrestricted),Yes,Unreleased,Confident,Operation counting
all,Phoenix 1.0 Ultra,2024-06-12,Leonardo AI,Leonardo AI,Industry,Australia,Image generation,"Text-to-image,Image generation",,,,,,,,,,,,API access,No,Unreleased,Unknown,
all,ProteinReDiff,2024-06-12,FPT Software AI Center,"FPT Software AI Center,University of Chicago,Indiana State University",Industry-academia collaboration,Multinational,Biology,Protein design,,,,,,,,,2.0,,,Open weights (unrestricted),Yes,Open source,Confident,
all,Shutterstock ImageAI,2024-06-12,Databricks,Databricks,Industry,United States of America,Image generation,Text-to-image,,,,,,,,,,,,Hosted access (no API),No,,Unknown,
all,Stable Diffusion 3 Medium,2024-06-12,Stability AI,Stability AI,Industry,United Kingdom of Great Britain and Northern Ireland,Image generation,"Image generation,Text-to-image",,2500000000.0,,,,,,,,,,Open weights (restricted use),Yes,Unreleased,Confident,
all,Animate Anyone,2024-06-13,Alibaba,Alibaba,Industry,China,Video,"Video generation,Image-to-video",,,,,,,3158.8578013309216,4.0,,NVIDIA A100,NVIDIA A100 / A800,Unreleased,No,Unreleased,Unknown,
all,OpenVLA,2024-06-13,Stanford University,"Stanford University,University of California (UC) Berkeley,Toyota Research Institute,Google DeepMind,Massachusetts Institute of Technology (MIT),Physical Intelligence",Industry-academia collaboration,United States of America,Robotics,Robotic manipulation,1.1e+23,7188100000.0,,,336.0,14.0,50541.724821294745,64.0,2123.0,NVIDIA A100,NVIDIA A100 / A800,Open weights (unrestricted),Yes,Open source,Confident,Hardware
all,DigiRL,2024-06-14,University of California (UC) Berkeley,"University of California (UC) Berkeley,University of Illinois Urbana-Champaign (UIUC),Google DeepMind",Industry-academia collaboration,United States of America,Vision,Visual question answering,,1300000000.0,,,,,,,,,,Open weights (unrestricted),Yes,Open source,Confident,
all,Nemotron-4 340B,2024-06-14,NVIDIA,NVIDIA,Industry,United States of America,Language,"Language modeling/generation,Chat,Question answering",1.7999999999999999e+25,340000000000.0,9000000000000.0,21271017.96222655,2200.0,91.66666666666667,8490820.682633882,6144.0,,NVIDIA H100 SXM5 80GB,NVIDIA H100 / H800 / H200,Open weights (unrestricted),Yes,Unreleased,Confident,"Operation counting,Hardware"
all,PLaMo-100B,2024-06-14,Preferred Networks Inc,Preferred Networks Inc,Industry,Japan,Language,Language modeling/generation,1.1999999999999999e+24,100000000000.0,,,,,,,,,,API access,No,Unreleased,Confident,Operation counting
all,JIUTIAN-139MoE,2024-06-15,China Mobile,China Mobile,Industry,China,Language,"Language modeling/generation,Question answering,Code generation",4.3596131e+23,38800000000.0,,,1464.0,61.0,,896.0,,"NVIDIA A800 PCIe,Ascend (昇腾) 910B",NVIDIA A100 / A800,Open weights (unrestricted),Yes,Unreleased,Confident,"Operation counting,Hardware"
all,MindEye2,2024-06-15,Stability AI,"Stability AI,Medical AI Research Center (MedARC),Princeton University,University of Minnesota,University of Sydney,University of Waterloo",Industry-academia collaboration,Multinational,Medicine,"Image captioning,Image generation",,,,,,,6317.434225819239,8.0,,NVIDIA A100 SXM4 80 GB,NVIDIA A100 / A800,Open weights (unrestricted),Yes,Open source,Likely,Hardware
all,DeepSeek-Coder-V2 236B,2024-06-17,DeepSeek,DeepSeek,Industry,China,Language,"Code generation,Code autocompletion",1.2852e+24,236000000000.0,3191000000000.0,,,,,,,,,Open weights (restricted use),Yes,Unreleased,Confident,Operation counting
all,Gen-3 Alpha,2024-06-17,Runway,Runway,Industry,United States of America,Video,"Video generation,Text-to-video,Image-to-video",,,,,,,,,,,,API access,No,Unreleased,Unknown,
all,Ovis-7B,2024-06-17,Alibaba,"Alibaba,Nanjing University",Industry-academia collaboration,China,Multimodal,"Visual question answering,Language modeling/generation,Question answering",1.7e+23,7000000000.0,,,15.0,0.625,176880.2801222388,128.0,147.0,NVIDIA H100 SXM5 80GB,NVIDIA H100 / H800 / H200,Open weights (unrestricted),Yes,Unreleased,Confident,
all,PRISM-1,2024-06-17,Wayve,Wayve,Industry,United Kingdom of Great Britain and Northern Ireland,Image generation,"Video generation,3D reconstruction",,,,,,,,,,,,Unreleased,No,Unreleased,Confident,
all,GLM-4V-9B,2024-06-18,Z.ai (Zhipu AI),"Z.ai (Zhipu AI),Tsinghua University",Industry-academia collaboration,China,Multimodal,"Language modeling/generation,Code generation,Question answering,Translation,Visual question answering",,9000000000.0,10000000000000.0,,,,,,,,,Open weights (non-commercial),Yes,Unreleased,Likely,Operation counting
all,MPNNsol,2024-06-19,Ecole Polytechnique F´ed´erale de Lausanne (EPFL),"Ecole Polytechnique F´ed´erale de Lausanne (EPFL),University at Buffalo,University of Washington,Massachusetts Institute of Technology (MIT)",Academia,Multinational,Biology,Protein generation,,,,,,,,,,,,Open weights (unrestricted),Yes,Unreleased,Unknown,
all,RNA-FrameFlow,2024-06-19,National University of Singapore,"National University of Singapore,Prescient Design,University of Missouri,University of Cambridge",Industry-academia collaboration,Multinational,Biology,RNA design,3.6889344e+18,16800000.0,,,18.0,0.75,2763.6312855065025,4.0,11.0,NVIDIA GeForce RTX 3090,NVIDIA consumer / workstation GPU,Open weights (unrestricted),Yes,Open source,Confident,Hardware
all,Claude 3.5 Sonnet,2024-06-20,Anthropic,Anthropic,Industry,United States of America,Multimodal,"Chat,Image captioning,Code generation,Language modeling/generation",2.700000000000001e+25,,,25870993.12024943,,,,,,,,API access,No,Unreleased,Speculative,Cost
all,Hermes 2 Theta Llama-3 70B,2024-06-20,Nous Research,"Nous Research,Arcee AI",Industry,United States of America,Language,"Language modeling/generation,Question answering",,70000000000.0,,,,,,,,,,Open weights (restricted use),Yes,Unreleased,Confident,
all,Pangu 5.0,2024-06-21,,,,,,,,,,,,,,,,,,,,,Unknown,
all,Code Droid,2024-06-22,Factory,Factory,Industry,United States of America,Language,"Code generation,Code autocompletion",,,,,,,,,,,,Hosted access (no API),No,Unreleased,Unknown,
all,BADGER,2024-06-24,NVIDIA,"NVIDIA,University of California (UC) Berkeley",Industry-academia collaboration,United States of America,Biology,Drug discovery,,2900000.0,100100.0,,,,,1.0,4.0,NVIDIA RTX 6000 Ada Generation,NVIDIA consumer / workstation GPU,,,,Likely,
all,Cambrian-1-13B,2024-06-24,New York University (NYU),New York University (NYU),Academia,United States of America,Multimodal,"Image captioning,Visual question answering,Character recognition (OCR)",,13000000000.0,,,,,343599.54926952836,512.0,802.0,Google TPU v4,Google TPU v4,Open weights (unrestricted),Yes,Open source,Confident,
all,Cambrian-1-34B,2024-06-24,New York University (NYU),New York University (NYU),Academia,United States of America,Multimodal,"Image captioning,Visual question answering,Character recognition (OCR)",,34000000000.0,,,,,343599.54926952836,512.0,802.0,Google TPU v4,Google TPU v4,Open weights (unrestricted),Yes,Open source,Confident,
all,Cambrian-1-8B,2024-06-24,New York University (NYU),New York University (NYU),Academia,United States of America,Multimodal,"Image captioning,Visual question answering,Character recognition (OCR)",,8000000000.0,,,,,343599.54926952836,512.0,802.0,Google TPU v4,Google TPU v4,Open weights (unrestricted),Yes,Open source,Confident,
all,DiffPALM,2024-06-24,Ecole Polytechnique F´ed´erale de Lausanne (EPFL),"Ecole Polytechnique F´ed´erale de Lausanne (EPFL),Swiss Institute of Bioinformatics",Academia,Switzerland,Biology,Protein or nucleotide language model (pLM/nLM),,,,,,,,,19.0,,,Unreleased,No,Open source,Confident,
all,Gemma 2 27B,2024-06-24,Google DeepMind,Google DeepMind,Industry,United States of America,Language,"Language modeling/generation,Chat,Code generation,Question answering,Quantitative reasoning",2.106e+24,27000000000.0,13000000000000.0,,,,6548603.174313364,6144.0,,Google TPU v5p,Google TPU v5,Open weights (restricted use),Yes,Unreleased,Confident,Operation counting
all,Gemma 2 2B,2024-06-24,Google DeepMind,Google DeepMind,Industry,United States of America,Language,"Language modeling/generation,Chat,Code generation,Question answering",3.12e+22,2600000000.0,2000000000000.0,,,,227382.0546636585,512.0,,Google TPU v5e,Google TPU v5,Open weights (restricted use),Yes,Unreleased,Confident,Operation counting
all,Gemma 2 9B,2024-06-24,Google DeepMind,Google DeepMind,Industry,United States of America,Language,"Language modeling/generation,Chat,Code generation,Question answering,Quantitative reasoning",4.32e+23,9000000000.0,8000000000000.0,,,,2748796.394156227,4096.0,,Google TPU v4,Google TPU v4,Open weights (restricted use),Yes,Unreleased,Confident,Operation counting
all,ESM3 (98B),2024-06-25,EvolutionaryScale,"EvolutionaryScale,University of California (UC) Berkeley",Industry-academia collaboration,United States of America,Biology,Protein generation,1.07e+24,98500000000.0,771000000000.0,,,,,,,,,Unreleased,No,Unreleased,Confident,Reported
all,ESM3-open-small,2024-06-25,EvolutionaryScale,"EvolutionaryScale,University of California (UC) Berkeley",Industry-academia collaboration,United States of America,Biology,Protein generation,2.7e+21,1400000000.0,48000000000.0,,,,,,,,,Open weights (non-commercial),Yes,Unreleased,Confident,Reported
all,Flexi-JEST++,2024-06-25,Google DeepMind,Google DeepMind,Industry,United States of America,Vision,Image classification,1.26e+21,,131072000000000.0,,,,113688.4955323218,256.0,30.0,Google TPU v5e,Google TPU v5,Unreleased,No,Unreleased,Confident,Other
all,JEST++,2024-06-25,Google DeepMind,Google DeepMind,Industry,United States of America,Vision,Image classification,1.9e+21,,131072000000000.0,,,,113688.4955323218,256.0,30.0,Google TPU v5e,Google TPU v5,Unreleased,No,Unreleased,Confident,Other
all,JEST-L++,2024-06-25,DeepMind,DeepMind,Industry,United Kingdom of Great Britain and Northern Ireland,Vision,Image classification,2e+21,,98304000000000.0,,,,113688.4955323218,256.0,30.0,Google TPU v5e,Google TPU v5,Unreleased,No,Unreleased,Confident,
all,Molecular Diffusion Models with Virtual Receptors,2024-06-26,Verily Research,Verily Research,Industry,United States of America,Biology,Drug discovery,,,,,73.0,3.0416666666666665,,,,,,,,,Confident,
all,CriticGPT,2024-06-27,OpenAI,OpenAI,Industry,United States of America,Language,,,,,,,,,,141.0,,,,,,Unknown,
all,Index-1.9B,2024-06-27,Shanghai Kuanyu Digital Technology Co.,"Shanghai Kuanyu Digital Technology Co., Ltd. (Bilibili)",Industry,China,Language,"Language modeling/generation,Translation,Text summarization,Question answering",,1900000000.0,,,,,,,,,,,,,Confident,
all,ChatBit,2024-06-28,Beijing Institute of Technology,"Beijing Institute of Technology,Academy of Military Science,Minzu University of China",Industry-academia collaboration,China,Language,"Chat,Language modeling/generation",,13000000000.0,100000000.0,,,,6315.605581782233,8.0,,NVIDIA A100,NVIDIA A100 / A800,Unreleased,No,Unreleased,Likely,Operation counting
all,Ernie 4.0 Turbo,2024-06-28,Baidu,Baidu,Industry,China,Multimodal,"Vision-language generation,Language modeling/generation,Question answering,Chat,Visual question answering",,,,,,,,,,,,API access,No,Unreleased,Unknown,
all,RiboDiffusion,2024-06-28,Beihang University,"Beihang University,Nanjing University,Chinese University of Hong Kong (CUHK)",Academia,Multinational,Biology,RNA design,,,,,,,,,23.0,,,Open weights (unrestricted),Yes,Unreleased,Confident,
all,Llama-SEA-LION-v2-8B-IT,2024-07-01,AI Singapore,AI Singapore,Government,Singapore,Language,"Question answering,Chat,Language modeling/generation",,8000000000.0,,,,,6315.183662179627,8.0,,NVIDIA A100 SXM4 40 GB,NVIDIA A100 / A800,Open weights (restricted use),Yes,Open source,Confident,
all,DualNetGO,2024-07-03,Hong Kong University of Science and Technology (HKUST),Hong Kong University of Science and Technology (HKUST),Academia,Hong Kong,Biology,Protein function prediction,,82000000.0,,,,,379.5013460399013,1.0,,NVIDIA GeForce RTX 3090,NVIDIA consumer / workstation GPU,,,,Confident,
all,Smaug-34B,2024-07-03,Abacus AI,Abacus AI,Industry,United States of America,Language,"Language modeling/generation,Question answering",,34000000000.0,,,48.0,2.0,11051.079196681923,8.0,,NVIDIA H100 SXM5 80GB,NVIDIA H100 / H800 / H200,Open weights (unrestricted),Yes,Unreleased,Likely,Hardware
all,Smaug-72B,2024-07-03,Abacus AI,Abacus AI,Industry,United States of America,Language,"Language modeling/generation,Question answering",,72000000000.0,,,96.0,4.0,11051.079196681923,8.0,,NVIDIA H100 SXM5 80GB,NVIDIA H100 / H800 / H200,Open weights (unrestricted),Yes,Unreleased,Likely,Hardware
all,InternVL2 26B,2024-07-04,Shanghai AI Lab,Shanghai AI Lab,Academia,China,Multimodal,"Visual question answering,Language modeling/generation,Question answering,Video description,Character recognition (OCR)",,25500000000.0,,,,,,,,,,Open weights (unrestricted),Yes,Open source,Confident,
all,InternVL2-40B,2024-07-04,Shanghai AI Lab,Shanghai AI Lab,Academia,China,Multimodal,"Visual question answering,Language modeling/generation,Question answering,Video description,Character recognition (OCR)",,40100000000.0,,,,,,,190.0,,,Open weights (unrestricted),Yes,Open source,Confident,
all,ColPali,2024-07-05,Illuin Technology,"Illuin Technology,Equall.ai,University Paris-Saclay,ETH Zurich",Industry-academia collaboration,Multinational,Vision,Character recognition (OCR),,3000000000.0,,,,,7893.276433193946,8.0,,AMD Radeon Instinct MI250X,AMD Instinct / Radeon,Open weights (restricted use),Yes,Open source,Confident,Hardware
all,Precious3GPT,2024-07-05,Insilico Medicine AI,"Insilico Medicine AI,Harvard Medical School",Industry-academia collaboration,Multinational,Biology,Drug discovery,,89000000.0,,,,,2959.9786624477297,5.0,1.0,NVIDIA RTX A6000,NVIDIA consumer / workstation GPU,,,,Confident,
all,SenseChat 5.5,2024-07-06,SenseTime,SenseTime,Industry,Hong Kong,Multimodal,"Vision-language generation,Visual question answering,Language modeling/generation,Question answering,Chat,Quantitative reasoning",,600000000000.0,,,,,,,,,,Hosted access (no API),No,Unreleased,Confident,
all,MAP-Neo,2024-07-10,University of Waterloo,"University of Waterloo,01.AI,Wuhan University",Industry-academia collaboration,Multinational,Language,"Language modeling/generation,Question answering,Quantitative reasoning,Translation,Code generation",1.89e+23,7000000000.0,4500000000000.0,,,,707158.8241182694,512.0,,NVIDIA H800 SXM5,NVIDIA H100 / H800 / H200,Open weights (unrestricted),Yes,Open source,Confident,Operation counting
all,OpenDiLoCo 1.1B,2024-07-10,Prime Intellect,Prime Intellect,Industry,United States of America,Language,"Language modeling/generation,Question answering",6.0901294e+20,1100000000.0,,,,,44197.42650739184,32.0,,NVIDIA H100 SXM5 80GB,NVIDIA H100 / H800 / H200,Unreleased,No,Open source,Confident,Operation counting
all,OpenDiLoCo 150M,2024-07-10,Prime Intellect,Prime Intellect,Industry,United States of America,Language,"Language modeling/generation,Question answering",4.152361e+19,150000000.0,,,,,,,,,,Unreleased,No,Open source,Confident,Operation counting
all,PaliGemma,2024-07-10,Google DeepMind,Google DeepMind,Industry,United States of America,Vision,Visual question answering,1.0652844e+22,3000000000.0,,,162.0,6.75,,256.0,,"Google TPU v5e,Google TPU v3",Google TPU v5,Open weights (restricted use),Yes,Unreleased,Confident,Hardware
all,Deep learning linking mechanistic models to single-cell transcriptomics data reveals transcriptional bursting in response to DNA damage,2024-07-12,Sun Yat-sen University,"Sun Yat-sen University,University of California Irvine,Guangdong Provincial People's Hospital,Guangdong Academy of Medical Sciences",Academia,Multinational,Biology,Transcriptomic prediction,39168000000.0,2176.0,,,,,,,,,,,,,Confident,
all,HelixProtX,2024-07-12,Baidu,Baidu,Industry,China,Biology,Protein generation,,,1330310800.0,,,,6313.636864775396,8.0,,NVIDIA A100 SXM4 40 GB,NVIDIA A100 / A800,Unreleased,No,,Confident,Hardware
all,InternVL2-Llama3-76B,2024-07-15,Shanghai AI Lab,Shanghai AI Lab,Academia,China,Multimodal,"Visual question answering,Language modeling/generation,Question answering,Video description",,76000000000.0,,,,,,,,,,Open weights (restricted use),Yes,Open source,Confident,
all,MP4,2024-07-15,310.ai,310.ai,Industry,United States of America,Biology,"Molecular simulation,Protein generation,Protein design",9.6585178e+22,,,,,,,,,,,Unreleased,No,Unreleased,Likely,Hardware
all,OmniGenome,2024-07-15,University of Exeter,University of Exeter,Academia,United Kingdom of Great Britain and Northern Ireland,Biology,Protein or nucleotide language model (pLM/nLM),3.3900690258459335e+20,186000000.0,,,,,7102.366961281501,8.0,5.0,NVIDIA GeForce RTX 4090,NVIDIA consumer / workstation GPU,,,,Likely,Hardware
all,PARM,2024-07-15,Oncode Institute,"Oncode Institute,UMC Utrecht,Netherlands Cancer Institute,University of Groningen,Radboud University Medical Center",Academia,Netherlands,Biology,"Protein or nucleotide language model (pLM/nLM),Nucleotide generation",,,,,,,,1.0,,NVIDIA RTX 6000 Ada Generation,NVIDIA consumer / workstation GPU,,,,Unknown,
all,Qwen2-Audio,2024-07-15,Alibaba,Alibaba,Industry,China,Multimodal,"Speech recognition (ASR),Speech synthesis,Translation,Speech-to-speech",,8200000000.0,,,,,,,,,,Open weights (unrestricted),Yes,Unreleased,Likely,Operation counting
all,Codestral Mamba,2024-07-16,Mistral AI,Mistral AI,Industry,France,Language,"Code generation,Code autocompletion",,7285403648.0,,,,,,,,,,Open weights (unrestricted),Yes,Unreleased,Confident,
all,Cygnet,2024-07-16,Gray Swan,Gray Swan,Industry,United States of America,Language,"Chat,Language modeling/generation",,8000000000.0,,,,,,,,,,API access,No,Unreleased,Confident,
all,DeepL LLM,2024-07-16,DeepL,DeepL,Industry,Germany,Language,Translation,,,,,,,,,,,,Hosted access (no API),No,Unreleased,Unknown,
all,LLaVA-NeXT-32B-Qwen,2024-07-16,LMMs-Lab,LMMs-Lab,Research collective,,Multimodal,"Chat,Language modeling/generation,Visual question answering,Image captioning",,32000000000.0,,,35.0,1.4583333333333333,50504.59589543689,64.0,,NVIDIA A100 SXM4 80 GB,NVIDIA A100 / A800,Open weights (restricted use),Yes,Unreleased,Confident,Hardware
all,Mathstral,2024-07-16,Mistral AI,Mistral AI,Industry,France,Mathematics,"Mathematical reasoning,Language modeling/generation,Quantitative reasoning",,7000000000.0,,,,,,,,,,Open weights (unrestricted),Yes,Unreleased,Confident,
all,Nebula (星云大模型),2024-07-16,ZTE,ZTE,Industry,China,Language,Code generation,,100000000000.0,,,,,,,,,,,,,Confident,
all,ScribblePrompt-SAM,2024-07-16,Massachusetts Institute of Technology (MIT),Massachusetts Institute of Technology (MIT),Academia,United States of America,Vision,Image segmentation,,,,,,,,,,,,Open weights (unrestricted),Yes,Open source,Unknown,
all,SmolLM-1.7B,2024-07-16,,,,,Language,"Chat,Question answering,Language modeling/generation",1.03e+22,1710000000.0,,,,,44191.52140850728,64.0,,NVIDIA H100 PCIe,NVIDIA H100 / H800 / H200,Open weights (unrestricted),Yes,Unreleased,Confident,Operation counting
all,Beiruan (北软大模型),2024-07-18,Beijing Beida Software Engineering Co.,"Beijing Beida Software Engineering Co., Ltd.",Industry,China,Language,"Search,Chat,Text summarization",,,,,,,,,,,,,,,Unknown,
all,ChatLing (灵犀大模型),2024-07-18,Beijing 58 Information Technology,Beijing 58 Information Technology,Industry,China,Language,,,,,,,,,,,,,,,,Unknown,
all,GPT-4o mini,2024-07-18,OpenAI,OpenAI,Industry,United States of America,Multimodal,"Chat,Language modeling/generation,Code generation,Visual question answering",,,,,,,,,,,,API access,No,Unreleased,Speculative,Benchmarks
all,Mistral NeMo,2024-07-18,Mistral AI,Mistral AI,Industry,France,Language,"Language modeling/generation,Code generation",,12000000000.0,,,,,,,,,,Open weights (unrestricted),Yes,,Confident,
all,PathOrchestra,2024-07-18,,,,,,,,,,,,,,,,,,,,,Unknown,
all,Xingchen Multimodal Model (中电信人工智能科技（北京）有限公司),2024-07-18,China Telecom,China Telecom,Industry,China,Multimodal,"Language modeling/generation,Image completion,Question answering,Image generation,Image captioning,Text-to-image,Table tasks",,,,,,,,,,,,Hosted access (no API),No,Unreleased,Likely,
all,YiYuan (壹元大模型),2024-07-18,SoundAI,SoundAI,Industry,China,Speech,Speech-to-text,,,,,,,,,,,,,,,Unknown,
all,Zhizhe Qianwen (智者千问大语言模型),2024-07-18,Beijing Zhijing Yunchuang Technology Co.,"Beijing Zhijing Yunchuang Technology Co., Ltd.",Industry,China,Multimodal,"3D segmentation,Spatial Intelligence",,,,,,,,,,,,,,,Unknown,
all,Athene-70B,2024-07-19,Nexusflow,Nexusflow,Industry,United States of America,Language,"Language modeling/generation,Question answering",,70000000000.0,,,,,,,,,,Open weights (non-commercial),Yes,Unreleased,Confident,
all,Eleven Turbo v2.5,2024-07-19,ElevenLabs,ElevenLabs,Industry,United States of America,Speech,"Text-to-speech (TTS),Speech synthesis",,,,,,,,,,,,API access,No,Unreleased,Unknown,
all,Grounding Dino L,2024-07-19,Tsinghua University,"Tsinghua University,International Digital Economy Academy,Hong Kong University of Science and Technology (HKUST),Chinese University of Hong Kong (CUHK),Microsoft Research,South China University of Technology",Industry-academia collaboration,Multinational,Vision,"Object detection,Image captioning",,341000000.0,,,,,50501.22189135225,64.0,4066.0,NVIDIA A100,NVIDIA A100 / A800,Open weights (unrestricted),Yes,Unreleased,Confident,
all,DCLM 7B,2024-07-20,Apple,Apple,Industry,United States of America,Language,"Language modeling/generation,Question answering,Quantitative reasoning",1.05e+23,7000000000.0,2500000000000.0,,,,,,,NVIDIA H100 SXM5 80GB,NVIDIA H100 / H800 / H200,Open weights (restricted use),Yes,Unreleased,Confident,Operation counting
all,Zhiwei (知微大模型),2024-07-20,Beijing Weimeng Chuangke Network Technology,Beijing Weimeng Chuangke Network Technology,Industry,China,Language,"Search,Text summarization",,,,,,,,,,,,,,,Unknown,
all,OV-DINO,2024-07-22,Guangzhou AI Public Computing Center,"Guangzhou AI Public Computing Center,Sun Yat-sen University,Meituan Inc,Pengcheng Lab",Industry-academia collaboration,China,Vision,Object detection,,,,,,,,,,,,Unreleased,No,Open source,Unknown,
all,PepPrCLIP,2024-07-22,Duke University,"Duke University,Cornell University,Sanford Burnham Prebys Institute",Academia,United States of America,Biology,Protein design,1e+18,,,,,,433.5323498683974,1.0,,NVIDIA A100 SXM4 80 GB,NVIDIA A100 / A800,Open weights (non-commercial),Yes,Open (non-commercial),Speculative,Hardware
all,CarrotAI (CarrotAI大模型),2024-07-23,Jiangsu Huizhi Intelligent Digital Technology Co.,"Jiangsu Huizhi Intelligent Digital Technology Co., Ltd.",Industry,China,Language,"Question answering,Recommender system",,7000000000.0,,,,,,,,,,Open weights (unrestricted),Yes,Unreleased,Confident,
all,Llama 3.1-405B,2024-07-23,Meta AI,Meta AI,Industry,United States of America,Language,"Language modeling/generation,Question answering,Code generation,Mathematical reasoning",3.8e+25,405000000000.0,15600000000000.0,52885433.95402246,2142.0,89.25,22622532.159299143,16384.0,,NVIDIA H100 SXM5 80GB,NVIDIA H100 / H800 / H200,Open weights (restricted use),Yes,Open (restricted use),Confident,"Reported,Operation counting"
all,Llama 3.1-70B,2024-07-23,Meta AI,Meta AI,Industry,United States of America,Language,Language modeling/generation,7.929e+24,70000000000.0,15000000000000.0,,,,,,,,,Open weights (restricted use),Yes,Open (restricted use),Confident,"Hardware,Operation counting"
all,Llama 3.1-8B,2024-07-23,Meta AI,Meta AI,Industry,United States of America,Language,Language modeling/generation,1.224e+24,8000000000.0,,,,,,,,,,Open weights (restricted use),Yes,Open (restricted use),Likely,"Hardware,Operation counting"
all,OutfitAnyone,2024-07-23,Alibaba,"Alibaba,University of Science and Technology of China (USTC)",Industry-academia collaboration,China,Image generation,Image generation,,,,,,,,,,,,Hosted access (no API),No,Unreleased,Unknown,
all,Mistral Large 2,2024-07-24,Mistral AI,Mistral AI,Industry,France,Language,"Language modeling/generation,Translation,Code generation",,123000000000.0,,,,,,,,,,Open weights (non-commercial),Yes,Unreleased,Likely,"Hardware,Cost,Benchmarks"
all,Palmyra Fin,2024-07-24,Writer,Writer,Industry,United States of America,Language,"Language modeling/generation,Question answering",,70000000000.0,,,,,,,,,,API access,No,Unreleased,Confident,
all,Palmyra Med,2024-07-24,Writer,Writer,Industry,United States of America,Language,"Language modeling/generation,Question answering,Medical diagnosis",,70000000000.0,,,,,,,,,,Open weights (non-commercial),Yes,Unreleased,Confident,
all,PrePR-CT,2024-07-24,King Abdullah University of Science and Technology (KAUST),"King Abdullah University of Science and Technology (KAUST),Karolinska Institute",Academia,Multinational,Biology,Transcriptomic prediction,,,,,,,,,,,,,,,Unknown,
all,Stable Video 4D (SV4D),2024-07-24,Stability AI,"Stability AI,Northeastern University",Industry-academia collaboration,Multinational,Vision,3D reconstruction,,,,,,,11045.912292646875,8.0,,NVIDIA H100 SXM5 80GB,NVIDIA H100 / H800 / H200,Open weights (restricted use),Yes,Unreleased,Unknown,
all,AlphaGeometry 2,2024-07-25,Google DeepMind,Google DeepMind,Industry,United States of America,Mathematics,"Language modeling/generation,Geometry,Quantitative reasoning",,,,,,,,,,,,Unreleased,No,Unreleased,Unknown,
all,AlphaProof,2024-07-25,Google DeepMind,Google DeepMind,Industry,United States of America,Mathematics,"Automated theorem proving,Quantitative reasoning",,3000000000.0,,,,,,,,,,Unreleased,No,Unreleased,Unknown,
all,SearchGPT,2024-07-25,OpenAI,OpenAI,Industry,United States of America,Search,,,,,,,,,,,,,,,,Unknown,
all,X-Portrait,2024-07-25,ByteDance,ByteDance,Industry,China,Video,"Portrait animation,Video generation,Image-to-video",,,,,,,,,99.0,,,Open weights (unrestricted),Yes,Unreleased,Unknown,
all,NIO World Model (蔚来大模型),2024-07-27,NIO,NIO,Industry,China,Robotics,"Route finding,Video generation,Self-driving car,Spatial Intelligence,Object recognition",,,,,,,,,,,,,,,Unknown,
all,ProRNA3D-Single,2024-07-28,Virginia Tech (Virginia Polytechnic Institute and State University),Virginia Tech (Virginia Polytechnic Institute and State University),Academia,United States of America,Biology,Protein folding prediction,,,,,,,433.4744267810611,1.0,,NVIDIA A100,NVIDIA A100 / A800,Open weights (unrestricted),Yes,Unreleased,Confident,Hardware
all,SaulLM-large,2024-07-28,Equall.ai,Equall.ai,Industry,United States of America,Language,Question answering,,141000000000.0,,,,,378683.25923593494,384.0,44.0,AMD Radeon Instinct MI250,AMD Instinct / Radeon,Open weights (unrestricted),Yes,,Likely,
all,AFM-on-device,2024-07-29,Apple,Apple,Industry,United States of America,Language,Language modeling/generation,4.5126e+23,2730000000.0,7588000000000.0,,,,2181166.9994404097,2048.0,,Google TPU v5p,Google TPU v5,Hosted access (no API),No,Unreleased,Confident,Operation counting
all,AFM-server,2024-07-29,Apple,Apple,Industry,United States of America,Language,Language modeling/generation,4.3e+24,,7400000000000.0,,,,5493309.4800721435,8192.0,,Google TPU v4,Google TPU v4,Hosted access (no API),No,Unreleased,Likely,"Operation counting,Hardware"
all,Florence-2-B (base),2024-07-29,Microsoft,Microsoft,Industry,United States of America,Vision,"Image captioning,Visual question answering,Image classification,Object detection",5.4310727e+21,232000000.0,22879290000.0,,,,,,,,,Unreleased,No,Unreleased,Likely,Operation counting
all,Florence-2-L (large),2024-07-29,Microsoft,Microsoft,Industry,United States of America,Vision,"Image captioning,Visual question answering,Image classification,Object detection",1.2406517e+22,771000000.0,22879290000.0,,,,,,,,,Unreleased,No,Unreleased,Likely,Operation counting
all,RNACG,2024-07-29,Tsinghua University,Tsinghua University,Academia,China,Biology,Protein or nucleotide language model (pLM/nLM),,4500000.0,,,,,,,1.0,,,,,,Confident,
all,Segment Anything Model 2,2024-07-29,Meta AI,Meta AI,Industry,United States of America,Vision,Image segmentation,1.24e+22,224400000.0,,,,,,,,,,Open weights (unrestricted),Yes,,Likely,
all,Yi Vision,2024-07-29,01.AI,01.AI,Industry,China,Vision,"Visual question answering,Character recognition (OCR)",,,,,,,,,,,,API access,No,Unreleased,Unknown,
all,Llama SEA-LION V2 8B,2024-07-30,AI Singapore,AI Singapore,Government,Singapore,Language,"Question answering,Chat,Language modeling/generation",7.23e+23,8000000000.0,48000000000.0,,48.0,2.0,88355.49182491149,64.0,,NVIDIA H100 SXM5 80GB,NVIDIA H100 / H800 / H200,Open weights (restricted use),Yes,Open source,Confident,"Hardware,Operation counting"
all,Midjourney V6.1,2024-07-30,Midjourney,Midjourney,Industry,United States of America,Image generation,Image generation,,,,,,,,,,,,Hosted access (no API),No,Unreleased,Unknown,
all,Llama-SEA-LION-v2-8B,2024-07-31,,,,,,,8.75e+21,8000000000.0,48000000000.0,,,,,,,,,,,,Likely,
all,BaiLing TTS,2024-08-01,Ant Group,Ant Group,Industry,China,Speech,Text-to-speech (TTS),,,,,,,,,,NVIDIA A100,NVIDIA A100 / A800,Unreleased,No,Unreleased,Unknown,
all,EPInformer,2024-08-01,The University of Hong Kong,"The University of Hong Kong,Harvard Medical School",Academia,Multinational,Biology,Gene expression profile generation,3.3696e+17,447149.0,,,1.0,0.041666666666666664,433.43581568898264,1.0,2.0,NVIDIA A100,NVIDIA A100 / A800,,,,Confident,
all,Flux.1 [dev],2024-08-01,Black Forest Labs,Black Forest Labs,Industry,Germany,Image generation,"Image generation,Text-to-image",,12000000000.0,,,,,,,,,,Open weights (non-commercial),Yes,Unreleased,Confident,
all,Flux.1 [pro],2024-08-01,Black Forest Labs,Black Forest Labs,Industry,Germany,Image generation,"Image generation,Text-to-image",,12000000000.0,,,,,,,,,,API access,No,Unreleased,Confident,
all,InternLM2.5,2024-08-01,Shanghai AI Lab,Shanghai AI Lab,Academia,China,Language,"Language modeling/generation,Question answering",,20000000000.0,,,,,,,,,,Open weights (restricted use),Yes,,Confident,
all,OmniParser: Icon Description Model,2024-08-01,Microsoft Research,Microsoft Research,Industry,United States of America,Vision,Image captioning,,,,,,,,,,,,Open weights (unrestricted),Yes,,Confident,
all,OmniParser: Interactable Region Detection Model,2024-08-01,Microsoft Research,Microsoft Research,Industry,United States of America,Vision,Object detection,,,,,,,,4.0,,,,Open weights (unrestricted),Yes,,Confident,
all,CXR Foundation,2024-08-02,Google,Google,Industry,United States of America,Vision,"Image embedding,Image classification",,,,,,,,,,,,Open weights (restricted use),Yes,,Unknown,
all,H-optimus-0,2024-08-02,,,,,Vision,,,1100000000.0,,,,,,,,,,Open weights (unrestricted),Yes,,Confident,
all,Jais-70B,2024-08-05,G42,"G42,Inception G42",Industry,United Arab Emirates,Language,"Language modeling/generation,Question answering",9.654e+23,70000000000.0,370000000000.0,,,,,64.0,,Cerebras CS-2,Cerebras CS-2,Open weights (restricted use),Yes,Unreleased,Confident,Operation counting
all,GPT-4o (Aug 2024),2024-08-06,OpenAI,OpenAI,Industry,United States of America,Multimodal,"Chat,Image generation,Audio generation,Vision-language generation,Table tasks,Language modeling/generation,Question answering,Speech recognition (ASR),Speech-to-text",,,,,,,,,,,,API access,No,Unreleased,Speculative,Benchmarks
all,LLaVA-OV-72B,2024-08-06,ByteDance,"ByteDance,Nanyang Technological University,Chinese University of Hong Kong (CUHK),Hong Kong University of Science and Technology (HKUST)",Industry-academia collaboration,Multinational,Multimodal,"Image captioning,Visual question answering,Video description,Object recognition,Action recognition,Language modeling/generation",3.036551985824e+24,72000000000.0,38314782000.0,,,,,,2428.0,,,Open weights (unrestricted),Yes,Open source,Confident,Operation counting
all,LLaVA-OV-7B,2024-08-06,ByteDance,"ByteDance,Nanyang Technological University,Chinese University of Hong Kong (CUHK),Hong Kong University of Science and Technology (HKUST)",Industry-academia collaboration,Multinational,Multimodal,"Image captioning,Visual question answering,Video description,Object recognition,Action recognition,Language modeling/generation",,7600000000.0,945138000.0,,,,,,2428.0,,,Open weights (unrestricted),Yes,Open source,Confident,
all,MiniCPM-V 2.6,2024-08-06,OpenBMB (Open Lab for Big Model Base),OpenBMB (Open Lab for Big Model Base),,China,Vision,"Visual question answering,Language modeling/generation,Image captioning,Character recognition (OCR),Video description",,8000000000.0,,,,,,,,,,Open weights (restricted use),Yes,Unreleased,Confident,
all,EXAONE 3.0,2024-08-07,LG AI Research,LG AI Research,Industry,Korea (Republic of),Language,"Language modeling/generation,Code generation,Question answering",4e+23,7820000000.0,8000000000000.0,,,,,,,NVIDIA H100 SXM5 80GB,NVIDIA H100 / H800 / H200,Open weights (non-commercial),Yes,Unreleased,Confident,"Reported,Operation counting"
all,Table Tennis Agent,2024-08-07,Google DeepMind,Google DeepMind,Industry,United States of America,Robotics,Sports,,185000.0,2400000000.0,,,,,,,,,Unreleased,No,Unreleased,Likely,
all,3-ensemble of Self-ensembles on CIFAR-100,2024-08-08,Google DeepMind,Google DeepMind,Industry,United States of America,Vision,Image classification,,60200000.0,,,,,,,,NVIDIA A100,NVIDIA A100 / A800,Unreleased,No,Open source,Likely,"Operation counting,Hardware"
all,MooER,2024-08-09,Moore Threads,Moore Threads,Industry,China,Speech,"Speech recognition (ASR),Translation",,7200000000.0,,,,,7098.413930607584,8.0,3.0,MTT S4000,MTT S4000,,,,Confident,
all,Qwen2-Math-1.5B,2024-08-09,Alibaba,Alibaba,Industry,China,Language,"Language modeling/generation,Question answering,Mathematical reasoning",,1500000000.0,,,,,,,,,,Open weights (unrestricted),Yes,Unreleased,Confident,
all,Qwen2-Math-72B,2024-08-09,Alibaba,Alibaba,Industry,China,Language,"Language modeling/generation,Question answering,Mathematical reasoning",,72000000000.0,,,,,,,,,,Open weights (restricted use),Yes,Unreleased,Confident,
all,Qwen2-Math-7B,2024-08-09,Alibaba,Alibaba,Industry,China,Language,"Language modeling/generation,Question answering,Mathematical reasoning",,7000000000.0,,,,,,,,,,Open weights (unrestricted),Yes,Unreleased,Confident,
all,Tencent Search LLM (腾讯搜索大模型),2024-08-09,Tencent,Tencent,Industry,China,Language,Search,,,,,,,,,,,,,,,Unknown,
all,PepMLM,2024-08-11,Duke University,"Duke University,Cornell University,McMaster University",Academia,Multinational,Biology,Protein generation,,3000000000.0,,,,,,,,,,Open weights (non-commercial),Yes,Unreleased,Confident,
all,Cosine Genie,2024-08-12,Cosine,Cosine,Industry,United Kingdom of Great Britain and Northern Ireland,Language,Code generation,,,,,,,,,,,,Unreleased,No,,Unknown,
all,Falcon Mamba,2024-08-12,Technology Innovation Institute,Technology Innovation Institute,Government,United Arab Emirates,Language,"Language modeling/generation,Question answering,Code generation,Quantitative reasoning",3.9391101e+23,7000000000.0,5500000000000.0,,1440.0,60.0,353319.6658035087,256.0,,NVIDIA H100 SXM5 80GB,NVIDIA H100 / H800 / H200,Open weights (restricted use),Yes,Unreleased,Confident,Hardware
all,OuteTTS-0.1-350M,2024-08-12,,,,,Speech,Text-to-speech (TTS),6.3e+19,350000000.0,,,,,,,,,,Open weights (unrestricted),Yes,,Likely,
all,P-LLama3,2024-08-12,University of Siena,University of Siena,Academia,Italy,Biology,"Protein generation,Protein design",7.20000786432e+23,8000000000.0,,,,,2365.97990493421,4.0,2.0,NVIDIA RTX A6000,NVIDIA consumer / workstation GPU,Open weights (restricted use),Yes,Unreleased,Confident,Operation counting
all,P-Llama2,2024-08-12,University of Siena,University of Siena,Academia,Italy,Biology,"Protein generation,Protein design",,7000000000.0,,,,,2365.97990493421,4.0,2.0,NVIDIA RTX A6000,NVIDIA consumer / workstation GPU,Open weights (restricted use),Yes,,Confident,Operation counting
all,P-Mistral,2024-08-12,University of Siena,University of Siena,Academia,Italy,Biology,"Protein generation,Protein design",,7000000000.0,,,,,2365.97990493421,4.0,2.0,NVIDIA RTX A6000,NVIDIA consumer / workstation GPU,Open weights (unrestricted),Yes,,Confident,Operation counting
all,P-gemma,2024-08-12,University of Siena,University of Siena,Academia,Italy,Biology,"Protein generation,Protein design",,7000000000.0,,,,,2365.97990493421,4.0,2.0,NVIDIA RTX A6000,NVIDIA consumer / workstation GPU,Open weights (unrestricted),Yes,,Confident,Operation counting
all,Agent Q,2024-08-13,Stanford University,Stanford University,Academia,United States of America,Other,,,70000000000.0,,,,,,,187.0,,,,,,Confident,
all,Grok-2,2024-08-13,xAI,xAI,Industry,United States of America,Multimodal,"Chat,Language modeling/generation,Question answering,Code generation,Visual question answering",2.9599999999999996e+25,,,31602310.530835517,,,,,,NVIDIA H100 SXM5 80GB,NVIDIA H100 / H800 / H200,API access,No,Unreleased,Confident,"Comparison with other models,Reported"
all,Grok-2 mini,2024-08-13,xAI,xAI,Industry,United States of America,Multimodal,"Chat,Language modeling/generation,Question answering,Code generation,Visual question answering",,,,,,,,,,,,Hosted access (no API),No,Unreleased,Unknown,
all,Saaras v1,2024-08-13,Sarvam,Sarvam,Industry,India,Speech,"Speech recognition (ASR),Speech-to-text",,1500000000.0,,,,,,,,,,Unreleased,No,Unreleased,Confident,
all,Hermes 3 405B,2024-08-14,Nous Research,Nous Research,Industry,United States of America,Language,"Language modeling/generation,Chat,Question answering",,405000000000.0,270000000.0,,,,176651.9648701551,128.0,,NVIDIA H100 SXM5 80GB,NVIDIA H100 / H800 / H200,Open weights (restricted use),Yes,Unreleased,Confident,"Hardware,Operation counting"
all,Hermes 3 70B,2024-08-14,Nous Research,Nous Research,Industry,United States of America,Language,"Language modeling/generation,Chat,Question answering",,70000000000.0,270000000.0,,,,66244.48682630816,48.0,,NVIDIA H100 SXM5 80GB,NVIDIA H100 / H800 / H200,Open weights (restricted use),Yes,Unreleased,Confident,"Hardware,Operation counting"
all,Hermes 3 8B,2024-08-14,Nous Research,Nous Research,Industry,United States of America,Language,"Language modeling/generation,Chat,Question answering",,8000000000.0,270000000.0,,,,66244.48682630816,48.0,,NVIDIA H100 SXM5 80GB,NVIDIA H100 / H800 / H200,Open weights (restricted use),Yes,Unreleased,Confident,"Hardware,Operation counting"
all,Zhiye LLM (浪潮知业大模型),2024-08-14,Inspur,Inspur,Industry,China,Multimodal,"Data analytics,Code generation,Language modeling/generation,Question answering,System control,Instruction interpretation",,,,,,,,,,,,,,,Unknown,
all,DeepSeek-Prover-V1.5,2024-08-15,DeepSeek,DeepSeek,Industry,China,Language,Quantitative reasoning,,7000000000.0,,,,,,,,,,Open weights (restricted use),Yes,Unreleased,Confident,
all,Gen-3 Alpha Turbo,2024-08-15,Runway,Runway,Industry,United States of America,Video,"Video generation,Image-to-video",,,,,,,,,,,,API access,No,Unreleased,Unknown,
all,CLR_ESP,2024-08-16,Kansas State University,Kansas State University,Academia,United States of America,Biology,Enzyme substrate pair prediction,2.11e+17,,815728.0,,3.0,0.125,75.82593457631364,1.0,,NVIDIA Tesla T4,NVIDIA Tesla T4,Open weights (non-commercial),Yes,Open (non-commercial),Likely,
all,Transformers in music recommendation,2024-08-16,Google Research,Google Research,Industry,United States of America,Recommendation,Recommender system,,,,,,,,,,,,Unreleased,No,Unreleased,Unknown,
all,xGen-MM (BLIP-3),2024-08-16,Salesforce Research,"Salesforce Research,University of Washington",Industry-academia collaboration,United States of America,Multimodal,"Image captioning,Character recognition (OCR),Visual question answering,Chat",2.4e+21,4000000000.0,,,,,,,139.0,,,,,,Confident,
all,TransFew,2024-08-17,University of Missouri,University of Missouri,Academia,United States of America,Biology,Protein function prediction,,,,,,,,,,,,,,,Confident,
all,Hybrid-Phi-Mamba-1.5B,2024-08-19,Carnegie Mellon University (CMU),"Carnegie Mellon University (CMU),Mohamed bin Zayed University of Artificial Intelligence (MBZUAI),Cartesia",Industry-academia collaboration,Multinational,Language,Language modeling/generation,1.215e+21,1500000000.0,5000000000.0,,,,,,,,,Unreleased,No,Unreleased,Confident,Operation counting
all,LongVILA-7B,2024-08-19,NVIDIA,"NVIDIA,Massachusetts Institute of Technology (MIT),University of California (UC) Berkeley,UT Austin",Industry-academia collaboration,United States of America,Multimodal,"Video,Video description,Visual question answering,Language modeling/generation",,7000000000.0,,,,,,256.0,264.0,,,Open weights (non-commercial),Yes,Open source,Confident,
all,Rethinking Molecular Design: Integrating Latent Variable and Auto-Regressive Models for Goal Directed Generation,2024-08-19,ETH Zurich,"ETH Zurich,University of Zurich,ETH AI Center",Industry-academia collaboration,Switzerland,Biology,Drug discovery,,,,,,,487.41987187195446,1.0,,NVIDIA GeForce RTX 4090,NVIDIA consumer / workstation GPU,Open weights (non-commercial),Yes,Open (non-commercial),Confident,Hardware
all,AntiFormer,2024-08-20,University of Florida,"University of Florida,Sichuan University,Shihezi University,University of Macau,University of Texas Health Science Center",Academia,Multinational,Biology,Protein protein binding affinity prediction,1.7100000000000148e+18,24670596.0,,,,,433.2524599633082,1.0,,NVIDIA A100 SXM4 40 GB,NVIDIA A100 / A800,Open weights (unrestricted),Yes,Open source,Confident,Hardware
all,CoPRA,2024-08-21,Tsinghua University,"Tsinghua University,University College London (UCL),Monash University,Beijing University of Posts and Telecommunications",Academia,Multinational,Biology,Protein-RNA binding affinity prediction,,,1966080310.0,,,,3154.0076699829947,4.0,7.0,NVIDIA A100,NVIDIA A100 / A800,,,,Likely,
all,Ideogram v2,2024-08-21,Ideogram,Ideogram,Industry,Canada,Image generation,"Image generation,Text-to-image",,,,,,,,,,,,API access,No,Unreleased,Unknown,
all,Kosmos-2.5,2024-08-21,Microsoft,Microsoft,Industry,United States of America,Multimodal,"Character recognition (OCR),Document classification,Language modeling/generation,Visual question answering,Document representation",2.2018015e+21,1300000000.0,260000000000.0,,,,,,,,,Open weights (unrestricted),Yes,Unreleased,Confident,Operation counting
all,Xinyi Video 2.0,2024-08-21,,,,,,,,,,,,,,,,,,,,,Unknown,
all,EvolMPNN,2024-08-22,Aarhus university,Aarhus university,Academia,Denmark,Biology,"Mutation prediction,Protein property prediction",,,63001.0,,,,,,,,,Unreleased,No,Open (non-commercial),Confident,
all,GITIII,2024-08-22,Yale School of Public Health,Yale School of Public Health,Academia,United States of America,Biology,Cell-cell interaction prediction,,,,,,,,,,NVIDIA RTX A5000,NVIDIA consumer / workstation GPU,,,,Unknown,
all,GameNGen,2024-08-22,Google Research,"Google Research,Google DeepMind,Tel Aviv University",Industry-academia collaboration,Multinational,Games,Doom,,,458802000000.0,,,,56770.87379395061,128.0,,Google TPU v5e,Google TPU v5,Unreleased,No,Unreleased,Unknown,
all,Jamba 1.5 Mini,2024-08-22,AI21 Labs,AI21 Labs,Industry,Israel,Language,"Language modeling/generation,Translation,Question answering",,52000000000.0,,,,,,,,,,Open weights (restricted use),Yes,Unreleased,Confident,
all,Jamba 1.5-Large,2024-08-22,AI21 Labs,AI21 Labs,Industry,Israel,Language,"Language modeling/generation,Chat,Translation,Question answering",,398000000000.0,,,,,,,,NVIDIA H100 SXM5 80GB,NVIDIA H100 / H800 / H200,Open weights (restricted use),Yes,Unreleased,Confident,
all,Shanhai 2.0,2024-08-22,,,,,,,,,,,,,,,,,,,,,Unknown,
all,Xinyu,2024-08-23,Zhejiang University (ZJU),"Zhejiang University (ZJU),Institute for Advanced Algorithms Research,Northeastern University (China),China Telecom,State Key Laboratory of Media Convergence Production Technology and Systems",Industry-academia collaboration,China,Language,Language modeling/generation,,13000000000.0,500000000.0,,528.0,22.0,63077.34395151266,128.0,5.0,NVIDIA A800 PCIe 80 GB,NVIDIA A100 / A800,Unreleased,No,Unreleased,Confident,"Hardware,Operation counting"
all,DISTRO,2024-08-26,Nous Research,Nous Research,Industry,United States of America,Language,"Language modeling/generation,Chat,Question answering",7.1497946e+20,1200000000.0,100000000000.0,,19.8,0.8250000000000001,44151.1910097316,32.0,,NVIDIA H100 SXM5 80GB,NVIDIA H100 / H800 / H200,,,,Confident,"Operation counting,Hardware"
all,Pharia-1-LLM-7B,2024-08-26,Aleph Alpha,Aleph Alpha,Industry,Germany,Language,"Language modeling/generation,Translation,Question answering",4.43e+23,7041544704.0,,,,,,256.0,,"NVIDIA A100 SXM4 80 GB,NVIDIA H100 SXM5 80GB",NVIDIA H100 / H800 / H200,Open weights (non-commercial),Yes,Open (non-commercial),Confident,Reported
all,GLA Transformer 1.3B,2024-08-27,MIT-IBM Watson AI Lab,"MIT-IBM Watson AI Lab,Massachusetts Institute of Technology (MIT)",Industry-academia collaboration,United States of America,Language,"Language modeling/generation,Question answering",7.8e+20,1300000000.0,100000000000.0,,,,,,,,,Open weights (unrestricted),Yes,Open source,Confident,Operation counting
all,GLA Transformer 340M,2024-08-27,MIT-IBM Watson AI Lab,"MIT-IBM Watson AI Lab,Massachusetts Institute of Technology (MIT)",Industry-academia collaboration,United States of America,Language,"Language modeling/generation,Question answering",3.06e+19,340000000.0,15000000000.0,,,,,,,,,Open weights (unrestricted),Yes,Open source,Confident,Operation counting
all,Bielik-11B-v2,2024-08-28,SpeakLeash,"SpeakLeash,Cyfronet AGH",Industry-academia collaboration,Poland,Language,"Language modeling/generation,Question answering",,11000000000.0,200000000000.0,,,,353193.7969199408,256.0,,NVIDIA GH200,NVIDIA GH200,Open weights (unrestricted),Yes,Unreleased,Confident,Operation counting
all,DrugFormer,2024-08-29,University of Florida,"University of Florida,University of Texas Health Science Center,H. Lee Moffitt Cancer Center and Research Institute",Academia,United States of America,Biology,Drug Sensitivity Prediction,,21660193.0,,,,,,,,,,,,,Likely,
all,GLM-4-Plus,2024-08-29,Z.ai (Zhipu AI),Z.ai (Zhipu AI),Industry,China,Language,Language modeling,,,,,,,,,,,,API access,No,Unreleased,Speculative,Benchmarks
all,Hairuo,2024-08-29,Inspur,Inspur,Industry,China,Language,"Language modeling/generation,Question answering",,,,,,,,,,,,Hosted access (no API),No,Unreleased,Unknown,
all,OPUS-Design,2024-08-29,Fudan University,"Fudan University,Shanghai AI Lab,Harcam Biomedicines",Academia,China,Biology,Protein design,,,,,,,2365.0843634177895,4.0,,NVIDIA V100,NVIDIA V100,Unreleased,No,Unreleased,Unknown,
all,HelixFold3,2024-08-30,Tecorigin LTD,"Tecorigin LTD,Tsinghua University,Baidu",Industry-academia collaboration,China,Biology,"Protein folding prediction,Protein interaction prediction,Protein nucleotide interaction prediction,RNA-Protein interaction prediction,Protein design,Drug discovery",,,,,,,,,,,,API access,No,Open (non-commercial),Unknown,
all,NV-Embed-v2,2024-08-30,NVIDIA,NVIDIA,Industry,United States of America,Language,"Language modeling/generation,Question answering",,7000000000.0,,,,,,,,,,Open weights (non-commercial),Yes,Unreleased,Likely,
all,RENNAISSANCE,2024-08-30,Ecole Polytechnique F´ed´erale de Lausanne (EPFL),"Ecole Polytechnique F´ed´erale de Lausanne (EPFL),University of Cambridge,Harvard Medical School",Academia,Multinational,Biology,Cell Biology,,,,,,,,,10.0,,,Open weights (unrestricted),Yes,Open source,Unknown,
all,Shuka-1,2024-08-30,Sarvam,Sarvam,Industry,India,Speech,"Speech recognition (ASR),Speech-to-text",,9560000000.0,,,,,,,,,,Open weights (restricted use),Yes,Unreleased,Confident,
all,MiniMax Video-01,2024-08-31,MiniMax,MiniMax,Industry,China,Video,"Video generation,Text-to-video,Image-to-video",,,,,,,,,,,,API access,No,Unreleased,Unknown,
all,Moonshot-v1,2024-09-01,Moonshot,Moonshot,Industry,China,Language,Language modeling/generation,,,,,,,,,,,,,,,Unknown,
all,Alphaflow,2024-09-02,Massachusetts Institute of Technology (MIT),Massachusetts Institute of Technology (MIT),Academia,United States of America,Biology,Protein folding prediction,1.64975616e+21,,,,,,6306.329858756263,8.0,237.0,NVIDIA A100,NVIDIA A100 / A800,Open weights (unrestricted),Yes,Open source,Confident,Hardware
all,ChatMol,2024-09-02,Tsinghua University,"Tsinghua University,PingAn Technology,Beijing University of Posts and Telecommunications",Industry-academia collaboration,China,Biology,Drug discovery,,,,,,,,,13.0,,,Open weights (non-commercial),Yes,Open (non-commercial),Speculative,
all,DTI-LM,2024-09-02,University of Central Florida,University of Central Florida,Academia,United States of America,Biology,Protein-ligand binding affinity prediction,,,6041.0,,,,,,,,,,,,Confident,
all,ESMFlow,2024-09-02,Massachusetts Institute of Technology (MIT),Massachusetts Institute of Technology (MIT),Academia,United States of America,Biology,Protein folding prediction,7.6197888e+20,,552960000.0,,,,6306.329858756263,8.0,237.0,NVIDIA A100,NVIDIA A100 / A800,Open weights (unrestricted),Yes,Open source,Confident,Reported
all,ParetoDrug,2024-09-02,Chinese University of Hong Kong (CUHK),"Chinese University of Hong Kong (CUHK),Zhejiang Lab,Zhejiang University (ZJU),Huawei Noah's Ark Lab",Industry-academia collaboration,Multinational,Biology,Drug discovery,,,,,,,,,1.0,,,Open weights (unrestricted),Yes,Open source,Unknown,
all,DrugCLIP,2024-09-03,Tsinghua University,"Tsinghua University,Tsinghua-Peiking Center for Life Sciences,Peking University,Beijing Academy of Artificial Intelligence / BAAI",Industry-academia collaboration,China,Biology,"Molecular screening,Drug discovery",,,,,,,,,3.0,,,,,,Confident,Hardware
all,OLMoE,2024-09-03,Allen Institute for AI,"Allen Institute for AI,Contextual AI,University of Washington,Princeton University",Industry-academia collaboration,United States of America,Language,"Language modeling/generation,Chat",5.1741608015e+22,7000000000.0,,,287.0,11.958333333333334,353146.6076498626,256.0,,NVIDIA H100 SXM5 80GB,NVIDIA H100 / H800 / H200,Open weights (unrestricted),Yes,Open source,Confident,"Operation counting,Hardware"
all,CHIEF,2024-09-04,Harvard Medical School,"Harvard Medical School,Massachusetts Institute of Technology (MIT),Sichuan University,Sun Yat-sen University,Shenzhen Maternity & Child Healthcare Hospital,Chongqing University Cancer Hospital,Harvard University,University of Pennsylvania,Cedars-Sinai Medical Center,Broad Institute,Dana-Farber Cancer Institute,Brigham and Women's Hospital,Tencent,Massachusettes General Hospital,Pennsylvania State University,Jinan University,Stanford University",Industry-academia collaboration,Multinational,Biology,"Cancer diagnosis,Image classification,Object detection",,,,,,,,,,,,Open weights (non-commercial),Yes,Open (non-commercial),Likely,
all,Integrating Deep Learning and Synthetic Biology: A Co-Design Approach for Enhancing Gene Expression via N-Terminal Coding Sequences,2024-09-04,National University of Singapore,"National University of Singapore,Jiangnan University",Academia,Multinational,Biology,Gene expression enhancement,,,133.0,,,,,,,,,,,,Confident,
all,MolMVC,2024-09-04,Central South University,"Central South University,Singapore Agency for Science",Industry-academia collaboration,Multinational,Biology,Molecular representation learning,,,,,,,,,,,,Open weights (non-commercial),Yes,Open (non-commercial),Confident,
all,AlphaProteo,2024-09-05,Google DeepMind,Google DeepMind,Industry,United States of America,Biology,"Protein generation,Proteins",,,,,,,,,,,,Unreleased,No,Unreleased,Unknown,
all,EnOpt,2024-09-05,University of Pittsburgh,University of Pittsburgh,Academia,United States of America,Biology,Protein-ligand binding affinity prediction,,,,,,,,,,,,,,,Unknown,
all,Harrison.rad.1,2024-09-05,Harrison.ai,Harrison.ai,Industry,Australia,Multimodal,"Visual question answering,Medical diagnosis",,,,,,,,,,,,Unreleased,No,Unreleased,Unknown,
all,Hunyuan Turbo,2024-09-05,Tencent,Tencent,Industry,China,Language,"Language modeling/generation,Question answering",,,,,,,,,,,,API access,No,Unreleased,Unknown,
all,Xinchen Lingo,2024-09-05,West Lake Xinchen / Xinchen AI / 西湖心辰（杭州）科技有限公司,West Lake Xinchen / Xinchen AI / 西湖心辰（杭州）科技有限公司,Industry,China,Speech,Speech recognition (ASR),,,,,,,,,,,,,,,Unknown,
all,µFormer,2024-09-05,Microsoft Research AI for Science,Microsoft Research AI for Science,Industry,United States of America,Biology,Protein design,,670000000.0,1350000000.0,,,,,,,,,,,,Confident,
all,DeepSeek-V2.5,2024-09-06,DeepSeek,DeepSeek,Industry,China,Language,"Language modeling/generation,Chat,Code generation",1.7892e+24,236000000000.0,,,,,,,,,,Open weights (restricted use),Yes,Unreleased,Confident,Operation counting
all,GearBind,2024-09-06,BioGeometry,"BioGeometry,Mila - Quebec AI (originally Montreal Institute for Learning Algorithms),University of Montreal / Université de Montréal,Fudan University,HEC Montreal",Industry-academia collaboration,Multinational,Biology,Protein design,,,,,,,,,4.0,,,Open weights (unrestricted),Yes,Open source,Likely,
all,MiniCPM3.0,2024-09-06,Mianbi Intelligence,Mianbi Intelligence,Industry,China,Language,,,4000000000.0,,,,,,,,,,,,,Confident,
all,ProtSSN,2024-09-06,Shanghai Jiao Tong University,"Shanghai Jiao Tong University,East China University of Science and Technology,Shanghai AI Lab",Academia,China,Biology,Protein design,,1467000000.0,,,,,433.0884705886819,1.0,7.0,NVIDIA A100,NVIDIA A100 / A800,,,,Likely,
all,SAAMBE-MEM,2024-09-06,Clemson University,"Clemson University,Central China Normal University",Academia,Multinational,Biology,"Mutation prediction,Protein protein binding affinity prediction",,,,,,,,,,,,Hosted access (no API),No,Unreleased,Confident,
all,xLAM-8x22B,2024-09-06,Salesforce,Salesforce,Industry,United States of America,Language,Language modeling/generation,,141000000000.0,,,,,,,,,,Open weights (restricted use),Yes,,Confident,
all,Aristotle,2024-09-07,Harmonic,Harmonic,Industry,United States of America,Language,Mathematical reasoning,,,,,,,,,,,,API access,No,Unreleased,Unknown,
all,DDGemb,2024-09-07,University of Bologna,University of Bologna,Academia,Italy,Biology,"Mutation prediction,Protein stability prediction",,,4900.0,,,,709.3831171323475,2.0,,AMD EPYC 7413,AMD Instinct / Radeon,,,,Confident,
all,ESM-DBP,2024-09-07,Hunan University,Hunan University,Academia,China,Biology,Protein or nucleotide language model (pLM/nLM),,650000000.0,7661880.0,,72.0,3.0,,4.0,,,,,,,Confident,
all,MPDF,2024-09-07,Chinese University of Hong Kong (CUHK),"Chinese University of Hong Kong (CUHK),Lanzhou University,Zhejiang Lab,Zhejiang University (ZJU)",Academia,Multinational,Biology,Drug discovery,3.074112e+17,,,,6.0,0.25,378.94397282710867,1.0,2.0,NVIDIA GeForce RTX 3090,NVIDIA consumer / workstation GPU,Unreleased,No,Unreleased,Confident,Hardware
all,ALOHA Unleashed,2024-09-08,Google DeepMind,Google DeepMind,Industry,United States of America,Robotics,Robotic manipulation,3.6084096e+21,217000000.0,,,265.0,11.041666666666666,28374.692791689387,64.0,,Google TPU v5e,Google TPU v5,Unreleased,No,Unreleased,Confident,Hardware
all,RiboCode,2024-09-08,Sun Yat-sen University,"Sun Yat-sen University,Rhegen Biotechnology,Chinese Academy of Sciences",Industry-academia collaboration,China,Biology,RNA design,,,,,,,,,,,,,,,Confident,
all,AbGPT,2024-09-09,Carnegie Mellon University (CMU),Carnegie Mellon University (CMU),Academia,United States of America,Biology,Protein design,4.2506168e+21,734000000.0,6840000000.0,,,,,,,NVIDIA RTX A6000,NVIDIA consumer / workstation GPU,Unreleased,No,Unreleased,Confident,
all,BetterBodies,2024-09-09,University of Freiburg,"University of Freiburg,Collaborative Research Institute Intelligent Oncology ,BrainLinks-BrainTools",Industry-academia collaboration,Germany,Biology,Protein design,,,30283.0,,,,,,,,,,,,Confident,
all,DiffForce,2024-09-09,University of Cambridge,"University of Cambridge,Shanghai Jiao Tong University,University of New South Wales",Academia,Multinational,Biology,Protein design,,,,,,,,,14.0,,,,,,Unknown,
all,ESMIF-DDG,2024-09-09,Peptone,Peptone,Industry,United Kingdom of Great Britain and Northern Ireland,Biology,Protein inverse folding,,,,,,,,,,,,,,,Unknown,
all,EpiScan,2024-09-09,Sun Yat-sen University,"Sun Yat-sen University,Guangzhou National Laboratory",Industry-academia collaboration,China,Biology,Antibody epitope prediction,,288915.0,,,,,270.66221108207975,1.0,,NVIDIA GeForce RTX 2080 Ti 11GB,NVIDIA consumer / workstation GPU,,,,Confident,
all,MMAPLE,2024-09-09,City University of New York,"City University of New York,Cornell University",Academia,United States of America,Biology,Protein-ligand binding affinity prediction,,,,,,,,,,,,Open weights (unrestricted),Yes,Open source,Confident,
all,PDFII,2024-09-09,Sichuan University,Sichuan University,Academia,China,Biology,Protein function prediction,,,,,,,,,,,,,,,Unknown,
all,ProteinMPNN-DDG,2024-09-09,Peptone,Peptone,Industry,United Kingdom of Great Britain and Northern Ireland,Biology,Protein inverse folding,,,,,,,,,,,,,,,Unknown,
all,VespaG,2024-09-09,Technical University of Munich,"Technical University of Munich,Sorbonne University,Institute for Advanced Study,Université Paris Cité,Institut Universitaire de France (IUF)",Industry-academia collaboration,Multinational,Biology,"Protein property prediction,Protein or nucleotide language model (pLM/nLM)",,660000.0,,,,,,,,,,,,,Confident,
all,CPDiffusion,2024-09-10,Shanghai Jiao Tong University,"Shanghai Jiao Tong University,University of New South Wales,University of Cambridge,Shanghai AI Lab",Academia,Multinational,Biology,Protein design,,4000000.0,6207900.0,,,,,,1.0,,,,,,Confident,
all,GenMS,2024-09-10,Google DeepMind,Google DeepMind,Industry,United States of America,Materials science,Crystal discovery,,,,,,,42875.40389278385,64.0,,Google TPU v4,Google TPU v4,Unreleased,No,Unreleased,Unknown,
all,KinoML,2024-09-10,Charité-Universitätsmedizin Berlin,"Charité-Universitätsmedizin Berlin,Saarland University,Memorial Sloan Kettering Cancer Center",Academia,Multinational,Biology,"Drug discovery,Protein-ligand binding affinity prediction",,,,,,,,,,,,Unreleased,No,Open source,Confident,
all,MolPhenix,2024-09-10,Valence Labs,"Valence Labs,University of British Columbia (UBC),Vector Institute,University of Toronto,University of Montreal / Université de Montréal,Mila - Quebec AI (originally Montreal Institute for Learning Algorithms)",Industry-academia collaboration,Canada,Biology,Cell Biology,4.26816e+18,38700000.0,,,9.5,0.3958333333333333,433.0498938750792,1.0,,NVIDIA A100,NVIDIA A100 / A800,,,,Confident,Hardware
all,Automated design of multi-target ligands by generative deep learning,2024-09-11,Goethe University Frankfurt,"Goethe University Frankfurt,Fraunhofer Institute for Translational Medicine and Pharmacology,Ludwig Maximilian University of Munich",Academia,Germany,Biology,Drug discovery,,5820515.0,,,,,,,,,,,,Open source,Confident,
all,EVI 2,2024-09-11,Hume,Hume,Industry,United States of America,Speech,"Text-to-speech (TTS),Speech synthesis,Speech-to-text,Speech recognition (ASR),Audio question answering,Speech-to-speech",,,,,,,,,,,,API access,No,Unreleased,Unknown,
all,Galaxy (星汉Galaxy大模型),2024-09-11,Dahan Software / Hanweb,Dahan Software / Hanweb,Industry,China,Multimodal,"Text summarization,Transcription,Chat,Question answering,Language modeling/generation,Speech recognition (ASR),Image captioning,Image classification,Video description,Retrieval-augmented generation",,32000000000.0,,,,,,,,,,,,,Confident,
all,Solar Pro,2024-09-11,Upstage,Upstage,Industry,Korea (Republic of),Language,"Language modeling/generation,Question answering,Translation",,22000000000.0,,,,,,,,,,API access,No,Unreleased,Confident,
all,4D Diffusion for Dynamic Protein Structure Prediction with Reference Guided Motion Alignment,2024-09-12,Fudan University,"Fudan University,Shanghai Academy of Artificial Intelligence for Science,Nanjing University",Academia,China,Biology,Protein folding prediction,,,,,,,433.0306068068584,1.0,,NVIDIA A100,NVIDIA A100 / A800,Unreleased,No,Unreleased,Confident,Hardware
all,DataGemma,2024-09-12,Google,Google,Industry,United States of America,Language,Language modeling/generation,,27200000000.0,,,,,,,,Google TPU v5e,Google TPU v5,Open weights (restricted use),Yes,,Confident,
all,Demostart (in progress),2024-09-12,Google DeepMind,Google DeepMind,Industry,United States of America,Robotics,Robotic manipulation,,,,,,,,,,,,Unreleased,No,Unreleased,Unknown,
all,E2 TTS,2024-09-12,Microsoft,Microsoft,Industry,United States of America,Speech,"Text-to-speech (TTS),Speech synthesis",4.939776e+20,335000000.0,245760000000.0,,,,,,,,,Unreleased,No,Unreleased,Confident,Operation counting
all,o1-mini,2024-09-12,OpenAI,OpenAI,Industry,United States of America,Language,"Code generation,Language modeling/generation,Quantitative reasoning,Chat,Question answering,Translation",,,,,,,,,,,,API access,No,Unreleased,Unknown,
all,o1-preview,2024-09-12,OpenAI,OpenAI,Industry,United States of America,Language,"Code generation,Language modeling/generation,Quantitative reasoning,Chat,Question answering,Translation",,,,,,,,,,,,API access,No,Unreleased,Unknown,
all,CodonTransformer,2024-09-13,Vector Institute,"Vector Institute,University of Toronto,Université Paris Cité",Academia,Multinational,Biology,Codon optimization,,89600000.0,45053865.0,,,,9457.1778449121,16.0,,NVIDIA V100,NVIDIA V100,,,,Confident,
all,IDPFold,2024-09-13,Shandong University,"Shandong University,BioMap Research,Fuzhou University,Shanghai Jiao Tong University",Industry-academia collaboration,China,Biology,Protein folding prediction,2.59999999999998e+20,17800000.0,30928500.0,,,,,,,NVIDIA A100,NVIDIA A100 / A800,,,,Likely,Hardware
all,JURA Bio Model,2024-09-13,JURA Bio,"JURA Bio,New York University (NYU),Harvard Medical School,Columbia University",Industry-academia collaboration,United States of America,Biology,"Protein generation,Proteins,Protein or nucleotide language model (pLM/nLM)",,,4395000000.0,,,,,,,,,,,,Confident,
all,Novae,2024-09-13,CentraleSupelec,"CentraleSupelec,Gustave Roussy,Université Paris Cité",Academia,France,Biology,Spatial Transcriptomics,1.1e+19,32000000.0,,,24.0,1.0,433.0209635948764,1.0,,NVIDIA A100 SXM4 40 GB,NVIDIA A100 / A800,Open weights (non-commercial),Yes,Open source,Confident,Hardware
all,Text2Protein,2024-09-13,University of California San Diego,"University of California San Diego,Brown University",Academia,United States of America,Biology,Protein design,5.500000000000003e+19,,,,240.0,10.0,,,,NVIDIA GeForce RTX 3090,NVIDIA consumer / workstation GPU,,,,Confident,Hardware
all,YOLOv8 (reCAPTCHA fine-tuned),2024-09-13,ETH Zurich,ETH Zurich,Academia,Switzerland,Vision,"Image classification,Image segmentation",,,,,,,,,,,,,,Open (non-commercial),Confident,
all,LEGO,2024-09-14,Chinese Academy of Sciences,"Chinese Academy of Sciences,Beijing Academy of Artificial Intelligence / BAAI,University of Chinese Academy of Sciences",Academia,China,Biology,Protein-ligand binding affinity prediction,,,,,,,,,,,,Unreleased,No,Unreleased,Unknown,
all,MolSnapper,2024-09-14,University of Oxford,University of Oxford,Academia,United Kingdom of Great Britain and Northern Ireland,Biology,Drug discovery,,,,,,,,,,,,,,,Unknown,
all,NeoaPred,2024-09-14,South China University of Technology,"South China University of Technology,Jinan University",Academia,China,Biology,Immunogenic Neoantigen Prediction,,,,,,,,,,,,,,,Confident,
all,PLTNUM,2024-09-14,Kyoto University,"Kyoto University,National Institute of Biomedical Innovation,RIKEN",Industry-academia collaboration,Japan,Biology,Protein property prediction,,650000000.0,,,,,,,,,,,,,Confident,
all,ProtRNA,2024-09-14,Fudan University,"Fudan University,Shanghai AI Lab",Academia,China,Biology,"RNA structure prediction,RNA-Protein interaction prediction,Mean ribosome load prediction",,650000000.0,,,,,2364.241810463115,4.0,2.0,NVIDIA V100,NVIDIA V100,Open weights (unrestricted),Yes,Unreleased,Confident,
all,Luma Ray 1.6,2024-09-15,LumaLabs,LumaLabs,Industry,United States of America,Video,"Video generation,Text-to-video,Image-to-video",,,,,,,,,,,,API access,No,Unreleased,Unknown,
all,RNAdiffusion,2024-09-15,Princeton University,"Princeton University,Tsinghua University,Stanford University",Academia,Multinational,Biology,RNA sequence generation,2.481192e+19,,,,34.5,1.4375,,1.0,9.0,"NVIDIA H100 PCIe,NVIDIA A100",NVIDIA H100 / H800 / H200,,,,Likely,Hardware
all,UdanDTI,2024-09-15,Tsinghua University,Tsinghua University,Academia,China,Biology,"Protein-ligand contact prediction,Drug discovery",,,,,,,324.75125836135885,1.0,,NVIDIA A40 PCIe,NVIDIA A40 PCIe,,,,Confident,Hardware
all,DeepUrfold,2024-09-16,University of Virginia,University of Virginia,Academia,United States of America,Biology,Protein folding prediction,,110000000.0,,,,,,,,NVIDIA RTX A6000,NVIDIA consumer / workstation GPU,,,,Confident,
all,Ovis1.6-Gemma2-9B,2024-09-16,Alibaba,Alibaba,Industry,China,Multimodal,"Language modeling/generation,Visual question answering",,10200000000.0,,,,,,,,,,Open weights (unrestricted),Yes,,Confident,
all,Playground v3,2024-09-16,Playground,Playground,Industry,United States of America,Image generation,"Text-to-image,Image generation",,,,,,,,,,,,Unreleased,No,Unreleased,Unknown,
all,RNA language models predict mutations that improve RNA function,2024-09-16,NERSC,"NERSC, Lawrence Berkeley National Laboratory,University of California San Francisco,University of California (UC) Berkeley",Industry-academia collaboration,United States of America,Biology,Mutation prediction,,,,,,,,,12.0,,,,,,Confident,
all,1X World Model,2024-09-17,1X,1X,Industry,United States of America,Robotics,"Robotic manipulation,Video generation,Animal (human/non-human) imitation",,,,,,,,,,,,Unreleased,No,Unreleased,Unknown,
all,AminoAcid-0,2024-09-17,Ginkgo Bioworks,Ginkgo Bioworks,Industry,United States of America,Biology,Protein or nucleotide language model (pLM/nLM),,,,,,,,,,,,API access,No,Unreleased,Likely,
all,DeepRelax,2024-09-17,National University of Singapore,"National University of Singapore,Sun Yat-sen University,Peking University,China Medical University Hospital,Asia university,Guangdong L-Med Biotechnology Company",Industry-academia collaboration,Multinational,Biology,Protein folding prediction,,,,,,,,,,,,,,,Unknown,
all,Mistral Small v24.09,2024-09-17,Mistral AI,Mistral AI,Industry,France,Language,"Language modeling/generation,Question answering",,22000000000.0,,,,,,,,,,Open weights (non-commercial),Yes,Unreleased,Confident,
all,OmniGen,2024-09-17,Beijing Academy of Artificial Intelligence / BAAI,Beijing Academy of Artificial Intelligence / BAAI,Academia,China,Image generation,Image generation,,3800000000.0,,,,,51221.81707940268,104.0,,NVIDIA A800 PCIe 40 GB,NVIDIA A100 / A800,Open weights (unrestricted),Yes,Open source,Confident,
all,Pixtral 12B,2024-09-17,Mistral AI,Mistral AI,Industry,France,Multimodal,"Language modeling/generation,Question answering,Visual question answering,Code generation",,12400000000.0,,,,,,,,,,Open weights (unrestricted),Yes,Unreleased,Confident,
all,ProTeM,2024-09-17,Zhejiang Lab,"Zhejiang Lab,Zhejiang University (ZJU),Huazhong University of Science and Technology,Mohamed bin Zayed University of Artificial Intelligence (MBZUAI)",Academia,Multinational,Biology,Protein function prediction,,,,,,,,,,,,,,,Confident,
all,Qwen2.5-32B,2024-09-17,Alibaba,Alibaba,Industry,China,Language,"Language modeling/generation,Question answering,Quantitative reasoning",3.51e+24,32500000000.0,18000000000000.0,,,,,,,,,Open weights (unrestricted),Yes,Unreleased,Confident,Operation counting
all,AtomFlow,2024-09-18,Peking University,"Peking University,Chinese University of Hong Kong (CUHK),Mila - Quebec AI (originally Montreal Institute for Learning Algorithms),University of Montreal / Université de Montréal,HEC Montreal,CIFAR AI Research",Industry-academia collaboration,Multinational,Biology,Protein generation,,,,,,,8865.1170717303,10.0,4.0,NVIDIA GeForce RTX 4090,NVIDIA consumer / workstation GPU,,,,Unknown,
all,GraphEC,2024-09-18,Sun Yat-sen University,"Sun Yat-sen University,National Supercomputing Center in Shenzhen,Chongqing University,Key Laboratory of Machine Intelligence and Advanced Computing",Industry-academia collaboration,China,Biology,Enzyme function prediction,,,74487.0,,,,,,,,,,,,Confident,
all,ProtENN2,2024-09-18,European Bioinformatics Institute,"European Bioinformatics Institute,University of Cambridge,Google Research",Industry-academia collaboration,Multinational,Biology,Protein classification,,,,,,,,,,,,Unreleased,No,Unreleased,Confident,
all,Qwen2-VL-2B,2024-09-18,Alibaba,Alibaba,Industry,China,Multimodal,"Visual question answering,Video description,Language modeling/generation,Translation,Question answering,Character recognition (OCR),Quantitative reasoning",1.68e+22,2000000000.0,1400000000000.0,,,,,,,,,Open weights (unrestricted),Yes,Unreleased,Confident,Operation counting
all,Qwen2-VL-72B,2024-09-18,Alibaba,Alibaba,Industry,China,Multimodal,"Visual question answering,Video description,Language modeling/generation,Translation,Question answering,Character recognition (OCR),Quantitative reasoning",6.048e+23,72000000000.0,1400000000000.0,,,,,,,,,Open weights (restricted use),Yes,Unreleased,Confident,Operation counting
all,Qwen2-VL-7B,2024-09-18,Alibaba,Alibaba,Industry,China,Multimodal,"Visual question answering,Video description,Language modeling/generation,Translation,Question answering,Character recognition (OCR),Quantitative reasoning",6.72e+22,8000000000.0,,,,,,,,,,Open weights (unrestricted),Yes,Unreleased,Confident,Operation counting
all,Qwen2.5-Coder (1.5B),2024-09-18,Alibaba,Alibaba,Industry,China,Language,"Code generation,Code autocompletion,Quantitative reasoning,Question answering,Language modeling/generation",5.082e+22,1540000000.0,,,,,,,,,,Open weights (unrestricted),Yes,Unreleased,Confident,Operation counting
all,Qwen2.5-Coder (7B),2024-09-18,Alibaba,Alibaba,Industry,China,Language,"Code generation,Code autocompletion,Quantitative reasoning,Question answering,Language modeling/generation",2.5113e+23,7610000000.0,,,,,,,,,,Open weights (unrestricted),Yes,Unreleased,Confident,Operation counting
all,RoseTTAFold2-Lite,2024-09-18,University of Washington,"University of Washington,University of Texas Southwest Medical Center,Seoul National University,Massachusettes General Hospital,Harvard Medical School,Broad Institute",Industry-academia collaboration,Multinational,Biology,Protein interaction prediction,,,,,,,,,1.0,,,,,,Unknown,
all,Whale Bioacoustics Model,2024-09-18,Google Research,"Google Research,National Oceanic and Atmospheric Administration (NOAA),Oregon State University",Industry-academia collaboration,United States of America,Audio,Audio classification,,,,,,,,,,,,Open weights (non-commercial),Yes,Open source,Unknown,
all,EITLEM-Kinetics,2024-09-19,Beijing University of Chemical Technology,Beijing University of Chemical Technology,Academia,China,Biology,Mutation prediction,,,34429.0,,,,,,,,,Open weights (unrestricted),Yes,Open source,Confident,
all,GeoSeqBuilder,2024-09-19,Peking University,Peking University,Academia,China,Biology,"Protein design,Protein generation",6.480000000000066e+18,,35250000.0,,30.0,1.25,178.59728239339805,1.0,1.0,NVIDIA A30 PCIe,NVIDIA A30 PCIe,Open weights (non-commercial),Yes,Unreleased,Confident,Hardware
all,McMLP,2024-09-19,Harvard Medical School,"Harvard Medical School,University of Illinois Urbana-Champaign (UIUC),Harvard TH Chan School of Public Health",Academia,United States of America,Biology,Human physiology,,,,,,,,,,,,Unreleased,No,Open source,Confident,
all,Oryx 34B,2024-09-19,Tsinghua University,"Tsinghua University,Tencent,Nanyang Technological University",Industry-academia collaboration,Multinational,Multimodal,"Visual question answering,Video compression,Image captioning,Video description,Language modeling/generation",,34000000000.0,,,,,50431.54291680728,64.0,161.0,NVIDIA A800 SXM,NVIDIA A100 / A800,Open weights (unrestricted),Yes,Open source,Confident,
all,Oryx 7B,2024-09-19,Tsinghua University,"Tsinghua University,Tencent,Nanyang Technological University",Industry-academia collaboration,Multinational,Multimodal,"Visual question answering,Video compression,Image captioning",,7000000000.0,,,,,50431.54291680728,64.0,161.0,NVIDIA A100,NVIDIA A100 / A800,Open weights (unrestricted),Yes,Open source,Confident,
all,Qwen2.5 Instruct (32B),2024-09-19,Alibaba,Alibaba,Industry,China,Language,"Code generation,Code autocompletion,Quantitative reasoning,Question answering,Language modeling/generation",,32500000000.0,,,,,,,,,,Open weights (unrestricted),Yes,Unreleased,Confident,
all,Qwen2.5 Instruct (72B),2024-09-19,Alibaba,Alibaba,Industry,China,Language,"Code generation,Code autocompletion,Quantitative reasoning,Question answering,Language modeling/generation",7.8516e+24,72700000000.0,,,,,,,,,,Open weights (restricted use),Yes,Unreleased,Confident,
all,Qwen2.5 Instruct (7B),2024-09-19,Alibaba,Alibaba,Industry,China,Language,"Code generation,Code autocompletion,Quantitative reasoning,Question answering,Language modeling/generation",,7610000000.0,,,,,,,,,,Open weights (unrestricted),Yes,Unreleased,Confident,
all,Qwen2.5-1.5B,2024-09-19,Alibaba,Alibaba,Industry,China,Language,"Language modeling/generation,Question answering,Quantitative reasoning",1.6632e+23,1540000000.0,,,,,,,,,,Open weights (unrestricted),Yes,Unreleased,Confident,Operation counting
all,Qwen2.5-14B,2024-09-19,Alibaba,Alibaba,Industry,China,Language,"Language modeling/generation,Question answering,Quantitative reasoning",1.58760000000001e+24,14700000000.0,,,,,,,,,,Open weights (unrestricted),Yes,Unreleased,Confident,Operation counting
all,Qwen2.5-3B,2024-09-19,Alibaba,Alibaba,Industry,China,Language,"Language modeling/generation,Question answering,Quantitative reasoning",3.3372e+23,3090000000.0,,,,,,,,,,Open weights (non-commercial),Yes,Unreleased,Confident,Operation counting
all,Qwen2.5-72B,2024-09-19,Alibaba,Alibaba,Industry,China,Language,"Language modeling/generation,Question answering,Quantitative reasoning",7.8e+24,72700000000.0,18000000000000.0,,,,,,,,,Open weights (unrestricted),Yes,Unreleased,Confident,Operation counting
all,Qwen2.5-7B,2024-09-19,Alibaba,Alibaba,Industry,China,Language,"Language modeling/generation,Question answering,Quantitative reasoning",8.2188e+23,7610000000.0,,,,,,,,,,Open weights (unrestricted),Yes,Unreleased,Confident,Operation counting
all,Qwen2.5-Math-1.5B,2024-09-19,Alibaba,Alibaba,Industry,China,Language,"Language modeling/generation,Quantitative reasoning,Mathematical reasoning",1.7532e+23,1500000000.0,,,,,,,,,,Open weights (unrestricted),Yes,Unreleased,Confident,Operation counting
all,Qwen2.5-Math-7B-Base,2024-09-19,Alibaba,Alibaba,Industry,China,Language,"Language modeling/generation,Quantitative reasoning,Question answering",8.6388e+23,7000000000.0,,,,,,,,,,Open weights (unrestricted),Yes,Unreleased,Confident,Operation counting
all,pKALM,2024-09-19,Hokkaido University,Hokkaido University,Academia,Japan,Biology,Protein property prediction,,5083905.0,,,,,1772.983930669006,2.0,,NVIDIA GeForce RTX 3090 Ti,NVIDIA consumer / workstation GPU,,,,Speculative,Operation counting
all,ExSelfRL,2024-09-20,Soochow University,Soochow University,Academia,Taiwan,Biology,Drug discovery,,,,,,,,,,,,,,,Confident,
all,Prithvi WxC,2024-09-20,IBM Research,"IBM Research,University of Alabama,Stanford University,Colorado State University,Oak Ridge National Laboratory,NASA",Industry-academia collaboration,United States of America,Earth science,Weather forecasting,7.15e+19,2300000000.0,,,,,50430.41985055912,64.0,38.0,NVIDIA A100,NVIDIA A100 / A800,Open weights (unrestricted),Yes,Unreleased,Confident,Operation counting
all,Telechat2-115B,2024-09-20,China Telecom,China Telecom,Industry,China,Language,"Language modeling/generation,Question answering,Quantitative reasoning,Chat,Text summarization,Code generation",6.899999999999999e+24,115000000000.0,10000000000000.0,,,,,,,,,Open weights (restricted use),Yes,Open (restricted use),Confident,Operation counting
all,PepINVENT,2024-09-21,AstraZeneca,"AstraZeneca,Chalmers University of Technology",Industry-academia collaboration,Multinational,Biology,"Protein generation,Protein design",,,,,,,,,17.0,NVIDIA V100,NVIDIA V100,Open weights (unrestricted),Yes,Open source,Confident,Hardware
all,BTFBS,2024-09-22,Nanjing Agricultural University,Nanjing Agricultural University,Academia,China,Biology,Protein-DNA binding prediction,,,10333.0,,,,,,,,,,,,Likely,
all,IgGM,2024-09-22,Chinese Academy of Sciences,"Chinese Academy of Sciences,University of Chinese Academy of Sciences,Tencent",Industry-academia collaboration,China,Biology,Protein design,8.599999999999978e+20,,15506880.0,,240.0,10.0,6303.521724136415,8.0,,NVIDIA A100,NVIDIA A100 / A800,Open weights (non-commercial),Yes,Unreleased,Likely,Hardware
all,Kling 1.5 Pro,2024-09-22,Kuaishou Technology,Kuaishou Technology,Industry,China,Video,"Video generation,Text-to-video,Image-to-video",,,,,,,,,,,,API access,No,Unreleased,Unknown,
all,Kongtian Lingmou 3.0,2024-09-22,,,,,,,,10000000000.0,,,,,,,,,,,,,Confident,
all,MoEFold2D,2024-09-22,George Washington University,George Washington University,Academia,United States of America,Biology,RNA structure prediction,,960000.0,,,,,,,,,,Open weights (unrestricted),Yes,Open source,Confident,
all,AMPLIFY,2024-09-23,Chandar Research Lab,"Chandar Research Lab,Mila - Quebec AI (originally Montreal Institute for Learning Algorithms),Amgen,Polytechnique Montreal,CIFAR AI Research",Industry-academia collaboration,Multinational,Biology,Protein or nucleotide language model (pLM/nLM),1.1000000000000008e+22,350000000.0,,,,,,,24.0,NVIDIA A100,NVIDIA A100 / A800,Open weights (unrestricted),Yes,Open source,Confident,Hardware
all,PocketGen,2024-09-23,University of Science and Technology of China (USTC),"University of Science and Technology of China (USTC),Hefei Comprehensive National Science Center,Harvard University,Broad Institute,Harvard Data Science Initiative",Industry-academia collaboration,Multinational,Biology,Protein-ligand contact prediction,2.1e+19,7900000.0,,,48.0,2.0,432.9245432852901,1.0,15.0,NVIDIA A100,NVIDIA A100 / A800,,,,Confident,Hardware
all,PreAlgPro,2024-09-23,Shanghai Ocean University,Shanghai Ocean University,Academia,China,Biology,Allergenic Protein Prediction,,,,,,,,,,,,,,,Confident,
all,ProteinSetTransformer,2024-09-23,University of Wisconsin Madison,University of Wisconsin Madison,Academia,United States of America,Biology,Protein or nucleotide language model (pLM/nLM),1.6500000000000016e+19,,,,,,,,,NVIDIA A100,NVIDIA A100 / A800,,,,Confident,Hardware
all,Spark 4.0,2024-09-23,iFlytek,iFlytek,Industry,China,Language,Language modeling,,,,,,,,,,,,Unreleased,No,,Unknown,
all,TAWFN,2024-09-23,Northeastern University (China),Northeastern University (China),Academia,China,Biology,Protein function prediction,3.5000000000000287e+18,,,,,,378.8089753746288,1.0,,NVIDIA GeForce RTX 3090,NVIDIA consumer / workstation GPU,,,,Confident,Hardware
all,AFP-Deep,2024-09-24,Nanjing University,"Nanjing University,Yangzhou University",Academia,China,Biology,"Protein design,Protein property prediction",,,,,,,,,,,,,,,Confident,
all,AlphaMut,2024-09-24,Indian Institute of Science Education and Research,Indian Institute of Science Education and Research,Government,India,Biology,Mutation prediction,,,,,,,,,,,,,,,Confident,
all,ByteDance Seaweed,2024-09-24,ByteDance,ByteDance,Industry,China,Video,"Video generation,Text-to-video",5.75e+22,,,,,,,,,,,Hosted access (no API),No,,Likely,
all,DrugTar,2024-09-24,Isfahan University of Technology,Isfahan University of Technology,Academia,Iran (Islamic Republic of),Biology,"Protein property prediction,Drug discovery",,650000000.0,4068.0,,,,,,,,,,,,Likely,
all,Importance of higher-order epistasis in large protein sequence-function relationships,2024-09-24,University of Florida,University of Florida,Academia,United States of America,Biology,Protein function prediction,,,165428.0,,,,432.9149024352496,1.0,,NVIDIA A100,NVIDIA A100 / A800,,,,Confident,
all,Jaeger,2024-09-24,University Medicine Greifswald,"University Medicine Greifswald,Utrecht University,Friedrich Schiller University Jena",Academia,Multinational,Biology,Bacteriophage screening,,943964.0,2112162.0,,,,3151.620489728617,4.0,,NVIDIA A100,NVIDIA A100 / A800,,,,Confident,
all,Llama 3.2 11B,2024-09-24,Meta AI,Meta AI,Industry,United States of America,Multimodal,"Visual question answering,Image captioning,Object detection",5.79e+23,10600000000.0,,,,,,,,NVIDIA H100 SXM5 80GB,NVIDIA H100 / H800 / H200,Open weights (restricted use),Yes,Unreleased,Confident,Hardware
all,Llama 3.2 1B,2024-09-24,Meta AI,Meta AI,Industry,United States of America,Language,"Language modeling/generation,Text summarization,Question answering,Quantitative reasoning,Translation",6.642e+22,1230000000.0,9000000000000.0,,,,,,,NVIDIA H100 SXM5 80GB,NVIDIA H100 / H800 / H200,Open weights (restricted use),Yes,Unreleased,Confident,"Operation counting,Hardware"
all,Llama 3.2 3B,2024-09-24,Meta AI,Meta AI,Industry,United States of America,Language,"Language modeling/generation,Text summarization,Question answering,Quantitative reasoning,Translation",1.7334e+23,3210000000.0,9000000000000.0,,,,,,,NVIDIA H100 SXM5 80GB,NVIDIA H100 / H800 / H200,Open weights (restricted use),Yes,Unreleased,Confident,"Operation counting,Hardware"
all,Llama 3.2 90B,2024-09-24,Meta AI,Meta AI,Industry,United States of America,Multimodal,"Visual question answering,Image captioning,Object detection",,88600000000.0,,,,,,,,NVIDIA H100 SXM5 80GB,NVIDIA H100 / H800 / H200,Open weights (restricted use),Yes,Unreleased,Confident,Hardware
all,MTDP,2024-09-24,Chinese University of Hong Kong (CUHK),"Chinese University of Hong Kong (CUHK),City University of Hong Kong",Academia,Hong Kong,Biology,Protein embedding,600000000000000.0,20000000.0,,,,,2521.296391782894,4.0,,NVIDIA GeForce RTX 3080,NVIDIA consumer / workstation GPU,Unreleased,No,Unreleased,Confident,Operation counting
all,PixelDance,2024-09-24,ByteDance,ByteDance,Industry,China,Video,"Video generation,Text-to-video,Image-to-video",,,114229250000000.0,,,,,,,,,Hosted access (no API),No,Unreleased,Unknown,
all,ProtBFN,2024-09-24,InstaDeep,InstaDeep,Industry,United Kingdom of Great Britain and Northern Ireland,Biology,Protein or nucleotide language model (pLM/nLM),3.900000000000003e+22,650000000.0,,,432.0,18.0,171448.1546412368,256.0,16.0,Google TPU v4,Google TPU v4,,,,Confident,Hardware
all,Protein-Mamba,2024-09-24,Rensselaer Polytechnic Institute,"Rensselaer Polytechnic Institute,Stanford University,University of Minnesota,Korea Advanced Institute of Science and Technology (KAIST),University of Illinois Urbana-Champaign (UIUC)",Academia,Multinational,Biology,Protein or nucleotide language model (pLM/nLM),,,,,,,378.8005396308434,1.0,5.0,NVIDIA GeForce RTX 3090,NVIDIA consumer / workstation GPU,,,,Confident,Hardware
all,Thermostable protein design,2024-09-24,"Indraprastha Institute of Information Technology
Delhi","Indraprastha Institute of Information Technology
Delhi",Academia,India,Biology,Protein design,1.8397012e+16,738000000.0,,,,,,,,,,,,,Confident,Operation counting
all,dnaGrinder,2024-09-24,Hong Kong Polytechnic University,Hong Kong Polytechnic University,Academia,Hong Kong,Biology,Protein or nucleotide language model (pLM/nLM),2.7713e+19,63600000.0,10425000000.0,,,,11030.67171405016,8.0,4.0,NVIDIA H100 SXM5 80GB,NVIDIA H100 / H800 / H200,,,,Confident,
all,ChemNet,2024-09-25,University of Washington,University of Washington,Academia,United States of America,Biology,Protein folding prediction,,,172062700.0,,,,,,,,,,,,Confident,
all,CodonMPNN,2024-09-25,Harvard Medical School,"Harvard Medical School,Massachusetts Institute of Technology (MIT)",Academia,United States of America,Biology,Codon design,,,,,,,,,,,,Open weights (unrestricted),Yes,Open source,Unknown,
all,GeoAB,2024-09-25,Zhejiang University (ZJU),"Zhejiang University (ZJU),Westlake University",Academia,China,Biology,Protein design,,,,,0.85,0.035416666666666666,,,,,,,,,Unknown,Hardware
all,KnoMol,2024-09-25,Zhejiang University (ZJU),"Zhejiang University (ZJU),Jiangsu University of Technology,Zhejiang University School of Medicine",Academia,China,Biology,Molecular property prediction,,,401646.0,,,,,,,,,,,,Confident,
all,Molmo 72B,2024-09-25,Allen Institute for AI,"Allen Institute for AI,University of Washington",Industry-academia collaboration,United States of America,Multimodal,"Language modeling/generation,Visual question answering,Question answering",1.33583e+22,72000000000.0,,,,,,,,NVIDIA H100 SXM5 80GB,NVIDIA H100 / H800 / H200,Open weights (unrestricted),Yes,Open source,Confident,"Hardware,Operation counting"
all,Mothra,2024-09-25,Tokyo Institute of Technology,Tokyo Institute of Technology,Academia,Japan,Biology,Drug discovery,3.7e+19,,,,,,,,,,,,,,Likely,Hardware
all,PPFlow,2024-09-25,Zhejiang University (ZJU),"Zhejiang University (ZJU),Westlake University",Academia,China,Biology,Protein design,,,,,,,,,,,,,,,Likely,
all,ProteinGenerator,2024-09-25,University of Washington,"University of Washington,Institute for Protein Design,Georgia Institute of Technology,Microsoft,Heidelberg University",Industry-academia collaboration,Multinational,Biology,Protein generation,,,,,,,,,1.0,,,,,,Unknown,
all,RNA-DCGen,2024-09-25,Bangladesh University of Engineering and Technology,"Bangladesh University of Engineering and Technology,University of California Riverside",Academia,Multinational,Biology,"RNA sequence generation,Protein or nucleotide language model (pLM/nLM)",,117000000.0,,,,,,,2.0,,,Unreleased,No,Unreleased,Confident,
all,SeaMoon,2024-09-25,Sorbonne University,"Sorbonne University,Université Grenoble Alpes,Institut Universitaire de France (IUF)",Industry-academia collaboration,France,Biology,Protein folding prediction,,1000000.0,,,,,,,,,,,,,Likely,
all,TxGNN,2024-09-25,Harvard Medical School,"Harvard Medical School,Harvard-MIT Program in Health Sciences and Technology,The Mount Sinai Hospital (New York),Broad Institute,Harvard Data Science Initiative,Harvard University,Stanford University",Industry-academia collaboration,United States of America,Biology,Drug discovery,,,,,,,,,,,,Hosted access (no API),No,Open source,Confident,
all,AlphaChip,2024-09-26,Google DeepMind,Google DeepMind,Industry,United States of America,Other,Chip design,,,,,,,,,,,,,,Open source,Unknown,
all,Loop-Diffusion,2024-09-26,University of Washington,University of Washington,Academia,United States of America,Biology,Protein design,,,77940000.0,,,,,,,,,,,,Confident,
all,Mdgen,2024-09-26,Massachusetts Institute of Technology (MIT),Massachusetts Institute of Technology (MIT),Academia,United States of America,Biology,Molecular simulation,,,,,,,,,72.0,NVIDIA RTX A6000,NVIDIA consumer / workstation GPU,Open weights (unrestricted),Yes,Open source,Speculative,
all,RWKV-5 (Eagle) 7B,2024-09-26,RWKV Foundation,"RWKV Foundation,EleutherAI,Ohio State University,University of California Santa Barbara (UCSB),Wroclaw Tech (Wrocław University of Science and Technology),Guangdong Laboratory of Artificial Intelligence and Digital Economy (Pazhou Lab),New York University (NYU),Harvard University,Contextual AI,University of Chinese Academy of Sciences,University of California Santa Cruz,Tsinghua University,University of Edinburgh,University of British Columbia (UBC),Pennsylvania State University",Industry-academia collaboration,Multinational,Language,"Language modeling/generation,Question answering,Chat,Code generation,Translation",4.983e+22,7520000000.0,,,,,88241.44346194508,64.0,,NVIDIA H800 SXM5,NVIDIA H100 / H800 / H200,Open weights (unrestricted),Yes,Open source,Confident,Operation counting
all,RWKV-6 (Finch) 3B,2024-09-26,RWKV Foundation,"RWKV Foundation,EleutherAI,Ohio State University,University of California Santa Barbara (UCSB),Wroclaw Tech (Wrocław University of Science and Technology),Guangdong Laboratory of Artificial Intelligence and Digital Economy (Pazhou Lab),New York University (NYU),Harvard University,Contextual AI,University of Chinese Academy of Sciences,University of California Santa Cruz,Tsinghua University,University of Edinburgh,University of British Columbia (UBC),Pennsylvania State University",Industry-academia collaboration,Multinational,Language,"Language modeling/generation,Question answering,Chat,Code generation,Translation",2.0944e+22,3100000000.0,,,,,37817.761483690745,48.0,,NVIDIA A100,NVIDIA A100 / A800,Open weights (unrestricted),Yes,Open source,Confident,Operation counting
all,SPOT,2024-09-26,Heinrich Heine University,"Heinrich Heine University,Concordia University",Academia,Multinational,Biology,Protein function prediction,,,,,,,,,,,,,,,Confident,
all,ConoDL,2024-09-28,Chongqing University,"Chongqing University,Ministry of Natural Resources (China)",Industry-academia collaboration,China,Biology,Toxin prediction,,1200000000.0,108651.0,,,,346.30107294557837,1.0,,NVIDIA GeForce RTX 3080,NVIDIA consumer / workstation GPU,Open weights (non-commercial),Yes,Open (non-commercial),Confident,
all,DFMDock,2024-09-28,Johns Hopkins University,Johns Hopkins University,Academia,United States of America,Biology,Protein-ligand binding affinity prediction,,,,,,,,,,,,Open weights (unrestricted),Yes,Unreleased,Unknown,
all,DeepREAD,2024-09-28,Shape Therapeutics,Shape Therapeutics,Industry,United States of America,Biology,Protein or nucleotide language model (pLM/nLM),,,201012.0,,,,,,,,,,,,Confident,
all,PepNet,2024-09-28,Shandong University,Shandong University,Academia,China,Biology,"Protein design,Protein or nucleotide language model (pLM/nLM)",,,,,,,,,,,,,,,Confident,
all,FlexSBDD,2024-09-29,University of Science and Technology of China (USTC),"University of Science and Technology of China (USTC),State Key Laboratory of Cognitive Intelligence,Princeton University",Academia,Multinational,Biology,Drug discovery,1.6000000000000008e+19,,3675000000.0,,36.0,1.5,432.86670140535114,1.0,,NVIDIA A100,NVIDIA A100 / A800,,,,Confident,Hardware
all,PocketFlow,2024-09-29,University of Science and Technology of China (USTC),"University of Science and Technology of China (USTC),State Key Laboratory of Cognitive Intelligence,Harvard University",Academia,Multinational,Biology,"Protein design,Drug discovery",,,,,,,432.86670140535114,1.0,,NVIDIA A100,NVIDIA A100 / A800,,,,Likely,Hardware
all,FragLlama,2024-09-30,YDS Pharmatech,YDS Pharmatech,Industry,United States of America,Biology,Drug discovery,,779000000.0,70000000000.0,,,,5514.598967884899,7.0,,NVIDIA A100,NVIDIA A100 / A800,,,,Confident,
all,LFM 40B,2024-09-30,Liquid,Liquid,Industry,United States of America,Language,"Language modeling/generation,Question answering",,40300000000.0,,,,,,,,,,API access,No,Unreleased,Confident,
all,Takane,2024-09-30,Fujitsu,"Fujitsu,Cohere",Industry,Multinational,Language,"Language modeling,Translation,Japanese language modeling,Language modeling/generation,Question answering",,,,,,,,,,,,Hosted access (no API),No,Unreleased,Unknown,
all,BindCraft,2024-10-01,Ecole Polytechnique F´ed´erale de Lausanne (EPFL),"Ecole Polytechnique F´ed´erale de Lausanne (EPFL),University of Zurich,University of Lausanne,Massachusetts Institute of Technology (MIT),Visterra Inc,Swiss Federal Institute of Technology",Industry-academia collaboration,Multinational,Biology,Protein design,,,,,,,,,,,,Unreleased,No,Open source,Unknown,
all,EnzymeFlow,2024-10-01,McGill University,"McGill University,Mila - Quebec AI (originally Montreal Institute for Learning Algorithms),Hong Kong University of Science and Technology (HKUST),University of Washington,Microsoft Research,DeepMind,Shanghai Jiao Tong University,University of Montreal / Université de Montréal",Industry-academia collaboration,Multinational,Biology,Protein design,,,,,,,,,,,,Open weights (non-commercial),Yes,Open (non-commercial),Confident,
all,PlasmidGPT,2024-10-01,Harvard University,Harvard University,Academia,United States of America,Biology,Plasmid Design,,110000000.0,,,,,432.8474224961108,1.0,,NVIDIA A100,NVIDIA A100 / A800,Open weights (unrestricted),Yes,,Likely,Operation counting
all,Movie Gen Audio,2024-10-04,Meta AI,Meta AI,Industry,United States of America,Audio,Audio generation,1.4e+23,13000000000.0,,,360.0,15.0,529354.3452629244,384.0,,NVIDIA H100 SXM5 80GB,NVIDIA H100 / H800 / H200,Unreleased,No,Unreleased,Confident,Hardware
all,Movie Gen Video,2024-10-04,Meta AI,Meta AI,Industry,United States of America,Video,"Video generation,Text-to-video,Image-to-video",1.65e+24,30000000000.0,3400000000.0,,331.0,13.791666666666666,8469669.524206791,6144.0,,NVIDIA H100 SXM5 80GB,NVIDIA H100 / H800 / H200,Unreleased,No,Unreleased,Confident,Operation counting
all,scHyena,2024-10-04,Korea Advanced Institute of Science and Technology (KAIST),Korea Advanced Institute of Science and Technology (KAIST),Academia,Korea (Republic of),Biology,Protein or nucleotide language model (pLM/nLM),8.6e+18,,,,,,1378.5269407888657,2.0,12.0,NVIDIA GeForce RTX 3090,NVIDIA consumer / workstation GPU,,,,Confident,Hardware
all,MLDD3UTRmRRNAS,2024-10-07,Ginkgo Bioworks,Ginkgo Bioworks,Industry,United States of America,Biology,"Protein or nucleotide language model (pLM/nLM),Nucleotide generation",,44000000.0,,,,,432.7895909200725,1.0,6.0,NVIDIA A100,NVIDIA A100 / A800,API access,No,Unreleased,Likely,
all,Aria,2024-10-08,Rhymes AI,Rhymes AI,Industry,United States of America,Multimodal,"Language modeling/generation,Visual question answering,Image captioning,Question answering,Code generation,Video description,Character recognition (OCR)",1.428e+23,24900000000.0,6800000000000.0,,,,,,130.0,,,Open weights (unrestricted),Yes,Unreleased,Confident,Operation counting
all,CLEAN-Contact,2024-10-08,Cleveland Clinic,"Cleveland Clinic,Kent State University,Pacific Northwest National Laboratory",Industry-academia collaboration,United States of America,Biology,Enzyme function prediction,,,224742.0,,,,,,1.0,,,Unreleased,No,Open (non-commercial),Confident,
all,CogVideoX,2024-10-08,Z.ai (Zhipu AI),"Z.ai (Zhipu AI),Tsinghua University",Industry-academia collaboration,China,Video,"Video generation,Text-to-video",,5000000000.0,,,,,,,,,,Open weights (restricted use),Yes,Open source,Confident,
all,GR-2,2024-10-08,ByteDance,ByteDance,Industry,China,Robotics,"Video,Action recognition,Video generation,Instruction interpretation,Robotic manipulation",,230000000.0,,,,,,,224.0,,,Unreleased,No,Unreleased,Confident,
all,Genesis,2024-10-08,Ecole Polytechnique F´ed´erale de Lausanne (EPFL),"Ecole Polytechnique F´ed´erale de Lausanne (EPFL),Swiss Institute of Bioinformatics,Imperial College London,University of Oxford,Prescient Design",Industry-academia collaboration,Multinational,Biology,Protein design,,,35435.0,,,,,,4.0,,,Open weights (unrestricted),Yes,Open source,Likely,
all,Pyramid Flow,2024-10-08,Peking University,"Peking University,Kuaishou Technology,Beijing University of Posts and Telecommunications",Industry-academia collaboration,China,Video,"Video generation,Text-to-video",7.67e+21,2000000000.0,,,162.0,6.75,100820.41786842256,128.0,294.0,NVIDIA A100,NVIDIA A100 / A800,Open weights (unrestricted),Yes,,Confident,
all,SO3LR,2024-10-08,University of Luxembourg,"University of Luxembourg,Technische Universitat Berlin,Berlin Institute for the Foundations of Learning and Data,DeepMind,Max Planck Institute for Informatics,Korea University",Industry-academia collaboration,Multinational,Biology,"Protein folding prediction,Molecular simulation",,,,,86.0,3.5833333333333335,,,,NVIDIA H100 PCIe,NVIDIA H100 / H800 / H200,,,,Likely,Hardware
all,AF_unmasked,2024-10-09,Linköping University,"Linköping University,Uppsala University,Stockholm University",Academia,Sweden,Biology,Protein folding prediction,,,,,,,,,24.0,,,,,,Unknown,
all,Chirp 2 Speech-to-Text,2024-10-09,Google,Google,Industry,United States of America,Speech,"Speech recognition (ASR),Speech-to-text,Translation",,,,,,,,,,,,API access,No,Unreleased,Unknown,
all,Palmyra X 004,2024-10-09,Writer,Writer,Industry,United States of America,Language,"Language modeling,Language modeling/generation,Question answering,Code generation,Retrieval-augmented generation",,150000000000.0,,,,,,,,,,API access,No,Unreleased,,
all,ProCALM (Uniref9B),2024-10-09,Profluent Bio,"Profluent Bio,California Institute of Technology",Industry-academia collaboration,United States of America,Biology,"Proteins,Protein generation",,764000000.0,,,60.0,2.5,3150.5678964407625,4.0,9.0,NVIDIA A100,NVIDIA A100 / A800,,,,Confident,Hardware
all,SCUBA-D,2024-10-09,University of Science and Technology of China (USTC),"University of Science and Technology of China (USTC),Oristruct Biotech Company,iFLYTEK Research",Industry-academia collaboration,Multinational,Biology,Protein design,,,,,,,,,,,,,,,Unknown,
all,HaloClass,2024-10-10,University of California Davis,"University of California Davis,Pt. Jawahar Lal Nehru Memorial Medical College,Purdue University",Academia,Multinational,Biology,Protein classification,,,25227.0,,,,,,,,,,,,Confident,
all,IEV2MOL,2024-10-10,Tokyo Institute of Technology,Tokyo Institute of Technology,Academia,Japan,Biology,Drug discovery,,,73585425.0,,,,,,,,,,,,Likely,Hardware
all,ProteinChat,2024-10-10,University of California San Diego,"University of California San Diego,BioMap Research,The Scripps Research Institute,Mohamed bin Zayed University of Artificial Intelligence (MBZUAI)",Industry-academia collaboration,Multinational,Biology,Protein function prediction,,14000000000.0,,,,,,,8.0,,,,,,Likely,Hardware
all,RDT-1B,2024-10-10,Tsinghua University,Tsinghua University,Academia,China,Robotics,Robotic manipulation,4.06e+22,1200000000.0,,,720.0,30.0,33080.22622858553,48.0,579.0,NVIDIA H100 PCIe,NVIDIA H100 / H800 / H200,Open weights (unrestricted),Yes,Open source,Likely,
all,ALICE,2024-10-11,Nanhu Brain-Computer Interface Institute,"Nanhu Brain-Computer Interface Institute,Lingang Laboratory,Medical School of Nantong University,Zhejiang University School of Medicine",Academia,China,Biology,Protein design,,,,,,,,,,,,,,,Confident,
all,Baichuan-Omni,2024-10-11,Baichuan,"Baichuan,Westlake University,Zhejiang University (ZJU)",Industry-academia collaboration,China,Multimodal,"Visual question answering,Language modeling/generation,Video description,Speech synthesis,Image captioning",,7000000000.0,,,,,,,35.0,,,Unreleased,No,Unreleased,Confident,
all,Deep Learning Enabled Discovery of Kinase Drug Targets in Pharos,2024-10-11,West Virginia University,"West Virginia University,University of New Mexico",Academia,United States of America,Biology,Protein-ligand binding affinity prediction,,,1682725.0,,,,,,,,,,,,Speculative,
all,T2V-Turbo-v2,2024-10-11,University of California Santa Barbara (UCSB),"University of California Santa Barbara (UCSB),University of California Los Angeles (UCLA),Amazon,University of Waterloo",Industry-academia collaboration,Multinational,Video,"Video generation,Text-to-video",,,,,,,6300.855154466357,8.0,,NVIDIA A100,NVIDIA A100 / A800,Open weights (unrestricted),Yes,Open (non-commercial),Unknown,
all,EvoBind2,2024-10-12,Stockholm University,"Stockholm University,Science for Life Laboratory",Industry-academia collaboration,Sweden,Biology,Protein design,,,,,,,,,,,,,,,Unknown,
all,Llama-3.1-Nemotron-70B-Instruct,2024-10-12,NVIDIA,"NVIDIA,Meta AI",Industry,United States of America,Language,Language modeling,7.929e+24,,,,96.0,4.0,,,,,,Open weights (restricted use),Yes,Unreleased,Confident,Hardware
all,PROPERMAB,2024-10-12,Regeneron,Regeneron,Industry,United States of America,Biology,Antibody property prediction,,,,,,,,,4.0,,,,,,Confident,
all,Yuel 2,2024-10-12,Pennsylvania State University,Pennsylvania State University,Academia,United States of America,Biology,Protein-ligand binding affinity prediction,,,,,,,,,2.0,,,Open weights (non-commercial),Yes,Open (non-commercial),Confident,
all,vScreenML 2.0,2024-10-12,Fox Chase Cancer Center,"Fox Chase Cancer Center,Temple University School of Pharmacy",Academia,United States of America,Biology,Drug discovery,,,,,,,,,,,,Unreleased,No,Unreleased,Confident,
all,MolPath,2024-10-13,Southwest Petroleum University,"Southwest Petroleum University,East China Normal University",Academia,China,Biology,Small molecule property prediction,,,,,,,,,5.0,,,,,,Likely,
all,RNADiffFold,2024-10-13,Hangzhou Institute of Medicine,"Hangzhou Institute of Medicine,Zhejiang University (ZJU),University of Chinese Academy of Sciences",Academia,China,Biology,RNA structure prediction,,,,,,,324.54882530306617,1.0,10.0,NVIDIA A40 PCIe,NVIDIA A40 PCIe,Open weights (unrestricted),Yes,Open source,Confident,Hardware
all,Alibaba-NLP (mGTE),2024-10-14,Alibaba,"Alibaba,Hong Kong Polytechnic University",Industry-academia collaboration,Multinational,Language,Semantic embedding,,304000000.0,,,,,432.72213051367174,1.0,302.0,NVIDIA A100,NVIDIA A100 / A800,,,,Confident,
all,Firefly Video,2024-10-14,Adobe,Adobe,Industry,United States of America,Video,"Video generation,Text-to-video,Image-to-video",,,,,,,,,,,,Hosted access (no API),No,Unreleased,Unknown,
all,SANA 1.6B,2024-10-14,NVIDIA,"NVIDIA,Massachusetts Institute of Technology (MIT),Tsinghua University",Industry-academia collaboration,Multinational,Image generation,"Text-to-image,Image generation",,1648000000.0,,,,,,,,,,Open weights (non-commercial),Yes,Open source,Confident,
all,CHAI-1,2024-10-15,Chai discovery,Chai discovery,Industry,United States of America,Biology,"Protein folding prediction,Protein-ligand contact prediction",7.7605724e+21,,,,720.0,30.0,100804.70264211958,128.0,,NVIDIA A100,NVIDIA A100 / A800,Open weights (non-commercial),Yes,Open (non-commercial),Confident,Hardware
all,Pika 1.5,2024-10-15,Pika Labs,Pika Labs,Industry,United States of America,Video,"Video generation,Text-to-video",,,,,,,,,,,,API access,No,Unreleased,Unknown,
all,Tiangong SkyPaint,2024-10-15,Kunlun Inc.,Kunlun Inc.,Industry,China,Image generation,Image generation,,,,,,,,,,,,,,,Unknown,
all,Belle-whisper-larger-v3-turbo-zh,2024-10-16,KE Holdings Inc. (“Beike”),KE Holdings Inc. (“Beike”),Industry,China,Speech,Speech recognition (ASR),,,,,,,,,,,,Open weights (unrestricted),Yes,,Unknown,
all,Belle-whisper-larger-v3-turbo-zh,2024-10-16,,,,,,,,,,,,,,,,,,,,,Unknown,
all,Marco-o1,2024-10-16,Alibaba,Alibaba,Industry,China,Language,"Language modeling/generation,Question answering,Quantitative reasoning",,7000000000.0,,,,,,,147.0,,,Open weights (unrestricted),Yes,Unreleased,Confident,
all,Ministral 3B,2024-10-16,Mistral AI,Mistral AI,Industry,France,Language,"Language modeling/generation,Question answering,Code generation,Quantitative reasoning",,3000000000.0,,,,,,,,,,API access,No,Unreleased,Confident,
all,Ministral 8B,2024-10-16,Mistral AI,Mistral AI,Industry,France,Language,"Language modeling/generation,Question answering,Code generation,Quantitative reasoning",,8000000000.0,,,,,,,,,,Open weights (non-commercial),Yes,Unreleased,Confident,
all,Janus 1.3B,2024-10-17,DeepSeek,"DeepSeek,The University of Hong Kong,Peking University",Industry-academia collaboration,Multinational,Multimodal,"Language modeling/generation,Question answering,Visual question answering",,1300000000.0,,,168.0,7.0,12600.026628425288,16.0,,NVIDIA A100 SXM4 40 GB,NVIDIA A100 / A800,Open weights (restricted use),Yes,Open source,Confident,Hardware
all,TeleChat2-35B,2024-10-18,China Telecom,China Telecom,Industry,China,Language,"Language modeling/generation,Question answering,Quantitative reasoning,Chat,Text summarization,Code generation",,35000000000.0,,,,,,,,,,Open weights (restricted use),Yes,Open (restricted use),Confident,
all,Yi-Lightning,2024-10-18,01.AI,01.AI,Industry,China,Language,Language modeling/generation,1.5e+24,,,,720.0,30.0,2756194.445567179,2000.0,,NVIDIA H100 SXM5 80GB,NVIDIA H100 / H800 / H200,API access,No,Unreleased,Confident,Hardware
all,Sonic,2024-10-19,Cartesia,Cartesia,Industry,United States of America,Speech,"Text-to-speech (TTS),Speech synthesis",,,,,,,,,,,,API access,No,Unreleased,Unknown,
all,Allegro,2024-10-20,Rhymes AI,Rhymes AI,Industry,United States of America,Video,"Video generation,Text-to-video",6.565847e+22,2975000000.0,,,,,352777.1764308529,256.0,,NVIDIA H100 SXM5 80GB,NVIDIA H100 / H800 / H200,Open weights (unrestricted),Yes,Unreleased,Speculative,Hardware
all,Depth Anything V2 Giant,2024-10-20,Tik Tok,"Tik Tok,Hong Kong University",Industry-academia collaboration,Multinational,3D modeling,3D reconstruction,,1300000000.0,,,,,,,,,,Unreleased,No,Unreleased,Confident,
all,Depth Anything V2 Large,2024-10-20,Tik Tok,"Tik Tok,Hong Kong University",Industry-academia collaboration,Multinational,3D modeling,3D reconstruction,,335300000.0,,,,,,,,,,Open weights (non-commercial),Yes,Unreleased,Confident,
all,Emu3,2024-10-21,Beijing Academy of Artificial Intelligence / BAAI,Beijing Academy of Artificial Intelligence / BAAI,Academia,China,Multimodal,"Video generation,Text-to-video,Image-to-video,Video-to-video,Image generation,Text-to-image,Visual question answering,Language modeling/generation,Question answering",,8000000000.0,,,,,,,664.0,,,Open weights (unrestricted),Yes,Unreleased,Confident,
all,Granite 3.0 2B,2024-10-21,IBM,IBM,Industry,United States of America,Language,"Language modeling/generation,Question answering,Translation,Text summarization,Text classification,Code generation",1.8e+23,2500000000.0,12000000000000.0,,,,1058307.961177225,768.0,,NVIDIA H100 SXM5 80GB,NVIDIA H100 / H800 / H200,Open weights (unrestricted),Yes,Unreleased,Confident,"Operation counting,Hardware"
all,Granite 3.0 8B,2024-10-21,IBM,IBM,Industry,United States of America,Language,"Language modeling/generation,Question answering,Translation,Text summarization,Text classification,Code generation",5.832e+23,8100000000.0,12000000000000.0,,,,352769.3203924083,256.0,,NVIDIA H100 SXM5 80GB,NVIDIA H100 / H800 / H200,Open weights (unrestricted),Yes,Unreleased,Confident,"Operation counting,Hardware"
all,Taiyi (旷视太乙),2024-10-21,Megvii Inc,Megvii Inc,Industry,China,Multimodal,"Chat,Language modeling/generation,Question answering,Visual question answering,Image captioning,Face verification,Character recognition (OCR)",,,,,,,,,,,,Hosted access (no API),No,Unreleased,Unknown,
all,Xunguang,2024-10-21,Alibaba DAMO Academy,Alibaba DAMO Academy,Industry,China,Video,"Video generation,Video editing",,,,,,,,,,,,,,,Unknown,
all,Zhiyun Culture LLM (智云文化大模型),2024-10-21,Xinhua Zhiyun Technology Co.,"Xinhua Zhiyun Technology Co., Ltd.",Industry,China,Multimodal,"Transcription,Text summarization,Search,Video editing,Video classification,Image completion",,,,,,,,,,,,Unreleased,No,Unreleased,Unknown,
all,Claude 3.5 Haiku,2024-10-22,Anthropic,Anthropic,Industry,United States of America,Language,"Chat,Code generation,Language modeling/generation,Question answering",,,,,,,,,,,,API access,No,Unreleased,Unknown,
all,LongVU,2024-10-22,Meta AI,"Meta AI,King Abdullah University of Science and Technology (KAUST),Korea University",Industry-academia collaboration,Multinational,Multimodal,"Video compression,Video,Language modeling/generation,Video description",,7000000000.0,,,,,88190.36613222772,64.0,259.0,NVIDIA H100 SXM5 80GB,NVIDIA H100 / H800 / H200,Open weights (unrestricted),Yes,Open source,Confident,
all,Mochi 1,2024-10-22,Genmo,Genmo,Industry,United States of America,Video,"Video generation,Text-to-video",,10000000000.0,,,,,,,,,,Open weights (unrestricted),Yes,Unreleased,Likely,
all,NVLM-D 72B,2024-10-22,NVIDIA,NVIDIA,Industry,United States of America,Vision,"Language modeling/generation,Vision-language generation,Question answering,Code generation,Translation,Quantitative reasoning",3.02e+24,72000000000.0,57016320000.0,,,,176380.73226445544,128.0,,NVIDIA H100 SXM5 80GB,NVIDIA H100 / H800 / H200,Open weights (non-commercial),Yes,Open source,Confident,Operation counting
all,NVLM-H 72B,2024-10-22,NVIDIA,NVIDIA,Industry,United States of America,Vision,"Language modeling/generation,Vision-language generation,Question answering,Code generation,Translation,Quantitative reasoning",3.02e+24,72000000000.0,125829120000.0,,,,176380.73226445544,128.0,,NVIDIA H100 SXM5 80GB,NVIDIA H100 / H800 / H200,Unreleased,No,Unreleased,Likely,Operation counting
all,NVLM-X 72B,2024-10-22,NVIDIA,NVIDIA,Industry,United States of America,Vision,"Language modeling/generation,Vision-language generation,Question answering,Code generation,Translation,Quantitative reasoning",3.0398181e+24,72000000000.0,45875200000.0,,,,176380.73226445544,128.0,,NVIDIA H100 SXM5 80GB,NVIDIA H100 / H800 / H200,Unreleased,No,Unreleased,Likely,Operation counting
all,Stable Diffusion 3.5 Large,2024-10-22,Stability AI,Stability AI,Industry,United Kingdom of Great Britain and Northern Ireland,Image generation,"Image generation,Text-to-image",,8100000000.0,,,,,,,,,,Open weights (restricted use),Yes,Unreleased,Confident,
all,Stable Diffusion 3.5 Large Turbo,2024-10-22,Stability AI,Stability AI,Industry,United Kingdom of Great Britain and Northern Ireland,Image generation,"Image generation,Text-to-image",,,,,,,,,,,,Open weights (restricted use),Yes,Unreleased,Unknown,
all,YOLOv11,2024-10-23,Huddersfield University,Huddersfield University,Academia,United Kingdom of Great Britain and Northern Ireland,Vision,Object detection,,,,,,,,,2604.0,,,,,,Unknown,
all,Aya Expanse 32B,2024-10-24,Cohere for AI,Cohere for AI,Industry,Canada,Language,"Language modeling/generation,Translation",6.688684e+21,32300000000.0,34513333333.0,,,,,,,,,Open weights (restricted use),Yes,Unreleased,Likely,Operation counting
all,Aya Expanse 8B,2024-10-24,Cohere for AI,Cohere for AI,Industry,Canada,Language,"Language modeling/generation,Translation",1.65664e+21,8000000000.0,34513333333.0,,,,,,,,,Open weights (restricted use),Yes,Unreleased,Likely,Operation counting
all,Bielik 7B,2024-10-24,SpeakLeash,"SpeakLeash,Cyfronet AGH",Industry-academia collaboration,Poland,Language,"Language modeling/generation,Question answering",,7000000000.0,36000000000.0,,,,352745.7533267415,256.0,,NVIDIA GH200,NVIDIA GH200,Open weights (unrestricted),Yes,Unreleased,Confident,"Operation counting,Hardware"
all,GigaChat MAX,2024-10-24,Sber,Sber,Industry-academia collaboration,Russia,Multimodal,"Language modeling/generation,Question answering,Mathematical reasoning,Code generation,Chat,Visual question answering,Character recognition (OCR)",,,,,,,,,,,,API access,No,Unreleased,Speculative,
all,YandexGPT 4 Lite,2024-10-24,Yandex,Yandex,Industry,Russia,Language,"Language modeling/generation,Question answering,Quantitative reasoning,Retrieval-augmented generation",,,,,,,,,,,,API access,No,Unreleased,Unknown,
all,YandexGPT 4 Pro,2024-10-24,Yandex,Yandex,Industry,Russia,Language,"Language modeling/generation,Question answering,Quantitative reasoning,Retrieval-augmented generation",,,,,,,,,,,,API access,No,Unreleased,Unknown,
all,Doubao-pro,2024-10-28,ByteDance,ByteDance,Industry,China,Language,"Language modeling/generation,Question answering,Text summarization,Text classification",2.505e+25,500000000000.0,8350000000000.0,,,,,,,,,API access,No,Unreleased,Likely,Operation counting
all,Pro-PRIME,2024-10-28,Shanghai Jiao Tong University,"Shanghai Jiao Tong University,Shanghai AI Lab,East China University of Science and Technology,Shanghai Tech University,Guangzhou Inernational Bio Island,Chinese Academy of Sciences,Shanghai Academy of Experimental Medicine",Academia,China,Biology,Protein design,8.18e+20,650000000.0,,,,,,,1.0,,,,,,Confident,Hardware
all,Haiper 2.0,2024-10-29,Haiper,Haiper,Industry,United Kingdom of Great Britain and Northern Ireland,Image generation,"Image generation,Text-to-image",,,,,,,,,,,,API access,No,Unreleased,Unknown,
all,Stable Diffusion 3.5 Medium,2024-10-29,Stability AI,Stability AI,Industry,United Kingdom of Great Britain and Northern Ireland,Image generation,"Image generation,Text-to-image",,2500000000.0,,,,,,,,,,Open weights (restricted use),Yes,Unreleased,Confident,
all,Super XiaoAI,2024-10-29,,,,,,,,,,,,,,,,,,,,,Unknown,
all,AstroOne,2024-10-30,Zhijiang Lab,Zhijiang Lab,,China,Astronomy,,,70000000000.0,,,,,,,,,,,,,Confident,
all,Recraft V3,2024-10-30,Recraft,Recraft,Industry,United Kingdom of Great Britain and Northern Ireland,Image generation,"Image generation,Text-to-image",,,,,,,,,,,,API access,No,Unreleased,Unknown,
all,Universal-2-TF,2024-10-30,AssemblyAI,AssemblyAI,Industry,,Speech,Speech recognition (ASR),,600000000.0,,,,,,,,,,API access,No,Unreleased,Unknown,
all,aiXcoder-7B Base,2024-10-30,Peking University,Peking University,Academia,China,Language,Code autocompletion,,7000000000.0,,,,,100771.03540530246,128.0,1.0,NVIDIA A100 SXM4 40 GB,NVIDIA A100 / A800,,,,Confident,
all,Aha (大模型),2024-10-31,Shanghai Xingzhi Technology Co.,"Shanghai Xingzhi Technology Co., Ltd.",Industry,China,Multimodal,"Text-to-image,Text-to-video,Text-to-speech (TTS)",,,,,,,,,,,,,,,Unknown,
all,VASA-1,2024-10-31,Microsoft Research Asia,Microsoft Research Asia,Industry,China,Video,Video generation,4.012416e+19,229000000.0,,,240.0,10.0,2361.768546625511,4.0,,NVIDIA RTX A6000,NVIDIA consumer / workstation GPU,Unreleased,No,Unreleased,Confident,Hardware
all,π0 (pi-zero),2024-10-31,Physical Intelligence,Physical Intelligence,Industry,United States of America,Robotics,Robotic manipulation,,3300000000.0,1000000000.0,,,,,,,,,Unreleased,No,Unreleased,Confident,
all,FvFold,2024-11-01,Jeonbuk National University,Jeonbuk National University,Academia,Korea (Republic of),Biology,Protein folding prediction,,9209788.0,,,,,324.41153188331117,1.0,,NVIDIA A100 PCIe,NVIDIA A100 / A800,Open weights (unrestricted),Yes,,Confident,
all,SimPO,2024-11-01,Princeton University,"Princeton University,University of Virginia",Academia,United States of America,Language,"Language modeling/generation,Question answering",,9000000000.0,,,1.7,0.07083333333333333,11021.341109849023,8.0,,NVIDIA H100 SXM5 80GB,NVIDIA H100 / H800 / H200,Open weights (restricted use),Yes,Open source,Confident,Hardware
all,Uni-Med,2024-11-01,Tsinghua University,"Tsinghua University,Beijing University of Posts and Telecommunications",Academia,China,,,1.425e+23,8800000000.0,,,10.0,0.4166666666666667,432.54870917774826,1.0,23.0,NVIDIA A800 SXM,NVIDIA A100 / A800,Unreleased,No,Open (restricted use),Likely,
all,KwooGr,2024-11-02,Harbin Institute of Technology,Harbin Institute of Technology,Academia,China,,,,,,,,,,,,,,API access,No,,Unknown,
all,KwooLa,2024-11-02,Harbin Institute of Technology,Harbin Institute of Technology,Academia,China,Language,"Chat,Question answering",,14000000000.0,,,,,,,,,,API access,No,,Confident,
all,KwooVa,2024-11-02,Harbin Institute of Technology,Harbin Institute of Technology,Academia,China,Vision,"Data analytics,Miscellaneous image analysis",,8000000000.0,,,,,,,,,,API access,No,,Confident,
all,Llama-3.1-Minitron-4B,2024-11-04,NVIDIA,NVIDIA,Industry,United States of America,Language,"Language modeling/generation,Chat,Question answering",,4000000000.0,,,,,6297.48846824743,8.0,,NVIDIA A100 SXM4 80 GB,NVIDIA A100 / A800,Open weights (unrestricted),Yes,,Confident,
all,Minitron 4B,2024-11-04,NVIDIA,NVIDIA,Industry,United States of America,Language,"Language modeling/generation,Chat,Question answering",,4200000000.0,,,,,6297.48846824743,8.0,,NVIDIA A100 SXM4 80 GB,NVIDIA A100 / A800,Open weights (non-commercial),Yes,,Confident,Operation counting
all,Minitron 8B,2024-11-04,NVIDIA,NVIDIA,Industry,United States of America,Language,"Language modeling/generation,Chat,Question answering",,8300000000.0,,,,,6297.48846824743,8.0,,NVIDIA A100 SXM4 80 GB,NVIDIA A100 / A800,Open weights (non-commercial),Yes,,Confident,Operation counting
all,OpenPhenom-S/16,2024-11-05,Recursion Pharmaceuticals,Recursion Pharmaceuticals,Industry,United States of America,Biology,Image embedding,3.18e+19,178045568.0,,,400.0,16.666666666666668,,,,NVIDIA H100 SXM5 80GB,NVIDIA H100 / H800 / H200,Open weights (non-commercial),Yes,,Confident,
all,FLUX1.1 [pro] Raw,2024-11-06,Black Forest Labs,Black Forest Labs,Industry,Germany,Image generation,"Image generation,Text-to-image",,,,,,,,,,,,API access,No,Unreleased,Unknown,
all,FLUX1.1 [pro] Ultra,2024-11-06,Black Forest Labs,Black Forest Labs,Industry,Germany,Image generation,"Image generation,Text-to-image",,,,,,,,,,,,API access,No,Unreleased,Unknown,
all,Hunyuan-Large,2024-11-06,Tencent,Tencent,Industry,China,Language,"Language modeling/generation,Question answering,Code generation,Translation",3.49237e+24,389000000000.0,7000000000000.0,,,,,,,,,Open weights (restricted use),Yes,Open (restricted use),Confident,Operation counting
all,Mistral Moderation,2024-11-07,Mistral AI,Mistral AI,Industry,France,Language,Text classification,,,,,,,,,,,,API access,No,Unreleased,Unknown,
all,TeleChat2-3B,2024-11-08,China Telecom,China Telecom,Industry,China,Language,"Language modeling/generation,Question answering,Quantitative reasoning,Chat,Text summarization,Code generation",,3000000000.0,,,,,,,,,,Open weights (restricted use),Yes,Open (restricted use),Confident,
all,TeleChat2-7B,2024-11-08,China Telecom,China Telecom,Industry,China,Language,"Language modeling/generation,Question answering,Quantitative reasoning,Chat,Text summarization,Code generation",,7000000000.0,,,,,,,,,,Open weights (restricted use),Yes,Open (restricted use),Confident,
all,Community Research Earth Digital Intelligence Twin (CREDIT),2024-11-09,,,,,,,,,,,,,,,,,,,,,Unknown,
all,Fish-Speech 1.4,2024-11-09,Fish Audio,Fish Audio,Industry,United States of America,Speech,"Speech synthesis,Text-to-speech (TTS)",1.9151355e+21,,500000000000.0,,168.0,7.0,,8.0,,"NVIDIA H100 SXM5 80GB,NVIDIA GeForce RTX 4090",NVIDIA H100 / H800 / H200,Open weights (non-commercial),Yes,Open source,Confident,Hardware
all,stFormer,2024-11-09,Shanghai Jiao Tong University,"Shanghai Jiao Tong University,Chinese Academy of Sciences",Academia,China,Biology,Spatial Transcriptomics,,,,,,,,,,,,,,,Likely,
all,MassiveFold,2024-11-11,Université de Lille,"Université de Lille,Linköping University,Universite de Technologie de Compiègne – CNRS",Academia,Multinational,Biology,Protein folding prediction,,,,,,,,,,,,,,,Unknown,
all,NatureLM-audio,2024-11-11,Earth Species Project,Earth Species Project,Research collective,United States of America,Audio,Audio classification,1.4108774e+21,665000000.0,,,216.0,9.0,5509.443499872667,8.0,,NVIDIA H100 PCIe,NVIDIA H100 / H800 / H200,Open weights (non-commercial),Yes,Open source,Confident,Hardware
all,SeedEdit,2024-11-11,ByteDance,ByteDance,Industry,China,Vision,Image generation,,,,,,,,,,,,API access,No,Unreleased,Unknown,
all,Qwen2.5-Coder (32B),2024-11-12,Alibaba,Alibaba,Industry,China,Language,"Language modeling/generation,Code generation",1.0725e+24,32500000000.0,,,,,,,,,,Open weights (unrestricted),Yes,Unreleased,Confident,Operation counting
all,Vidu 1.5,2024-11-13,ShengShu,ShengShu,Industry,China,Video,"Video generation,Text-to-video,Image-to-video",,,,,,,,,,,,API access,No,Unreleased,Unknown,
all,Athene-V2,2024-11-14,Nexusflow,Nexusflow,Industry,United States of America,Language,"Language modeling/generation,Quantitative reasoning,Question answering",,72000000000.0,,,,,,,,,,Open weights (non-commercial),Yes,Unreleased,Confident,
all,Gemma2 9B CPT Sahabat-AI,2024-11-14,Indosat,"Indosat,Tech Mahindra,AI Singapore,GoTo",Industry-academia collaboration,Multinational,Language,"Language modeling/generation,Question answering",,9000000000.0,,,6.0,0.25,11018.150873278302,8.0,,NVIDIA H100 SXM5 80GB,NVIDIA H100 / H800 / H200,Open weights (restricted use),Yes,Unreleased,Confident,Hardware
all,FaXin,2024-11-15,,,,,,,,100000000000.0,3670000000000.0,,,,,,,,,,,,Confident,
all,Gemini-Exp-1114,2024-11-15,Google DeepMind,Google DeepMind,Industry,United States of America,Language,Language modeling,,,,,,,,,,,,Hosted access (no API),No,Unreleased,Unknown,
all,LLaVA-CoT,2024-11-15,Peking University,"Peking University,Tsinghua University,Peng Cheng Laboratory,Alibaba DAMO Academy,Lehigh University",Industry-academia collaboration,Multinational,Multimodal,"Visual question answering,Language modeling/generation,Quantitative reasoning",,11000000000.0,24000000.0,,,,11017.905508717806,8.0,459.0,NVIDIA H100 SXM5 80GB,NVIDIA H100 / H800 / H200,Open weights (non-commercial),Yes,Open (non-commercial),Confident,
all,Mistral Large 2.1,2024-11-15,Mistral AI,Mistral AI,Industry,France,Language,"Language modeling/generation,Translation,Code generation,Question answering,Retrieval-augmented generation",,123000000000.0,,,,,,,,,,Open weights (non-commercial),Yes,Unreleased,Unknown,
all,Qwen2.5-Turbo,2024-11-15,Alibaba,Alibaba,Industry,China,Language,"Language modeling/generation,Code generation,Question answering,Translation,Quantitative reasoning",,,,,,,,,,,,API access,No,Unreleased,Unknown,
all,bailing-pro-1120,2024-11-15,Ant Group,Ant Group,Industry,China,Language,"Language modeling/generation,Question answering",,,,,,,,,,,,Unreleased,No,Unreleased,Unknown,
all,k0-math,2024-11-16,Moonshot,Moonshot,Industry,China,Mathematics,"Mathematical reasoning,Quantitative reasoning",,,,,,,,,,,,Unreleased,No,Unreleased,Unknown,
all,360Zhinao2-7B,2024-11-18,360 Security Technology,360 Security Technology,Industry,China,Language,"Question answering,Language modeling/generation,Code generation,Quantitative reasoning",4.242e+23,7000000000.0,,,,,,,,,,Open weights (unrestricted),Yes,Unreleased,Confident,Operation counting
all,BiRNA-BERT,2024-11-18,Bangladesh University of Engineering and Technology,"Bangladesh University of Engineering and Technology,University of California Riverside,Carnegie Mellon University (CMU)",Academia,Multinational,Biology,"Protein or nucleotide language model (pLM/nLM),Entity embedding",1.8354513e+19,117000000.0,32254000000.0,,48.42,2.0175,5508.584723910074,8.0,,NVIDIA GeForce RTX 3090,NVIDIA consumer / workstation GPU,Open weights (non-commercial),Yes,Open (non-commercial),Confident,"Hardware,Operation counting"
all,Pixtral Large,2024-11-18,Mistral AI,Mistral AI,Industry,France,Multimodal,"Vision-language generation,Visual question answering,Mathematical reasoning,Character recognition (OCR),Language modeling/generation,Question answering",,124000000000.0,,,,,,,,,,Open weights (non-commercial),Yes,Unreleased,Confident,
all,SK Telecom Telco,2024-11-18,SK Telecom,SK Telecom,Industry,Korea (Republic of),Multimodal,"Chat,Search,Language modeling/generation,Question answering,Visual question answering",,,,,,,,,,,,,,,Unknown,
all,Boltz-1,2024-11-19,Massachusetts Institute of Technology (MIT),"Massachusetts Institute of Technology (MIT), Genesis Therapeutics",Industry-academia collaboration,United States of America,Biology,"Protein folding prediction,Protein-ligand contact prediction,Protein interaction prediction,Protein structure comparison",,,,,,,,,,,,Open weights (unrestricted),Yes,Open source,Likely,
all,Suno v4,2024-11-19,Suno,Suno,Industry,United States of America,Audio,Audio generation,,,,,,,,,,,,Hosted access (no API),No,Unreleased,Unknown,
all,DeepSeek-R1-Lite-Preview,2024-11-20,DeepSeek,DeepSeek,Industry,China,Language,Language modeling/generation,,,,,,,,,,,,Hosted access (no API),No,Unreleased,Unknown,
all,GPT-4o (Nov 2024),2024-11-20,OpenAI,OpenAI,Industry,United States of America,Multimodal,"Chat,Image generation,Audio generation,Vision-language generation,Table tasks,Language modeling/generation,Question answering,Speech recognition (ASR),Speech-to-text",,,,,,,,,,,,API access,No,Unreleased,Speculative,Benchmarks
all,Gauss2,2024-11-21,Samsung,Samsung,Industry,Korea (Republic of),Multimodal,"Language modeling/generation,Question answering,Code generation,Visual question answering",,,,,,,,,,,,Unreleased,No,Unreleased,Unknown,
all,Tulu 3 (Tülu 3) 70B,2024-11-21,Allen Institute for AI,"Allen Institute for AI,University of Washington",Industry-academia collaboration,United States of America,Language,"Language modeling/generation,Protein question answering,Question answering",,70000000000.0,,,,,,,,NVIDIA H100 SXM5 80GB,NVIDIA H100 / H800 / H200,Open weights (restricted use),Yes,Open source,Confident,Hardware
all,Tulu 3 (Tülu 3) 70B,2024-11-21,,,,,,,,70000000000.0,,,,,,,,,,,,,Confident,
all,Tulu 3 8B,2024-11-21,Allen Institute for AI,"Allen Institute for AI,University of Washington",Industry-academia collaboration,United States of America,Language,"Language modeling/generation,Question answering",,8000000000.0,,,,,,,,NVIDIA H100 SXM5 80GB,NVIDIA H100 / H800 / H200,Open weights (restricted use),Yes,Open source,Confident,Hardware
all,Hymba,2024-11-22,NVIDIA,NVIDIA,Industry,United States of America,Language,"Language modeling/generation,Question answering",1.35e+22,1500000000.0,1500000000000.0,,,,100719.43414656924,128.0,,NVIDIA A100,NVIDIA A100 / A800,Open weights (unrestricted),Yes,Unreleased,Confident,Operation counting
all,ConfRank,2024-11-24,University of Bonn,"University of Bonn,Institute for Numerical Simulation,Fraunhofer Institute for Algorithms and Scientific Computing",Academia,Germany,Biology,Drug discovery,,150000.0,1396310.0,,,,237.77996901285815,1.0,,NVIDIA GeForce RTX 3070,NVIDIA consumer / workstation GPU,,,,Confident,
all,Fish-Speech 1.5,2024-11-24,Fish Audio,Fish Audio,Industry,United States of America,Speech,"Speech synthesis,Text-to-speech (TTS)",2.6599104e+21,,700000000000.0,,,,,,,,,Open weights (non-commercial),Yes,Open source,Likely,Comparison with other models
all,Fugatto 1,2024-11-25,NVIDIA,NVIDIA,Industry,United States of America,Multimodal,Audio generation,,2500000000.0,,,,,25178.17637397875,32.0,,NVIDIA A100,NVIDIA A100 / A800,Unreleased,No,Unreleased,Confident,
all,ControlNet (SD 3.5 Large) Blur,2024-11-26,Stability AI,Stability AI,Industry,United Kingdom of Great Britain and Northern Ireland,Image generation,"Image-to-image,Image generation",,,,,,,,,,,,Open weights (restricted use),Yes,Unreleased,Unknown,
all,ControlNet (SD 3.5 Large) Canny,2024-11-26,Stability AI,Stability AI,Industry,United Kingdom of Great Britain and Northern Ireland,Image generation,"Image-to-image,Image generation",,,,,,,,,,,,Open weights (restricted use),Yes,Unreleased,Unknown,
all,ControlNet (SD 3.5 Large) Depth,2024-11-26,Stability AI,Stability AI,Industry,United Kingdom of Great Britain and Northern Ireland,Image generation,"Image-to-image,Image generation",,,,,,,,,,,,Open weights (restricted use),Yes,Unreleased,Unknown,
all,Ovis1.6-Gemma2-27B,2024-11-26,Alibaba,Alibaba,Industry,China,Multimodal,"Language modeling/generation,Visual question answering",,28900000000.0,,,,,,,,,,Open weights (unrestricted),Yes,,Confident,
all,DeepThought-8B,2024-11-27,Ruliad,Ruliad,Industry,United Kingdom of Great Britain and Northern Ireland,Language,Chat,,8000000000.0,,,,,,,,,,API access,No,,Confident,
all,360gpt2-pro,2024-11-29,360 Security Technology,360 Security Technology,Industry,China,Language,Language modeling,,,,,,,,,,,,,,,Unknown,
all,HaiYue (浪潮通用软件有限公司),2024-11-29,Inspur,Inspur,Industry,China,Language,"Financial management,Data analytics,Search,Text summarization",,102000000000.0,,,,,,,,,,,,,Confident,
all,INTELLECT-1,2024-11-29,Prime Intellect,"Prime Intellect,Hugging Face,Arcee AI",Industry,United States of America,Language,,6.000001e+22,10000000000.0,1000000000000.0,,1008.0,42.0,,,,,,,,,Confident,Operation counting
all,MiLi (米粒),2024-11-29,CreditEase,CreditEase,Industry,China,Language,"Chat,Language generation",,,,,,,,,,,,,,,Unknown,
all,Mingzhi Guwen,2024-11-29,Shanghai Shuheng Information Technology Co.,"Shanghai Shuheng Information Technology Co., Ltd.",Industry,China,Language,"Chat,Text summarization,Translation,Language modeling/generation",,,,,,,,,,,,,,,Unknown,
all,Zhiyan (智言),2024-11-29,4Paradigm,4Paradigm,Industry,China,,,,,,,,,,,,,,,,,Unknown,
all,abab7,2024-11-29,MiniMax,MiniMax,Industry,China,Language,Language modeling/generation,,,,,,,,,,,,API access,No,Unreleased,Unknown,
all,RNAformer,2024-12-01,University of Freiburg,University of Freiburg,Academia,Germany,Biology,RNA structure prediction,,32000000.0,,,,,3146.8515482224,4.0,14.0,NVIDIA A100,NVIDIA A100 / A800,,,,Confident,
all,Poolside Malibu,2024-12-02,Poolside,Poolside,Industry,United States of America,Language,Code generation,,,,,,,,,,,,,,,Unknown,
all,Amazon Nova Canvas,2024-12-03,Amazon,Amazon,Industry,United States of America,Image generation,"Image generation,Text-to-image",,,,,,,,,,"Amazon Trainium1,NVIDIA A100,NVIDIA H100 SXM5 80GB",NVIDIA H100 / H800 / H200,API access,No,Unreleased,Unknown,
all,Amazon Nova Lite,2024-12-03,Amazon,Amazon,Industry,United States of America,Multimodal,"Language modeling/generation,Retrieval-augmented generation,Visual question answering,Image captioning,Video description,Character recognition (OCR),Code generation,Translation",,,,,,,,,,"Amazon Trainium1,NVIDIA A100,NVIDIA H100 SXM5 80GB",NVIDIA H100 / H800 / H200,API access,No,Unreleased,Unknown,
all,Amazon Nova Micro,2024-12-03,Amazon,Amazon,Industry,United States of America,Language,"Language modeling/generation,Retrieval-augmented generation,Question answering,Code generation",,,,,,,,,,"Amazon Trainium1,NVIDIA A100,NVIDIA H100 SXM5 80GB",NVIDIA H100 / H800 / H200,API access,No,Unreleased,Unknown,
all,Amazon Nova Pro,2024-12-03,Amazon,Amazon,Industry,United States of America,Multimodal,"Language modeling/generation,Retrieval-augmented generation,Visual question answering,Image captioning,Video description,Character recognition (OCR),Code generation,Translation",6.000010000000001e+24,,,,,,,,,"Amazon Trainium1,NVIDIA A100,NVIDIA H100 SXM5 80GB",NVIDIA H100 / H800 / H200,API access,No,Unreleased,Speculative,Comparison with other models
all,Hailuo I2V-01-Live,2024-12-03,MiniMax,"MiniMax,Hailuo AI",Industry,Multinational,Video,"Video generation,Image-to-video",,,,,,,,,,,,API access,No,Unreleased,Unknown,
all,Hunyuan Video,2024-12-03,Tencent,Tencent,Industry,China,Video,"Video generation,Text-to-video",1.4814815e+23,13000000000.0,,,,,,,,,,Open weights (restricted use),Yes,Unreleased,Confident,"Reported,Operation counting"
all,Intelligent Go-Explore (IGE),2024-12-03,University of British Columbia (UBC),"University of British Columbia (UBC),Vector Institute,CIFAR AI Research",Industry-academia collaboration,Canada,Games,Game of 24 (24 puzzle),,,,,,,,,,,,Open weights (unrestricted),Yes,Unreleased,Unknown,
all,Luma Photon,2024-12-03,LumaLabs,LumaLabs,Industry,United States of America,Image generation,"Image generation,Text-to-image",,,,,,,,,,,,API access,No,Unreleased,Unknown,
all,Luma Photon Flash,2024-12-03,LumaLabs,LumaLabs,Industry,United States of America,Image generation,"Image generation,Text-to-image",,,,,,,,,,,,API access,No,Unreleased,Unknown,
all,Genie 2,2024-12-04,Google DeepMind,Google DeepMind,Industry,United States of America,Games,"Video generation,Text-to-video",,,,,,,,,,,,Unreleased,No,Unreleased,Unknown,
all,TokenFlow-XL,2024-12-04,ByteDance,ByteDance,Industry,China,Multimodal,Visual question answering,,14000000000.0,,,,,,,,,,Open weights (unrestricted),Yes,Open source,Confident,
all,TokenFlow-t2i,2024-12-04,ByteDance,ByteDance,Industry,China,Image generation,"Image generation,Text-to-image",,,,,,,,,,,,Open weights (unrestricted),Yes,Open source,Unknown,
all,voyage-code-3,2024-12-04,Voyage AI,Voyage AI,Industry,United States of America,Language,"Code generation,Code autocompletion,Retrieval-augmented generation,Entity embedding",,,,,,,,,,,,API access,No,Unreleased,Unknown,
all,Infinity,2024-12-05,ByteDance,ByteDance,Industry,China,Image generation,"Image generation,Text-to-image",,2000000000.0,,,,,,,170.0,,,Open weights (unrestricted),Yes,Open source,Confident,
all,NVILA 15B,2024-12-05,NVIDIA,"NVIDIA,Massachusetts Institute of Technology (MIT),University of California (UC) Berkeley,University of California San Diego,University of Washington,Tsinghua University",Industry-academia collaboration,Multinational,Multimodal,"Visual question answering,Video description,Language modeling/generation,Question answering,Character recognition (OCR)",,15000000000.0,,,,,176207.9898367568,128.0,,NVIDIA H100 SXM5 80GB,NVIDIA H100 / H800 / H200,Open weights (non-commercial),Yes,,Confident,
all,NVILA 8B,2024-12-05,NVIDIA,"NVIDIA,Massachusetts Institute of Technology (MIT),University of California (UC) Berkeley,University of California San Diego,University of Washington,Tsinghua University",Industry-academia collaboration,Multinational,Multimodal,"Visual question answering,Video description",2.2794518e+21,8000000000.0,47488579166.0,,16.7,0.6958333333333333,176207.9898367568,128.0,,NVIDIA H100 SXM5 80GB,NVIDIA H100 / H800 / H200,Open weights (non-commercial),Yes,,Likely,Hardware
all,Pleias 1.0 1.2B,2024-12-05,PleIAs,PleIAs,Industry,France,Language,"Language modeling/generation,Question answering,Translation",2.9770787e+22,1200000000.0,,,120.0,5.0,264311.9847551352,192.0,,NVIDIA H100 SXM5 80GB,NVIDIA H100 / H800 / H200,Open weights (unrestricted),Yes,Unreleased,Confident,"Hardware,Operation counting"
all,Pleias 1.0 350m,2024-12-05,PleIAs,PleIAs,Industry,France,Language,"Language modeling/generation,Question answering,Translation",2.6788982e+21,350000000.0,,,46.0,1.9166666666666667,88103.9949183784,64.0,,NVIDIA H100 SXM5 80GB,NVIDIA H100 / H800 / H200,Open weights (unrestricted),Yes,Unreleased,Confident,"Hardware,Operation counting"
all,o1,2024-12-05,OpenAI,OpenAI,Industry,United States of America,Multimodal,"Code generation,Language modeling/generation,Quantitative reasoning,Chat,Question answering,Translation,Mathematical reasoning",,,,,,,,,,,,API access,No,Unreleased,Unknown,
all,InternVL2_5-26B,2024-12-06,Shanghai AI Lab,"Shanghai AI Lab,SenseTime,Tsinghua University,Nanjing University,Fudan University,Chinese University of Hong Kong (CUHK),Shanghai Jiao Tong University",Industry-academia collaboration,Multinational,Multimodal,"Visual question answering,Language modeling/generation",,25500000000.0,221000000000.0,,,,,,1468.0,,,Open weights (unrestricted),Yes,Open source,Confident,Operation counting
all,InternVL2_5-38B,2024-12-06,Shanghai AI Lab,"Shanghai AI Lab,SenseTime,Tsinghua University,Nanjing University,Fudan University,Chinese University of Hong Kong (CUHK),Shanghai Jiao Tong University",Industry-academia collaboration,Multinational,Multimodal,"Visual question answering,Language modeling/generation",,38400000000.0,151000000000.0,,,,,,1468.0,,,Open weights (unrestricted),Yes,Open source,Confident,Operation counting
all,InternVL2_5-78B,2024-12-06,Shanghai AI Lab,"Shanghai AI Lab,SenseTime,Tsinghua University,Nanjing University,Fudan University,Chinese University of Hong Kong (CUHK),Shanghai Jiao Tong University",Industry-academia collaboration,Multinational,Multimodal,"Visual question answering,Language modeling/generation,Question answering,Character recognition (OCR)",,78400000000.0,120000000000.0,,,,,,1468.0,,,Open weights (restricted use),Yes,Open source,Confident,Operation counting
all,Llama 3.3 70B,2024-12-06,Meta AI,Meta AI,Industry,United States of America,Language,"Language modeling/generation,Question answering,Translation,Code generation",6.8649768e+24,70000000000.0,15000000000000.0,,,,,,,NVIDIA H100 SXM5 80GB,NVIDIA H100 / H800 / H200,Open weights (restricted use),Yes,Unreleased,Confident,"Operation counting,Hardware"
all,EXAONE 3.5 2.4B,2024-12-09,LG AI Research,LG AI Research,Industry,Korea (Republic of),Language,"Language modeling/generation,Question answering,Translation",9.36e+22,2400000000.0,6500000000000.0,,,,,,,,,Open weights (non-commercial),Yes,Unreleased,Confident,Reported
all,EXAONE 3.5 32B,2024-12-09,LG AI Research,LG AI Research,Industry,Korea (Republic of),Language,"Language modeling/generation,Question answering,Translation",1.25e+24,32000000000.0,6500000000000.0,,,,,,,,,Open weights (non-commercial),Yes,Unreleased,Confident,Reported
all,EXAONE 3.5 7.8B,2024-12-09,LG AI Research,LG AI Research,Industry,Korea (Republic of),Language,"Language modeling/generation,Question answering,Translation",4.21e+23,7800000000.0,9000000000000.0,,,,,,,,,Open weights (non-commercial),Yes,Unreleased,Confident,Reported
all,Grok Image Generation / Aurora,2024-12-09,xAI,xAI,Industry,United States of America,Image generation,"Image generation,Text-to-image,Image-to-image",,,,,,,,,,,,Hosted access (no API),No,Unreleased,Unknown,
all,Sora Turbo,2024-12-09,OpenAI,OpenAI,Industry,United States of America,Video,"Video generation,Text-to-video",,,,,,,,,,,,Hosted access (no API),No,Unreleased,Unknown,
all,xTrimoPGLM - 1B,2024-12-09,,,,,,,,1000000000.0,,,,,,,,,,,,,Confident,
all,Coconut,2024-12-11,Facebook,"Facebook,University of California San Diego",Industry-academia collaboration,United States of America,Language,"Language modeling/generation,Question answering,Quantitative reasoning,Mathematical reasoning",,,,,,,,,,,,Unreleased,No,Unreleased,Unknown,
all,Gemini 2.0 Flash,2024-12-11,Google DeepMind,"Google DeepMind,Google",Industry,United States of America,Multimodal,"Language modeling/generation,Question answering,Visual question answering,Speech recognition (ASR),Code generation,Quantitative reasoning,Video description,Translation,Chat,Table tasks,Search,Text summarization",,,,,,,,,,Google TPU v6e Trillium,Google TPU v6,API access,No,Unreleased,Unknown,
all,Gemini 2.0 Pro,2024-12-11,Google DeepMind,Google DeepMind,Industry,United States of America,Multimodal,"Code generation,Language modeling/generation,Question answering,Visual question answering,Speech recognition (ASR),Video description",,,,,,,,,,,,Hosted access (no API),No,Unreleased,Unknown,
all,T-Lite,2024-12-11,T-Bank,T-Bank,Industry,Russia,Language,"Language modeling/generation,Question answering,Code generation,Mathematical reasoning",,7000000000.0,,,,,,,,,,Open weights (unrestricted),Yes,Unreleased,Confident,Operation counting
all,T-Pro,2024-12-11,T-Bank,T-Bank,Industry,Russia,Language,"Language modeling/generation,Question answering,Code generation,Mathematical reasoning",,32000000000.0,142000000000.0,,,,,,,,,Open weights (unrestricted),Yes,Unreleased,Confident,Operation counting
all,Phi-4,2024-12-12,Microsoft Research,Microsoft Research,Industry,United States of America,Language,"Language modeling/generation,Question answering,Code generation,Quantitative reasoning",9.3202015e+23,14000000000.0,,,504.0,21.0,2642707.855343539,1920.0,,NVIDIA H100 SXM5 80GB,NVIDIA H100 / H800 / H200,Open weights (unrestricted),Yes,Unreleased,Confident,"Operation counting,Hardware"
all,360zhinao2-o1,2024-12-13,360 Security Technology,360 Security Technology,Industry,China,Language,,,,,,,,,,,,,,,,Unknown,
all,Apollo 1.5B,2024-12-13,Meta AI,"Meta AI,Stanford University",Industry-academia collaboration,United States of America,Multimodal,Video description,,1500000000.0,,,,,100672.34303072088,128.0,,NVIDIA A100,NVIDIA A100 / A800,Unreleased,No,Unreleased,Confident,
all,Apollo 3B,2024-12-13,Meta AI,"Meta AI,Stanford University",Industry-academia collaboration,United States of America,Multimodal,Video description,,3000000000.0,,,,,100672.34303072088,128.0,,NVIDIA A100,NVIDIA A100 / A800,Unreleased,No,Unreleased,Confident,
all,Apollo 7B,2024-12-13,Meta AI,"Meta AI,Stanford University",Industry-academia collaboration,United States of America,Multimodal,"Video,Visual question answering,Video description,Language modeling/generation",,7000000000.0,,,,,100672.34303072088,128.0,75.0,NVIDIA A100,NVIDIA A100 / A800,Unreleased,No,Unreleased,Confident,
all,GigaChat Lite (GigaChat-20B-A3B),2024-12-13,Sber,Sber,Industry-academia collaboration,Russia,Language,"Language modeling/generation,Question answering,Chat",9.9e+22,20000000000.0,,,,,,,,,,Open weights (unrestricted),Yes,Unreleased,Speculative,
all,F5-TTS,2024-12-15,Shanghai Jiao Tong University,"Shanghai Jiao Tong University,University of Cambridge,Geely Automobile Research Institute (Ningbo) Company",Industry-academia collaboration,Multinational,Speech,"Speech synthesis,Translation",4.5287424e+20,335800000.0,27325800000.0,,168.0,7.0,6291.741206937689,8.0,,NVIDIA A100 SXM4 80 GB,NVIDIA A100 / A800,Open weights (non-commercial),Yes,Open source,Confident,Hardware
all,Jinshi (金石大模型),2024-12-15,Wuxi Sixiang Digital Intelligence Technology Co.,"Wuxi Sixiang Digital Intelligence Technology Co., Ltd.",Industry,China,Language,"Chat,Language modeling/generation,Recommender system",,,,,,,,,,,,,,,Unknown,
all,Pika 2.0,2024-12-15,Pika Labs,Pika Labs,Industry,United States of America,Video,"Video generation,Text-to-video",,,,,,,,,,,,API access,No,Unreleased,Unknown,
all,SEA-LION-v1-7B-IT,2024-12-16,AI Singapore,AI Singapore,Government,Singapore,Language,"Question answering,Chat,Language modeling/generation",,7500000000.0,,,,,6291.601095376888,8.0,,NVIDIA A100 SXM4 40 GB,NVIDIA A100 / A800,Open weights (unrestricted),Yes,Open source,Confident,
all,Veo 2,2024-12-16,Google DeepMind,Google DeepMind,Industry,United States of America,Video,"Video generation,Text-to-video,Image-to-video",,,,,,,,,,,,API access,No,Unreleased,Unknown,
all,Falcon3-7B,2024-12-17,Technology Innovation Institute,Technology Innovation Institute,Government,United Arab Emirates,Language,"Language modeling/generation,Question answering,Code generation",5.88e+23,7000000000.0,14000000000000.0,,,,1409287.2610737197,1024.0,,NVIDIA H100 SXM5 80GB,NVIDIA H100 / H800 / H200,Open weights (unrestricted),Yes,Unreleased,Confident,Operation counting
all,Eleven Flash v2.5,2024-12-18,ElevenLabs,ElevenLabs,Industry,United States of America,Speech,"Text-to-speech (TTS),Speech synthesis",,,,,,,,,,,,API access,No,Unreleased,Unknown,
all,Granite 3.1 2B,2024-12-18,IBM,IBM,Industry,United States of America,Language,"Language modeling/generation,Question answering,Translation",1.8e+23,2500000000.0,12000000000000.0,,,,,,,NVIDIA H100 SXM5 80GB,NVIDIA H100 / H800 / H200,Open weights (unrestricted),Yes,Unreleased,Confident,Operation counting
all,Granite 3.1 8B,2024-12-18,IBM,IBM,Industry,United States of America,Language,"Language modeling/generation,Question answering,Translation",5.832e+23,8100000000.0,12000000000000.0,,,,,,,NVIDIA H100 SXM5 80GB,NVIDIA H100 / H800 / H200,Open weights (unrestricted),Yes,Unreleased,Confident,Operation counting
all,Typhoon2-Vision,2024-12-18,Typhoon / SCB 10X,Typhoon / SCB 10X,Industry,Thailand,,,,7000000000.0,,,,,,,,,,,,,Confident,
all,Gemini 2.0 Flash Thinking,2024-12-19,Google DeepMind,"Google DeepMind,Google",Industry,United States of America,Multimodal,"Language modeling/generation,Quantitative reasoning,Question answering,Visual question answering,Code generation",,,,,,,,,,,,API access,No,Unreleased,Unknown,
all,Kling 1.6 Pro,2024-12-19,Kuaishou Technology,Kuaishou Technology,Industry,China,Video,"Video generation,Text-to-video,Image-to-video",,,,,,,,,,,,API access,No,Unreleased,Unknown,
all,LLama 3..2 Typhoon 2 1B,2024-12-19,Typhoon / SCB 10X,Typhoon / SCB 10X,Industry,Thailand,Language,"Language modeling/generation,Question answering,Quantitative reasoning",,1000000000.0,,,,,11009.566363976552,8.0,,NVIDIA H100 SXM5 80GB,NVIDIA H100 / H800 / H200,Open weights (restricted use),Yes,Unreleased,Likely,Operation counting
all,LLama 3.2 Typhoon 2 3B,2024-12-19,Typhoon / SCB 10X,Typhoon / SCB 10X,Industry,Thailand,Language,"Language modeling/generation,Question answering,Quantitative reasoning",,3000000000.0,,,,,11009.566363976552,8.0,,NVIDIA H100 SXM5 80GB,NVIDIA H100 / H800 / H200,Open weights (restricted use),Yes,Unreleased,Likely,Operation counting
all,Llama 3.1 Typhoon 2 70B,2024-12-19,Typhoon / SCB 10X,Typhoon / SCB 10X,Industry,Thailand,Language,"Language modeling/generation,Question answering,Quantitative reasoning",,70000000000.0,,,,,11009.566363976552,8.0,,NVIDIA H100 SXM5 80GB,NVIDIA H100 / H800 / H200,Open weights (restricted use),Yes,Unreleased,Speculative,Operation counting
all,Llama 3.1 Typhoon 2 8B,2024-12-19,Typhoon / SCB 10X,Typhoon / SCB 10X,Industry,Thailand,Language,"Language modeling/generation,Question answering,Quantitative reasoning",,8000000000.0,,,,,11009.566363976552,8.0,,NVIDIA H100 SXM5 80GB,NVIDIA H100 / H800 / H200,Open weights (restricted use),Yes,Unreleased,Likely,Operation counting
all,SEA-LION V3 Gemma2 9B,2024-12-19,AI Singapore,AI Singapore,Government,Singapore,Language,"Question answering,Chat,Language modeling/generation",4.484146e+23,9000000000.0,200000000000.0,,240.0,10.0,88076.53091181243,64.0,,NVIDIA H100 SXM5 80GB,NVIDIA H100 / H800 / H200,Open weights (restricted use),Yes,Open source,Confident,"Hardware,Operation counting"
all,SEA-LION V3 Llama3.1 70B,2024-12-19,AI Singapore,AI Singapore,Government,Singapore,Language,"Question answering,Chat,Language modeling/generation",8.0103891e+24,70000000000.0,200000000000.0,,136.0,5.666666666666667,,192.0,,"NVIDIA H200 SXM,NVIDIA H100 SXM5 80GB",NVIDIA H100 / H800 / H200,Open weights (restricted use),Yes,Open source,Confident,"Hardware,Operation counting"
all,SEA-LION V3 Llama3.1 8B,2024-12-19,AI Singapore,AI Singapore,Government,Singapore,Language,"Question answering,Chat,Language modeling/generation",1.23330162e+24,8000000000.0,200000000000.0,,136.0,5.666666666666667,88076.53091181243,64.0,,NVIDIA H200 SXM,NVIDIA H100 / H800 / H200,Open weights (restricted use),Yes,Open source,Confident,"Hardware,Operation counting"
all,Typhoon 2 7B,2024-12-19,Typhoon / SCB 10X,Typhoon / SCB 10X,Industry,Thailand,Language,"Language modeling/generation,Question answering,Quantitative reasoning",,7000000000.0,,,,,11009.566363976552,8.0,,NVIDIA H100 SXM5 80GB,NVIDIA H100 / H800 / H200,Open weights (unrestricted),Yes,Unreleased,Likely,Operation counting
all,Typhoon2-Audio,2024-12-19,Typhoon / SCB 10X,Typhoon / SCB 10X,Industry,Thailand,Multimodal,"Language modeling/generation,Speech synthesis,Speech recognition (ASR),Text-to-speech (TTS),Audio generation,Audio question answering,Translation,Speech-to-speech",,9688000000.0,,,,,,,,,,Open weights (restricted use),Yes,Unreleased,Confident,
all,Typhoon2-Vision,2024-12-19,Typhoon / SCB 10X,Typhoon / SCB 10X,Industry,Thailand,Multimodal,"Language modeling/generation,Visual question answering",,7000000000.0,,,,,3145.5903897075864,4.0,,NVIDIA A100 SXM4 80 GB,NVIDIA A100 / A800,Open weights (unrestricted),Yes,Unreleased,Confident,
all,o3,2024-12-20,OpenAI,OpenAI,Industry,United States of America,Multimodal,"Language modeling/generation,Question answering,Quantitative reasoning,Code generation,Visual question answering,Search,Instruction interpretation,Visual puzzles",,,,,,,,,,,,API access,No,Unreleased,Unknown,
all,OCTAVE 3B,2024-12-23,Hume,Hume,Industry,United States of America,Speech,"Speech synthesis,Text-to-speech (TTS)",,3000000000.0,,,,,,,,,,API access,No,Unreleased,Confident,
all,OCTAVE 8B,2024-12-23,Hume,Hume,Industry,United States of America,Speech,"Speech synthesis,Text-to-speech (TTS)",,8000000000.0,,,,,,,,,,Unreleased,No,Unreleased,Confident,
all,RMBG v2.0,2024-12-23,BRIA AI,BRIA AI,Industry,United States of America,Image generation,Image-to-image,,221000000.0,,,,,,,,,,Open weights (non-commercial),Yes,Unreleased,Confident,
all,VRMBG 2.0,2024-12-23,BRIA AI,BRIA AI,Industry,United States of America,Video,Video editing,,,,,,,,,,,,API access,No,Unreleased,Unknown,
all,DeepSeek-V3,2024-12-24,DeepSeek,DeepSeek,Industry,China,Language,"Language modeling/generation,Code generation,Quantitative reasoning,Question answering",3.3e+24,671000000000.0,14800000000000.0,5390000.0,,,2818135.1812142837,2048.0,,NVIDIA H800 SXM5,NVIDIA H100 / H800 / H200,Open weights (restricted use),Yes,Unreleased,Confident,"Operation counting,Hardware"
all,Jueqing LLM (觉卿大模型),2024-12-25,Suzhou Jueqing Diyu Intelligent Technology,Suzhou Jueqing Diyu Intelligent Technology,Industry,China,Language,Chat,,,,,,,,,,,,,,,Unknown,
all,Kokoro v0.19,2024-12-25,hexgrad,hexgrad,,,Speech,"Text-to-speech (TTS),Speech synthesis",1.6848e+20,82000000.0,,,,,,,,NVIDIA A100 SXM4 80 GB,NVIDIA A100 / A800,Open weights (unrestricted),Yes,Unreleased,Confident,Hardware
all,QVQ,2024-12-25,Alibaba,Alibaba,Industry,China,Multimodal,"Visual question answering,Video description,Language modeling/generation,Translation,Question answering,Character recognition (OCR),Quantitative reasoning",,72000000000.0,,,,,,,,,,Open weights (restricted use),Yes,Unreleased,Confident,
all,LinGan VL (临感VL),2024-12-27,Beijing 58 Information Technology,Beijing 58 Information Technology,Industry,China,Multimodal,,,,,,,,,,,,,,,,Unknown,
all,Xiaomi Edge-side Text (小米端侧文本),2024-12-27,Xiaomi Corp,Xiaomi Corp,Industry,China,Language,"Translation,Language generation",,,,,,,,,,,,,,,Unknown,
all,Xiaomi Pengpai Image (小米澎湃图像),2024-12-27,Xiaomi Corp,Xiaomi Corp,Industry,China,Image generation,Image generation,,,,,,,,,,,,,,,Unknown,
all,HiDream Foundation Model 1.0,2024-12-28,HiDream,HiDream,Industry,China,Video,"Video generation,Image-to-video,Text-to-video,Image generation,Text-to-image",,10000000000.0,,,,,,,,,,API access,No,Unreleased,Likely,
all,Zhixiang 3.0 (智象),2024-12-28,HiDream,HiDream,Industry,China,Video,"Video generation,Image-to-video,Text-to-video,Image generation,Text-to-image",,13000000000.0,,,,,,,,,,API access,No,Unreleased,Confident,
all,LTX-Video-0.9.1. 2B,2024-12-30,Lightricks,Lightricks,Industry,Israel,Video,"Video generation,Text-to-video,Image-to-video",,1900000000.0,,,,,,,,,,Open weights (non-commercial),Yes,Unreleased,Confident,
all,Zhaoyan (兆言大语言模型),2024-12-30,Shanghai Jiao Tong University,Shanghai Jiao Tong University,Academia,China,Language,,,,,,,,,,,,,,,,Unknown,
all,OLMo 2 Furious 13B,2024-12-31,Allen Institute for AI,"Allen Institute for AI,University of Washington,New York University (NYU)",Industry-academia collaboration,United States of America,Language,"Language modeling/generation,Question answering",4.6e+23,13000000000.0,,,,,,,,NVIDIA H100 SXM5 80GB,NVIDIA H100 / H800 / H200,Open weights (unrestricted),Yes,Open source,Confident,"Reported,Operation counting"
all,OLMo 2 Furious 7B,2024-12-31,Allen Institute for AI,"Allen Institute for AI,University of Washington,New York University (NYU)",Industry-academia collaboration,United States of America,Language,"Language modeling/generation,Question answering",1.8e+23,7000000000.0,,,,,,,,NVIDIA H100 SXM5 80GB,NVIDIA H100 / H800 / H200,Open weights (unrestricted),Yes,Open source,Confident,"Reported,Operation counting"
all,STORM-B/8,2024-12-31,University of Southern California,"University of Southern California,Georgia Institute of Technology,Stanford University,NVIDIA",Industry-academia collaboration,United States of America,3D modeling,"3D reconstruction,3D segmentation",,100598707.0,,,,,12578.999592690692,16.0,38.0,NVIDIA A100,NVIDIA A100 / A800,,,,Confident,
all,Tiangong 4.0,2025-01-06,Kunlun Inc.,Kunlun Inc.,Industry,China,Language,"Code generation,Chat,Search,Language modeling/generation",,,,,,,,,,,,,,,Unknown,
all,"Cosmos-1.0-
Diffusion-14B Video2World",2025-01-07,NVIDIA,NVIDIA,Industry,United States of America,Robotics,"Robotic manipulation,Self-driving car,Video generation",2.7999999999999996e+24,14000000000.0,,,,,13756136.253818648,10000.0,,NVIDIA H100 SXM5 80GB,NVIDIA H100 / H800 / H200,Open weights (restricted use),Yes,Unreleased,Likely,Hardware
all,Cosmos-Predict1-14b-Video2World,2025-01-07,NVIDIA,NVIDIA,Industry,United States of America,Video,"Robotic manipulation,System control,Video generation",2.7999999999999996e+24,14000000000.0,,,,,13756136.253818648,10000.0,,NVIDIA H100 SXM5 80GB,NVIDIA H100 / H800 / H200,Open weights (restricted use),Yes,Unreleased,Likely,Hardware
all,Cosmos-Predict1-7b-Video2World,2025-01-07,NVIDIA,NVIDIA,Industry,United States of America,Video,"Robotic manipulation,System control,Video generation",1.3999999999999998e+24,7000000000.0,,,,,13756136.253818648,10000.0,,NVIDIA H100 SXM5 80GB,NVIDIA H100 / H800 / H200,Open weights (restricted use),Yes,Unreleased,Likely,Hardware
all,voyage-3-large,2025-01-07,Voyage AI,Voyage AI,Industry,United States of America,Language,"Language modeling/generation,Question answering,Retrieval-augmented generation,Entity embedding,Translation",,,,,,,,,,,,API access,No,Unreleased,Unknown,
all,Stable Point Aware 3D (SPAR3D),2025-01-08,Stability AI,"Stability AI,University of Illinois Urbana-Champaign (UIUC)",Industry-academia collaboration,Multinational,3D modeling,3D reconstruction,,,,,,,,,,,,Open weights (restricted use),Yes,Unreleased,Unknown,
all,SenseNova Unified Large Model,2025-01-13,SenseTime,SenseTime,Industry,Hong Kong,Language,,,,,,,,,,,,,,,,Unknown,
all,MiniMax-Text-01,2025-01-14,MiniMax,MiniMax,Industry,China,Language,"Language modeling/generation,Question answering",3.1417632e+24,456000000000.0,7200000000000.0,,,,,,,NVIDIA H800 SXM5,NVIDIA H100 / H800 / H200,Open weights (restricted use),Yes,Unreleased,Likely,Operation counting
all,MiniMax-VL-01,2025-01-14,MiniMax,MiniMax,Industry,China,Multimodal,"Visual question answering,Language modeling/generation,Question answering",2.1238848e+24,,,,,,,,,NVIDIA H800 SXM5,NVIDIA H100 / H800 / H200,Open weights (restricted use),Yes,Unreleased,Likely,Operation counting
all,OpenBioLLM-Llama3-70B,2025-01-14,Saama,Saama,,United States of America,Language,"Language modeling/generation,Question answering,Medical diagnosis",,70000000000.0,,,,,11003.193629928292,8.0,,NVIDIA H100 SXM5 80GB,NVIDIA H100 / H800 / H200,Open weights (restricted use),Yes,Unreleased,Confident,
all,OpenBioLLM-Llama3-8B,2025-01-14,Saama,Saama,,United States of America,Language,"Language modeling/generation,Question answering,Medical diagnosis",,8000000000.0,,,,,755.7138482093607,1.0,,NVIDIA H100 SXM5 80GB,NVIDIA H100 / H800 / H200,Open weights (restricted use),Yes,Unreleased,Confident,
all,s1,2025-01-14,Stanford University,"Stanford University,University of Washington,Allen Institute for AI,Contextual AI",Industry-academia collaboration,United States of America,Language,"Language modeling/generation,Question answering,Quantitative reasoning",,32000000000.0,,,0.27,0.011250000000000001,22006.387259856583,16.0,1219.0,NVIDIA H100 SXM5 80GB,NVIDIA H100 / H800 / H200,Open weights (unrestricted),Yes,Open source,Confident,"Hardware,Operation counting"
all,InternLM3,2025-01-15,Shanghai AI Lab,Shanghai AI Lab,Academia,China,Language,"Language modeling/generation,Chat",,8000000000.0,,,,,,,,,,,,Open source,Confident,
all,MiniMax Speech-01-HD (T2A-01-HD),2025-01-15,MiniMax,MiniMax,Industry,China,Speech,"Text-to-speech (TTS),Speech synthesis",,,,,,,,,,,,API access,No,Unreleased,Unknown,
all,Pika 2.1,2025-01-15,Pika Labs,Pika Labs,Industry,United States of America,Video,"Video generation,Text-to-video",,,,,,,,,,,,API access,No,Unreleased,Unknown,
all,Unichat-32B-c1,2025-01-15,China Unicom,China Unicom,Industry,China,Language,,,32000000000.0,,,,,,,,,,,,,Confident,
all,MatterGen,2025-01-16,Microsoft Research AI for Science,Microsoft Research AI for Science,Industry,United States of America,Materials science,"Materials design,Crystal discovery",2.69568e+19,46800000.0,,,10.0,0.4166666666666667,6287.259184247614,8.0,,NVIDIA A100,NVIDIA A100 / A800,Open weights (unrestricted),Yes,Open source,Confident,Hardware
all,GPT-4b micro,2025-01-17,OpenAI,"OpenAI,Retro Biosciences",Industry,United States of America,Biology,"Protein generation,Proteins,Protein or nucleotide language model (pLM/nLM)",,,,,,,,,,,,Unreleased,No,Unreleased,Unknown,
all,INTELLECT-MATH,2025-01-17,Prime Intellect,Prime Intellect,Industry,United States of America,Mathematics,Mathematical reasoning,,7000000000.0,,,,,,,,,,Open weights (unrestricted),Yes,Open source,Confident,
all,MiniMax Speech-01-turbo (T2A-01-turbo),2025-01-17,MiniMax,MiniMax,Industry,China,Speech,"Text-to-speech (TTS),Speech synthesis",,,,,,,,,,,,API access,No,Unreleased,Unknown,
all,DeepSeek-R1,2025-01-20,DeepSeek,DeepSeek,Industry,China,Language,"Language modeling/generation,Code generation,Quantitative reasoning,Question answering",3.4999999999999997e+24,671000000000.0,14800000000000.0,6770000.0,,,,,,,,Open weights (unrestricted),Yes,Unreleased,Confident,Operation counting
all,DeepSeek-R1-Zero,2025-01-20,DeepSeek,DeepSeek,Industry,China,Language,"Language modeling/generation,Code generation,Quantitative reasoning,Question answering",,671000000000.0,,,,,,,,,,Open weights (unrestricted),Yes,Unreleased,Confident,
all,Eagle 2,2025-01-20,NVIDIA,"NVIDIA,Nanjing University,Tsinghua University,Hong Kong Polytechnic University,Johns Hopkins University,New York University (NYU)",Industry-academia collaboration,Multinational,Vision,,4.7156e+22,8930000000.0,,,130.5,5.4375,352055.152733459,256.0,57.0,NVIDIA H100 SXM5 80GB,NVIDIA H100 / H800 / H200,Open weights (non-commercial),Yes,Unreleased,Confident,
all,Zero-shot Monocular Scene Flow (ZeroMSF),2025-01-20,NVIDIA,"NVIDIA,Brown University",Industry-academia collaboration,United States of America,3D modeling,"3D reconstruction,Self-driving car",3.234816e+19,,,,12.0,0.5,6286.699155954625,8.0,,NVIDIA A100,NVIDIA A100 / A800,Unreleased,No,Unreleased,Confident,Hardware
all,Hunyuan3D 2.0,2025-01-21,Tencent,Tencent,Industry,China,Language,3D reconstruction,,,,,,,,,,,,Open weights (restricted use),Yes,,Unknown,
all,Sonar,2025-01-21,Perplexity,Perplexity,Industry,United States of America,Language,"Question answering,Chat,Language modeling/generation,Quantitative reasoning,Search",,70000000000.0,,,,,,,,,,API access,No,Unreleased,Confident,
all,DeepSeek-R1-Distill-Llama-70B,2025-01-22,DeepSeek,DeepSeek,Industry,China,Language,"Language modeling/generation,Question answering,Quantitative reasoning,Code generation",,70000000000.0,24000000000.0,,,,,,,,,Open weights (unrestricted),Yes,Unreleased,Speculative,Operation counting
all,DeepSeek-R1-Distill-Llama-8B,2025-01-22,DeepSeek,DeepSeek,Industry,China,Language,"Language modeling/generation,Question answering,Quantitative reasoning,Code generation",,8000000000.0,,,,,,,,,,Open weights (restricted use),Yes,Unreleased,Speculative,Operation counting
all,DeepSeek-R1-Distill-Qwen-1.5B,2025-01-22,DeepSeek,DeepSeek,Industry,China,Language,"Language modeling/generation,Quantitative reasoning,Question answering,Mathematical reasoning,Code generation",,1780000000.0,24000000000.0,,,,,,,,,Open weights (unrestricted),Yes,Unreleased,Speculative,Operation counting
all,DeepSeek-R1-Distill-Qwen-14B,2025-01-22,DeepSeek,DeepSeek,Industry,China,Language,"Language modeling/generation,Quantitative reasoning,Question answering,Mathematical reasoning,Code generation",,14800000000.0,24000000000.0,,,,,,,,,Open weights (unrestricted),Yes,Unreleased,Speculative,Operation counting
all,DeepSeek-R1-Distill-Qwen-32B,2025-01-22,DeepSeek,DeepSeek,Industry,China,Language,"Language modeling/generation,Question answering,Quantitative reasoning,Code generation",,32000000000.0,,,,,,,,,,Open weights (unrestricted),Yes,Unreleased,Speculative,Operation counting
all,DeepSeek-R1-Distill-Qwen-7B,2025-01-22,DeepSeek,DeepSeek,Industry,China,Language,"Language modeling/generation,Question answering,Quantitative reasoning,Code generation",,7000000000.0,,,,,,,,,,Open weights (unrestricted),Yes,Unreleased,Speculative,Operation counting
all,Doubao-1.5-pro,2025-01-22,ByteDance,ByteDance,Industry,China,Language,Language generation,,,9000000000000.0,,,,,,,,,Hosted access (no API),No,Unreleased,Confident,
all,Kimi k1.5,2025-01-22,Moonshot,Moonshot,Industry,China,Multimodal,"Language modeling/generation,Code generation,Quantitative reasoning,Question answering,Visual question answering,Translation,Image captioning,Visual puzzles",,,,,,,,,913.0,,,API access,No,Unreleased,Unknown,
all,gte-modernbert,2025-01-22,Alibaba,Alibaba,Industry,China,Language,"Language modeling/generation,Question answering",3.676128e+21,149000000.0,1028000000.0,,,,,,,,,Open weights (unrestricted),Yes,Unreleased,Likely,Operation counting
all,Computer-Using Agent (CUA),2025-01-23,OpenAI,OpenAI,Industry,United States of America,Multimodal,"Instruction interpretation,System control",,,,,,,,,,,,Hosted access (no API),No,Unreleased,Unknown,
all,DoMINO,2025-01-23,NVIDIA,NVIDIA,Industry,United States of America,3D modeling,Aerodynamics simulations,,,,,,,,,,,,,,Open source,Unknown,
all,Luma Ray2,2025-01-23,LumaLabs,LumaLabs,Industry,United States of America,Video,"Video generation,Text-to-video",,,,,,,,,,,,API access,No,Unreleased,Unknown,
all,Sonar Pro,2025-01-25,Perplexity,Perplexity,Industry,United States of America,Language,"Question answering,Chat,Language modeling/generation,Search",,,,,,,,,,,,API access,No,Unreleased,Unknown,
all,Baichuan-Omni-1.5,2025-01-26,Baichuan,Baichuan,Industry,China,Multimodal,"Language modeling/generation,Question answering,Audio question answering,Speech recognition (ASR),Speech-to-text,Visual question answering,Image captioning,Speech synthesis,Text-to-speech (TTS),Video,Video classification",3.3e+22,11000000000.0,500000000000.0,,,,,,,,,Open weights (restricted use),Yes,Unreleased,Likely,Operation counting
all,Qwen2.5-VL-7B,2025-01-26,Alibaba,Alibaba,Industry,China,,,,7000000000.0,,,,,,,,,,,,,Confident,
all,Janus-Pro-1B,2025-01-27,DeepSeek,DeepSeek,Industry,China,Multimodal,"Image generation,Text-to-image,Visual question answering",,1000000000.0,817889280000.0,,216.0,9.0,6285.719226471854,8.0,,NVIDIA A100 SXM4 40 GB,NVIDIA A100 / A800,Open weights (restricted use),Yes,,Confident,"Hardware,Operation counting"
all,Janus-Pro-7B,2025-01-27,DeepSeek,DeepSeek,Industry,China,Multimodal,"Image generation,Text-to-image,Visual question answering",,7000000000.0,3138560000.0,,336.0,14.0,6285.719226471854,8.0,,NVIDIA A100 SXM4 40 GB,NVIDIA A100 / A800,Open weights (restricted use),Yes,,Confident,"Hardware,Operation counting"
all,Kokoro v1.0,2025-01-27,hexgrad,hexgrad,,,Speech,"Text-to-speech (TTS),Speech synthesis",1.6848e+20,82000000.0,,,,,,,,NVIDIA A100 SXM4 80 GB,NVIDIA A100 / A800,Open weights (unrestricted),Yes,Unreleased,Confident,Hardware
all,Qwen2.5-Max,2025-01-28,Alibaba,Alibaba,Industry,China,Language,"Language modeling/generation,Question answering,Code generation",,,20000000000000.0,,,,,,,,,API access,No,Unreleased,Unknown,
all,GPT-4o (Jan 2025),2025-01-29,OpenAI,OpenAI,Industry,United States of America,Multimodal,"Chat,Image generation,Audio generation,Vision-language generation,Table tasks,Language modeling/generation,Question answering,Speech recognition (ASR),Speech-to-text",,,,,,,,,,,,API access,No,Unreleased,Speculative,Benchmarks
all,Sonar Reasoning,2025-01-29,Perplexity,Perplexity,Industry,United States of America,Language,"Question answering,Chat,Language modeling/generation,Quantitative reasoning,Search",,,,,,,,,,,,API access,No,Unreleased,Unknown,
all,Mistral Small 3,2025-01-30,Mistral AI,Mistral AI,Industry,France,Language,"Language modeling/generation,Question answering,Quantitative reasoning,Code generation,Translation",1.152e+24,24000000000.0,8000000000000.0,,,,,,,,,Open weights (unrestricted),Yes,Unreleased,Confident,Operation counting
all,Tulu 3 405B,2025-01-30,Allen Institute for AI,"Allen Institute for AI,University of Washington",Industry-academia collaboration,United States of America,Language,"Language modeling/generation,Question answering,Quantitative reasoning",,405000000000.0,,,,,,,,NVIDIA H100 SXM5 80GB,NVIDIA H100 / H800 / H200,Open weights (restricted use),Yes,Open source,Likely,Hardware
all,o3-mini,2025-01-31,OpenAI,OpenAI,Industry,United States of America,Language,"Language modeling/generation,Question answering,Quantitative reasoning,Code generation",,,,,,,,,,,,API access,No,Unreleased,Unknown,
all,s1-32B,2025-01-31,Stanford University,"Stanford University,University of Washington,Allen Institute for AI,Contextual AI",Industry-academia collaboration,United States of America,Language,"Mathematical reasoning,Language modeling/generation",,32000000000.0,,,7.0,0.2916666666666667,12570.318670696644,16.0,1219.0,NVIDIA H100 NVL,NVIDIA H100 / H800 / H200,Open weights (unrestricted),Yes,,Confident,
all,s1.1,2025-01-31,Stanford University,"Stanford University,University of Washington,Allen Institute for AI,Contextual AI",Industry-academia collaboration,United States of America,Language,"Mathematical reasoning,Language modeling/generation",,32000000000.0,,,7.0,0.2916666666666667,12570.318670696644,16.0,1219.0,NVIDIA H100 NVL,NVIDIA H100 / H800 / H200,Open weights (unrestricted),Yes,,Confident,
all,Sonar Reasoning Pro,2025-02-01,Perplexity,Perplexity,Industry,United States of America,Language,"Question answering,Chat,Language modeling/generation,Quantitative reasoning,Search",,,,,,,,,,,,API access,No,Unreleased,Unknown,
all,Eurus-2-7B-PRIME,2025-02-03,Tsinghua University,"Tsinghua University,University of Illinois Urbana-Champaign (UIUC),Shanghai AI Lab,Peking University,Shanghai Jiao Tong University,CUHK Shenzhen Research Institute",Academia,Multinational,Mathematics,"Mathematical reasoning,Code generation",4.01915904e+20,7000000000.0,830000.0,,,,,,333.0,,,Open weights (unrestricted),Yes,Open source,Speculative,
all,Prithvi-EO-2.0 300M,2025-02-03,IBM Research,"IBM Research,NASA,University of Alabama,University of Iceland,Forschungszentrum Julich,Virginia Tech (Virginia Polytechnic Institute and State University),Arizona State University,Oregon State University,Boston University,University of California (UC) Berkeley,Julich Supercomputing Center",Industry-academia collaboration,Multinational,Earth science,,7.07616e+21,300000000.0,,,,,62847.3944973407,80.0,,NVIDIA A100,NVIDIA A100 / A800,Open weights (unrestricted),Yes,,Confident,Hardware
all,Prithvi-EO-2.0 600M,2025-02-03,IBM Research,"IBM Research,NASA,University of Alabama,University of Iceland,Forschungszentrum Julich,Virginia Tech (Virginia Polytechnic Institute and State University),Arizona State University,Oregon State University,Boston University,University of California (UC) Berkeley,Julich Supercomputing Center",Industry-academia collaboration,Multinational,Earth science,,1.954368e+22,600000000.0,,,,,188542.18349202207,240.0,,NVIDIA A100,NVIDIA A100 / A800,Open weights (unrestricted),Yes,,Confident,Hardware
all,Gemini 2.0 Flash-Lite,2025-02-05,Google DeepMind,Google DeepMind,Industry,United States of America,Multimodal,"Language modeling/generation,Question answering,Translation,Text classification,Quantitative reasoning,Code generation,Visual question answering,Video description,Speech recognition (ASR)",,,,,,,,,,Google TPU v6e Trillium,Google TPU v6,API access,No,Unreleased,Unknown,
all,Goku+,2025-02-07,The University of Hong Kong,"The University of Hong Kong,ByteDance",Industry-academia collaboration,Multinational,Video,"Video generation,Image-to-video,Text-to-video",,,,,,,,,,,,,,,Confident,
all,Goku-8B,2025-02-07,The University of Hong Kong,"The University of Hong Kong,ByteDance",Industry-academia collaboration,Multinational,Video,"Video generation,Image generation,Text-to-video",,8000000000.0,,,,,,,,,,,,,Confident,
all,HAMSTER VLM,2025-02-08,NVIDIA,"NVIDIA,University of Washington,University of Southern California",Industry-academia collaboration,United States of America,Robotics,Robotic manipulation,2.4081408e+21,13493916736.0,,,30.0,1.25,6284.039702711232,8.0,104.0,NVIDIA A100 SXM4 80 GB,NVIDIA A100 / A800,Open weights (non-commercial),Yes,Unreleased,Confident,Hardware
all,Animate Anyone 2,2025-02-10,Alibaba,Alibaba,Industry,China,Video,"Video generation,Video-to-video,Image-to-video",,,,,,,6283.759825717466,8.0,,NVIDIA A100,NVIDIA A100 / A800,Unreleased,No,Unreleased,Unknown,
all,OREAL 32B,2025-02-10,Shanghai AI Lab,"Shanghai AI Lab,Shanghai Jiao Tong University,Chinese University of Hong Kong (CUHK),InnoHK",Industry-academia collaboration,Multinational,Mathematics,"Mathematical reasoning,Quantitative reasoning,Language modeling/generation,Question answering",,32000000000.0,,,,,100540.15721147944,128.0,,NVIDIA A100,NVIDIA A100 / A800,Open weights (unrestricted),Yes,Open source,Likely,Operation counting
all,OREAL 7B,2025-02-10,Shanghai AI Lab,"Shanghai AI Lab,Shanghai Jiao Tong University,Chinese University of Hong Kong (CUHK),InnoHK",Industry-academia collaboration,Multinational,Mathematics,"Mathematical reasoning,Quantitative reasoning,Language modeling/generation,Question answering",,7000000000.0,,,9.0,0.375,25135.039302869864,32.0,,NVIDIA A100,NVIDIA A100 / A800,Open weights (unrestricted),Yes,Open source,Likely,"Operation counting,Hardware"
all,Zonos-v0.1,2025-02-10,Zyphra,Zyphra,Industry,United States of America,Speech,"Text-to-speech (TTS),Speech synthesis",,1600000000.0,,,,,,,,,,Open weights (unrestricted),Yes,Unreleased,Confident,
all,OmniHuman-1,2025-02-13,ByteDance,ByteDance,Industry,China,Video,"Video generation,Image-to-video",,,,,,,,,,,,Unreleased,No,Unreleased,Confident,
all,Deephermes 3 Llama 3 8B Preview,2025-02-14,Nous Research,Nous Research,Industry,United States of America,Language,"Mathematical reasoning,Quantitative reasoning,Language modeling/generation,Question answering",,8000000000.0,1500000000.0,,,,,,,,,Open weights (restricted use),Yes,Unreleased,Speculative,Operation counting
all,Granite Vision 3.2 2B,2025-02-14,IBM,IBM,Industry,United States of America,Multimodal,"Mathematical reasoning,Quantitative reasoning,Language modeling/generation,Question answering,Visual question answering",,2980000000.0,,,,,,,,,,Open weights (unrestricted),Yes,Unreleased,Confident,
all,LLaDA,2025-02-14,Renmin University of China,"Renmin University of China,Ant Group",Industry-academia collaboration,China,Language,"Code generation,Language modeling/generation",,8000000000.0,2300000000000.0,,,,,,631.0,NVIDIA H800 SXM5,NVIDIA H100 / H800 / H200,,,Unreleased,Confident,
all,Sonar Deep Research,2025-02-14,Perplexity,Perplexity,Industry,United States of America,Language,"Question answering,Chat,Language modeling/generation,Quantitative reasoning,Text summarization",,,,,,,,,,,,Hosted access (no API),No,Unreleased,Unknown,
all,Step-Audio-TTS-3B,2025-02-14,StepFun,StepFun,Industry,China,Speech,"Text-to-speech (TTS),Speech synthesis",,3000000000.0,,,,,,,,,,Open weights (unrestricted),Yes,Unreleased,Unknown,
all,BRIA 3.1,2025-02-15,BRIA AI,BRIA AI,Industry,United States of America,Image generation,Text-to-image,,4000000000.0,,,,,,,,,,Open weights (non-commercial),Yes,Unreleased,Confident,
all,SkyReels-A1,2025-02-15,Kunlun Inc.,Kunlun Inc.,Industry,China,Video,"Video generation,Image-to-video",,,,,,,25132.24075106644,32.0,36.0,NVIDIA A800 SXM,NVIDIA A100 / A800,,,,Confident,
all,YAYI-Ultra,2025-02-15,Yayi (Wenge),Yayi (Wenge),Industry,China,Multimodal,"Language modeling/generation,Code generation,Question answering,Visual question answering,Character recognition (OCR)",,,,,,,,,,,,Hosted access (no API),No,Unreleased,Unknown,
all,Grok 3,2025-02-17,xAI,xAI,Industry,United States of America,Multimodal,"Chat,Language modeling/generation,Question answering,Code generation,Visual question answering",3.5000000000000006e+26,3000000000000.0,,217835545.5267339,2160.0,90.0,109948656.20196916,80000.0,,NVIDIA H100 SXM5 80GB,NVIDIA H100 / H800 / H200,API access,No,Unreleased,Likely,"Hardware,Comparison with other models"
all,Mistral Saba,2025-02-17,Mistral AI,Mistral AI,Industry,France,Language,"Language modeling/generation,Question answering,Chat,Translation",,24000000000.0,,,,,,,,,,API access,No,Unreleased,Confident,
all,Brain2Qwerty,2025-02-18,Meta AI,"Meta AI,Universite de Technologie de Compiègne – CNRS,Basque Center on Cognition",Industry-academia collaboration,Multinational,Language,Language generation,1.62e+18,400000000.0,,,12.0,0.5,323.6250227878313,1.0,,NVIDIA V100,NVIDIA V100,Unreleased,No,Unreleased,Confident,Hardware
all,R1 1776,2025-02-18,Perplexity,Perplexity,Industry,United States of America,Language,"Language modeling/generation,Question answering,Chat",,671000000000.0,,,,,,,,,,Open weights (unrestricted),Yes,Unreleased,Speculative,Operation counting
all,Step-1,2025-02-18,StepFun,StepFun,Industry,China,Language,"Language modeling/generation,Question answering",6.24e+23,130000000000.0,800000000000.0,,,,,,,,,Unreleased,No,Unreleased,Confident,Operation counting
all,Step-Audio-Chat 130B,2025-02-18,StepFun,StepFun,Industry,China,Speech,"Speech synthesis,Speech recognition (ASR),Speech-to-text,Text-to-speech (TTS),Audio question answering,Audio generation,Speech-to-speech",1.92504e+24,130000000000.0,1668000000000.0,,,,,,,,,Open weights (unrestricted),Yes,Unreleased,Confident,Operation counting
all,Step-Omni,2025-02-18,StepFun,StepFun,Industry,China,Multimodal,"Speech synthesis,Speech recognition (ASR),Speech-to-text,Text-to-speech (TTS),Audio question answering,Audio generation,Image captioning,Visual question answering,Speech-to-speech",2.54904e+24,130000000000.0,2468000000000.0,,,,,,,NVIDIA H800 SXM5,NVIDIA H100 / H800 / H200,Unreleased,No,Unreleased,Confident,Operation counting
all,TasiChat (TasiChat大模型),2025-02-18,Chengdu Tasi Technology Co.,"Chengdu Tasi Technology Co., Ltd.",Industry,China,Multimodal,"Chat,Language modeling/generation,Question answering,Retrieval-augmented generation,Speech synthesis",,,,,,,,,,,,Hosted access (no API),No,Unreleased,Unknown,
all,Evo 2 40B,2025-02-19,Arc Institute,"Arc Institute,Stanford University,NVIDIA,Liquid,University of California (UC) Berkeley,Goodfire,Columbia University,University of California San Francisco",Industry-academia collaboration,United States of America,Biology,Protein or nucleotide language model (pLM/nLM),2.25e+24,40300000000.0,9300000000000.0,,,,,,,,,Open weights (unrestricted),Yes,Open source,Confident,"Operation counting,Reported"
all,Evo 2 7B,2025-02-19,Arc Institute,"Arc Institute,Stanford University,NVIDIA,Liquid,University of California (UC) Berkeley,Goodfire,Columbia University,University of California San Francisco",Industry-academia collaboration,United States of America,Biology,Protein or nucleotide language model (pLM/nLM),1.008e+23,7000000000.0,2400000000000.0,,,,,,,,,Open weights (unrestricted),Yes,Open source,Confident,Operation counting
all,Grok-3 mini,2025-02-19,xAI,xAI,Industry,United States of America,Language,"Language modeling/generation,Question answering",,,,,,,,,,,,API access,No,Unreleased,Unknown,
all,PaliGemma 2 3B Mix 224,2025-02-19,Google,Google,Industry,United States of America,Multimodal,"Image captioning,Visual question answering,Object detection,Image segmentation,Object recognition,Character recognition (OCR)",4.0397694e+22,2920000000.0,256000000000.0,,72.0,3.0,113085.0096028742,256.0,,Google TPU v5e,Google TPU v5,Open weights (non-commercial),Yes,Unreleased,Confident,"Hardware,Operation counting"
all,PaliGemma 2 3B Mix 448,2025-02-19,Google,Google,Industry,United States of America,Multimodal,"Image captioning,Visual question answering,Object detection,Object recognition,Image segmentation,Character recognition (OCR)",,2920000000.0,51200000000.0,,,,113085.0096028742,256.0,,Google TPU v5e,Google TPU v5,Open weights (non-commercial),Yes,Unreleased,Confident,
all,Qwen2.5-VL-3B,2025-02-19,Alibaba,Alibaba,Industry,China,Multimodal,"Visual question answering,Video description,Language modeling/generation,Translation,Question answering,Character recognition (OCR),Quantitative reasoning",4.0752e+23,3000000000.0,,,,,,,,,,Open weights (restricted use),Yes,Unreleased,Confident,Operation counting
all,Qwen2.5-VL-72B,2025-02-19,Alibaba,Alibaba,Industry,China,Multimodal,"Visual question answering,Video description,Language modeling/generation,Translation,Question answering,Character recognition (OCR),Quantitative reasoning",9.5712e+24,72000000000.0,,,,,,,,,,Open weights (restricted use),Yes,Unreleased,Confident,Operation counting
all,Qwen2.5-VL-7B,2025-02-19,Alibaba,Alibaba,Industry,China,Multimodal,"Visual question answering,Video description,Language modeling/generation,Translation,Question answering,Character recognition (OCR),Quantitative reasoning",9.9408e+23,7000000000.0,,,,,,,,,,Open weights (unrestricted),Yes,Unreleased,Confident,Operation counting
all,Helix,2025-02-20,Figure AI,Figure AI,Industry,United States of America,Robotics,"Animal (human/non-human) imitation,Robotic manipulation",,7080000000.0,,,,,,,,,,Hosted access (no API),No,Unreleased,Confident,
all,SigLIP 2,2025-02-20,Google DeepMind,Google DeepMind,Industry,United States of America,Vision,"Image classification,Image embedding",8.208e+22,1140000000.0,,,,,904659.9303908026,2048.0,,Google TPU v5e,Google TPU v5,Open weights (unrestricted),Yes,Unreleased,Confident,Operation counting
all,Baigong (百工),2025-02-21,Shanghai Lingyi Artificial Intelligence Technology Co.,"Shanghai Lingyi Artificial Intelligence Technology Co., Ltd.",Industry,China,Robotics,Manufacturing Automation,,,,,,,,,,,,,,,Unknown,
all,Claude 3.7 Sonnet,2025-02-24,Anthropic,Anthropic,Industry,United States of America,Multimodal,"Language modeling/generation,Question answering,Code generation,Quantitative reasoning,Translation,Instruction interpretation,Visual question answering",3.3499999999999998e+25,,,,,,,,,,,API access,No,Unreleased,Likely,
all,Step-Video-T2V,2025-02-24,StepFun,StepFun,Industry,China,Video,"Video generation,Text-to-video",4.1015808e+24,30000000000.0,,,720.0,30.0,6870719.882854385,5000.0,,NVIDIA H800 SXM5,NVIDIA H100 / H800 / H200,Open weights (unrestricted),Yes,Unreleased,Likely,Hardware
all,BFS-Prover,2025-02-25,ByteDance,ByteDance,Industry,China,Language,Mathematical reasoning,,7000000000.0,,,,,,,,NVIDIA A100 SXM4 80 GB,NVIDIA A100 / A800,Open weights (unrestricted),Yes,Unreleased,Confident,
all,Bailing-Pro-20250225,2025-02-25,Ant Group,Ant Group,Industry,China,Language,"Language modeling/generation,Question answering",,,,,,,,,,,,Unreleased,No,Unreleased,Unknown,
all,Tianxi-7B,2025-02-25,Lenovo,Lenovo,Industry,China,Language,"Text summarization,Translation,Language modeling/generation,Question answering",,7000000000.0,,,,,,,,,,Hosted access (no API),No,Unreleased,Confident,
all,Wan 2.1 14B I2V,2025-02-25,Alibaba,Alibaba,Industry,China,Video,"Video generation,Image-to-video,Text-to-video",2.5e+23,14000000000.0,3000000000000.0,,,,,,,,,Open weights (unrestricted),Yes,Unreleased,Likely,Operation counting
all,YandexGPT 5 Lite,2025-02-25,Yandex,Yandex,Industry,Russia,Language,"Language modeling/generation,Question answering,Code generation,Mathematical reasoning,Retrieval-augmented generation",7.3536e+23,8000000000.0,15320000000000.0,,,,,,,,,Open weights (restricted use),Yes,Unreleased,Confident,Operation counting
all,YandexGPT 5 Pro,2025-02-25,Yandex,Yandex,Industry,Russia,Language,"Language modeling/generation,Question answering,Code generation,Mathematical reasoning,Retrieval-augmented generation",,,,,,,,,,,,API access,No,Unreleased,Unknown,
all,Eleven Scribe,2025-02-26,ElevenLabs,ElevenLabs,Industry,United States of America,Speech,"Speech-to-text,Speech recognition (ASR)",,,,,,,,,,,,API access,No,Unreleased,Unknown,
all,Euler (Euler大模型),2025-02-26,,,,,Language,Chat,,2500000000.0,,,,,,,,,,,,,Confident,
all,Granite 3.2 2B,2025-02-26,IBM,IBM,Industry,United States of America,Language,"Mathematical reasoning,Quantitative reasoning,Language modeling/generation,Question answering,Text summarization,Text classification,Translation,Code generation",,2530000000.0,,,,,,,,NVIDIA H100 SXM5 80GB,NVIDIA H100 / H800 / H200,Open weights (unrestricted),Yes,Unreleased,Confident,
all,Granite 3.2 2B,2025-02-26,IBM Research,IBM Research,Industry,United States of America,,,,2000000000.0,,,,,,,,,,,,,Confident,
all,Granite 3.2 8B,2025-02-26,IBM,IBM,Industry,United States of America,Language,"Mathematical reasoning,Quantitative reasoning,Language modeling/generation,Question answering",,8000000000.0,,,,,,,,NVIDIA H100 SXM5 80GB,NVIDIA H100 / H800 / H200,Open weights (unrestricted),Yes,Unreleased,Confident,
all,Granite Guardian 3.2,2025-02-26,IBM,IBM,Industry,United States of America,Language,"Quantitative reasoning,Language modeling/generation,Question answering",,,,,,,,,,,,Open weights (unrestricted),Yes,Unreleased,Unknown,
all,GPT-4.5,2025-02-27,OpenAI,OpenAI,Industry,United States of America,Multimodal,"Language modeling/generation,Question answering,Quantitative reasoning,Translation,Visual question answering,Code generation,Instruction interpretation",3.8e+26,,,366010627.6281514,3000.0,125.0,,,,,,API access,No,Unreleased,Likely,Benchmarks
all,Kimi 1.6,2025-02-27,Moonshot,Moonshot,Industry,China,Language,Code generation,,,,,,,,,,,,Unreleased,No,Unreleased,Unknown,
all,Mercury,2025-02-27,Inception Labs,Inception Labs,Industry,United States of America,Language,Code generation,,,,,,,,,,,,API access,No,Unreleased,Unknown,
all,Pika 2.2,2025-02-27,Pika Labs,Pika Labs,Industry,United States of America,Video,"Video generation,Text-to-video,Image-to-video",,,,,,,,,,,,API access,No,Unreleased,Unknown,
all,Image-01,2025-02-28,MiniMax,MiniMax,Industry,China,Image generation,"Text-to-image,Image generation",,,,,,,,,,,,API access,No,Unreleased,Unknown,
all,Aya Vision 32B,2025-03-03,Cohere,Cohere,Industry,Canada,Multimodal,"Language generation,Image captioning,Visual question answering,Language modeling/generation,Question answering",,33100000000.0,,,,,,,,,,Open weights (non-commercial),Yes,Unreleased,Confident,
all,Difix3D+,2025-03-03,NVIDIA,"NVIDIA,National University of Singapore,University of Toronto,Vector Institute",Industry-academia collaboration,Multinational,3D modeling,3D reconstruction,,,,,,,,,,,,Open weights (non-commercial),Yes,Open (non-commercial),Unknown,
all,Hailuo I2V-01-Director,2025-03-03,MiniMax,"MiniMax,Hailuo AI",Industry,Multinational,Video,"Video generation,Image-to-video",,,,,,,,,,,,API access,No,Unreleased,Unknown,
all,Hailuo T2V-01-Director,2025-03-03,MiniMax,"MiniMax,Hailuo AI",Industry,Multinational,Video,"Video generation,Text-to-video",,,,,,,,,,,,API access,No,Unreleased,Unknown,
all,Phi-4 Mini,2025-03-03,Microsoft,Microsoft,Industry,United States of America,Language,"Language modeling/generation,Visual question answering,Code generation,Quantitative reasoning,Translation",9.9561596e+22,3800000000.0,5000000000000.0,,504.0,21.0,401972.5996644288,512.0,,NVIDIA A100 SXM4 80 GB,NVIDIA A100 / A800,Open weights (unrestricted),Yes,Unreleased,Confident,"Operation counting,Hardware"
all,Phi-4-Multimodal,2025-03-03,Microsoft,Microsoft,Industry,United States of America,Multimodal,"Language modeling/generation,Question answering,Visual question answering,Speech recognition (ASR),Translation,Audio question answering,Character recognition (OCR)",1.1852519e+23,5600000000.0,,,672.0,28.0,401972.5996644288,512.0,,NVIDIA A100 SXM4 80 GB,NVIDIA A100 / A800,Open weights (unrestricted),Yes,Unreleased,Confident,"Operation counting,Hardware"
all,Spark-X1,2025-03-03,iFlytek,iFlytek,Industry,China,Language,"Language modeling/generation,Chat,Mathematical reasoning",,70000000000.0,,,,,7851027.337195874,10000.0,,Huawei Ascend 910B,Huawei Ascend,,,,Confident,
all,LTX-Video-0.9.5. 2B,2025-03-05,Lightricks,Lightricks,Industry,Israel,Video,"Video generation,Text-to-video,Image-to-video",,1900000000.0,,,,,,,,,,Open weights (restricted use),Yes,Unreleased,Confident,
all,Character-3,2025-03-06,Hedra AI,Hedra AI,Industry,United States of America,Video,"Video generation,Text-to-video",,,,,,,,,,,,Open weights (non-commercial),Yes,Unreleased,Unknown,
all,Jamba 1.6 Large,2025-03-06,AI21 Labs,AI21 Labs,Industry,Israel,Language,"Language modeling/generation,Question answering,Code generation,Retrieval-augmented generation,Chat,Quantitative reasoning,Table tasks,Translation",,398000000000.0,,,,,,,,,,Open weights (restricted use),Yes,Unreleased,Confident,
all,Jamba 1.6 Mini,2025-03-06,AI21 Labs,AI21 Labs,Industry,Israel,Language,"Language modeling/generation,Question answering,Code generation,Retrieval-augmented generation,Chat,Quantitative reasoning,Table tasks,Translation",,52000000000.0,,,,,,,,,,Open weights (restricted use),Yes,Unreleased,Confident,
all,Mistral OCR,2025-03-06,Mistral AI,Mistral AI,Industry,France,Multimodal,"Character recognition (OCR),Chat,Language generation",,,,,,,,,,,,API access,No,Unreleased,Unknown,
all,QwQ-32B,2025-03-06,Alibaba,Alibaba,Industry,China,Language,"Language modeling/generation,Question answering,Quantitative reasoning,Code generation",3.51e+24,32500000000.0,,,,,,,,,,Open weights (unrestricted),Yes,Unreleased,Speculative,
all,Sonic 2,2025-03-07,Cartesia,Cartesia,Industry,United States of America,Speech,"Text-to-speech (TTS),Speech synthesis",,,,,,,,,,,,API access,No,Unreleased,Unknown,
all,FoxBrain,2025-03-10,Foxconn,Foxconn,Industry,Taiwan,Language,"Language modeling/generation,Question answering,Mathematical reasoning",,70000000000.0,,,,,82422.93749007674,120.0,,NVIDIA H100 PCIe,NVIDIA H100 / H800 / H200,Open weights (restricted use),Yes,Unreleased,Confident,"Operation counting,Hardware"
all,"Ling-Plus (""Bailing"")",2025-03-10,Ant Group,Ant Group,Industry,China,Language,"Language modeling/generation,Question answering,Code generation",1.5552e+24,290000000000.0,9000000000000.0,,,,,,,,,Open weights (unrestricted),Yes,Unreleased,Confident,Operation counting
all,"Ling-lite-1.5 (""Bailing"")",2025-03-10,Ant Group,Ant Group,Industry,China,Language,"Language modeling/generation,Question answering,Code generation",1.485e+23,16800000000.0,9000000000000.0,,,,,,,,,Open weights (unrestricted),Yes,Unreleased,Confident,Operation counting
all,Reka Flash 3,2025-03-10,Reka AI,Reka AI,Industry,United States of America,Multimodal,"Chat,Code generation,Language modeling/generation,Quantitative reasoning,Question answering,Character recognition (OCR),Visual question answering,Video description,Speech recognition (ASR)",,21000000000.0,,,,,,,,,,Open weights (unrestricted),Yes,Unreleased,Confident,
all,Seedream 2.0,2025-03-10,ByteDance,ByteDance,Industry,China,Image generation,"Image generation,Text-to-image",,,,,,,,,,,,API access,No,Unreleased,Unknown,
all,Hunyuan-TurboS,2025-03-11,Tencent,Tencent,Industry,China,Language,"Language modeling/generation,Quantitative reasoning,Question answering,Code generation,Text summarization",5.4e+24,560000000000.0,16000000000000.0,,,,,,,,,API access,No,Unreleased,Confident,
all,YuE,2025-03-11,Hong Kong University of Science and Technology (HKUST),"Hong Kong University of Science and Technology (HKUST),Multimodal Art Projection (MAP)",Industry-academia collaboration,Multinational,Speech,"Music generation,Text-to-speech (TTS)",,7000000000.0,,,,,703326.7370966855,512.0,65.0,NVIDIA H800 SXM5,NVIDIA H100 / H800 / H200,,,,Confident,
all,Gemini Robotics,2025-03-12,Google DeepMind,Google DeepMind,Industry,United States of America,Robotics,"Instruction interpretation,Robotic manipulation,Speech recognition (ASR),Object recognition,Object detection",,,,,,,,,,"Google TPU v4,Google TPU v5e",Google TPU v5,Unreleased,No,Unreleased,Unknown,
all,Gemini Robotics-ER,2025-03-12,Google DeepMind,Google DeepMind,Industry,United States of America,Robotics,"Instruction interpretation,Robotic manipulation,Speech recognition (ASR),Object recognition,Object detection",,,,,,,,,,"Google TPU v4,Google TPU v5e",Google TPU v5,Unreleased,No,Unreleased,Unknown,
all,Gemma 3 12B,2025-03-12,Google DeepMind,Google DeepMind,Industry,United States of America,Multimodal,"Language modeling/generation,Question answering,Translation,Chat,Quantitative reasoning,Visual question answering,Code generation",8.64e+23,12000000000.0,12000000000000.0,,,,4099298.8349679047,6144.0,,Google TPU v4,Google TPU v4,Open weights (restricted use),Yes,Unreleased,Confident,Operation counting
all,Gemma 3 1B,2025-03-12,Google DeepMind,Google DeepMind,Industry,United States of America,Language,"Language modeling/generation,Question answering,Translation,Chat,Quantitative reasoning,Code generation,Mathematical reasoning",1.2e+22,1000000000.0,2000000000000.0,,,,226064.27398720064,512.0,,Google TPU v5e,Google TPU v5,Open weights (restricted use),Yes,Unreleased,Confident,Operation counting
all,Gemma 3 27B,2025-03-12,Google DeepMind,Google DeepMind,Industry,United States of America,Multimodal,"Language modeling/generation,Question answering,Translation,Chat,Quantitative reasoning,Visual question answering,Code generation",2.268e+24,27000000000.0,14000000000000.0,,,,6510651.0908313785,6144.0,,Google TPU v5p,Google TPU v5,Open weights (restricted use),Yes,Unreleased,Confident,Operation counting
all,Gemma 3 4B,2025-03-12,Google DeepMind,Google DeepMind,Industry,United States of America,Multimodal,"Language modeling/generation,Question answering,Translation,Chat,Quantitative reasoning,Visual question answering,Code generation",9.6e+22,4000000000.0,4000000000000.0,,,,904257.0959488024,2048.0,,Google TPU v5e,Google TPU v5,Open weights (restricted use),Yes,Unreleased,Confident,Operation counting
all,Marey,2025-03-12,Moonvalley,Moonvalley,Industry,Canada,Video,"Video generation,Text-to-video,Image-to-video",,,,,,,,,,,,Hosted access (no API),No,Unreleased,Unknown,
all,Cohere Command A,2025-03-13,Cohere,Cohere,Industry,Canada,Language,"Language modeling/generation,Chat,Code generation,Question answering",,111000000000.0,,,,,,,,,,Open weights (non-commercial),Yes,Unreleased,Confident,
all,GigaChat 2 Lite,2025-03-13,Sber,Sber,Industry-academia collaboration,Russia,Language,"Language modeling/generation,Question answering,Chat,Code generation,Mathematical reasoning",,,,,,,,,,,,API access,No,Unreleased,Unknown,
all,GigaChat 2 MAX,2025-03-13,Sber,Sber,Industry-academia collaboration,Russia,Language,"Language modeling/generation,Question answering,Chat,Code generation,Mathematical reasoning",,,,,,,,,,,,API access,No,Unreleased,Unknown,
all,GigaChat 2 Pro,2025-03-13,Sber,Sber,Industry-academia collaboration,Russia,Language,"Language modeling/generation,Question answering,Chat,Code generation,Mathematical reasoning",,,,,,,,,,,,API access,No,Unreleased,Unknown,
all,Meissonic,2025-03-13,National University of Singapore,"National University of Singapore,Skywork AI,Hong Kong University of Science and Technology (HKUST),University of California (UC) Berkeley,Zhejiang University (ZJU)",Industry-academia collaboration,Multinational,Image generation,"Text-to-image,Image generation",1.2292301e+21,1000000000.0,,,,,,,,NVIDIA H100 SXM5 80GB,NVIDIA H100 / H800 / H200,Open weights (unrestricted),Yes,Open source,Confident,Hardware
all,OLMo 2 32B,2025-03-13,Allen Institute for AI,Allen Institute for AI,Research collective,United States of America,Language,"Language modeling/generation,Question answering",1.3e+24,32000000000.0,4000000000000.0,,,,,,,NVIDIA H100 SXM5 80GB,NVIDIA H100 / H800 / H200,Open weights (unrestricted),Yes,Open source,Confident,Reported
all,EXAONE 3.5-R 2.4B,2025-03-14,LG AI Research,LG AI Research,Industry,Korea (Republic of),Language,"Language modeling/generation,Question answering,Translation",9.504e+22,2400000000.0,,,,,,,,,,Unreleased,No,Unreleased,Confident,Reported
all,EXAONE 3.5-R 32B,2025-03-14,LG AI Research,LG AI Research,Industry,Korea (Republic of),Language,"Language modeling/generation,Question answering,Translation",1.2692e+24,32000000000.0,,,,,,,,,,Unreleased,No,Unreleased,Confident,Reported
all,EXAONE 3.5-R 7.8B,2025-03-14,LG AI Research,LG AI Research,Industry,Korea (Republic of),Language,"Language modeling/generation,Question answering,Translation",4.2568e+23,7800000000.0,,,,,,,,,,Unreleased,No,Unreleased,Confident,Reported
all,ERNIE x1 (文心大模型X1),2025-03-16,Baidu,Baidu,Industry,China,Multimodal,"Code generation,Mathematical reasoning,Chat",,,,,,,,,,,,,,Unreleased,Unknown,
all,ERNIE-4.5-VL-424B-A47B (文心大模型4.5),2025-03-16,Baidu,Baidu,Industry,China,Multimodal,"Language modeling/generation,Visual question answering,Video description,Speech recognition (ASR),Quantitative reasoning,Code generation,Translation,Question answering,Character recognition (OCR)",,424000000000.0,,,,,,,,,,Open weights (unrestricted),Yes,Unreleased,Confident,
all,EXAONE Deep 2.4B,2025-03-16,LG AI Research,LG AI Research,Industry,Korea (Republic of),Language,"Language modeling/generation,Question answering,Quantitative reasoning,Code generation",9.41e+22,2400000000.0,12000000000.0,,,,,,,NVIDIA H100 SXM5 80GB,NVIDIA H100 / H800 / H200,Open weights (non-commercial),Yes,Unreleased,Confident,"Reported,Operation counting"
all,EXAONE Deep 32B,2025-03-16,LG AI Research,LG AI Research,Industry,Korea (Republic of),Language,"Language modeling/generation,Question answering,Quantitative reasoning,Code generation",1.26e+24,32000000000.0,12000000000.0,,2160.0,90.0,703248.4282353076,512.0,,NVIDIA H100 SXM5 80GB,NVIDIA H100 / H800 / H200,Open weights (non-commercial),Yes,Unreleased,Confident,"Reported,Operation counting,Hardware"
all,EXAONE Deep 7.8B,2025-03-16,LG AI Research,LG AI Research,Industry,Korea (Republic of),Language,"Language modeling/generation,Question answering,Quantitative reasoning,Code generation",4.23e+23,7800000000.0,12000000000.0,,,,,,,NVIDIA H100 SXM5 80GB,NVIDIA H100 / H800 / H200,Open weights (non-commercial),Yes,Unreleased,Confident,"Reported,Operation counting"
all,Chirp 3 HD Text-to-Speech,2025-03-17,Google,"Google,Google DeepMind",Industry,United States of America,Speech,"Text-to-speech (TTS),Speech synthesis",,,,,,,,,,,,API access,No,Unreleased,Unknown,
all,Chirp 3 Speech-to-Text,2025-03-17,Google,"Google,Google DeepMind",Industry,United States of America,Speech,"Speech recognition (ASR),Speech-to-text,Translation",,,,,,,,,,,,Hosted access (no API),No,Unreleased,Unknown,
all,Mistral Small 3.1,2025-03-17,Mistral AI,Mistral AI,Industry,France,Multimodal,"Language modeling/generation,Question answering,Quantitative reasoning,Code generation,Translation,Visual question answering,Character recognition (OCR)",,24000000000.0,,,,,,,,,,Open weights (unrestricted),Yes,Unreleased,Confident,Comparison with other models
all,Cosmos-Transfer1-7B,2025-03-18,NVIDIA,NVIDIA,Industry,United States of America,Video,"Robotic manipulation,System control,Video generation",3.6059017e+24,7000000000.0,,,2016.0,84.0,1406434.214264239,1024.0,,NVIDIA H100 SXM5 80GB,NVIDIA H100 / H800 / H200,Open weights (restricted use),Yes,Unreleased,Likely,Hardware
all,GR00T N1 2B,2025-03-18,NVIDIA,NVIDIA,Industry,United States of America,Robotics,"Robotic manipulation,Animal (human/non-human) imitation",7.12368e+22,2190000000.0,,,48.828125,2.0345052083333335,1406434.214264239,1024.0,738.0,NVIDIA H100 SXM5 80GB,NVIDIA H100 / H800 / H200,Open weights (non-commercial),Yes,Unreleased,Confident,Hardware
all,Llama Nemotron Nano 8B,2025-03-18,NVIDIA,NVIDIA,Industry,United States of America,Language,"Language modeling/generation,Question answering,Quantitative reasoning,Code generation,Neural Architecture Search - NAS",,8000000000.0,450000000000.0,,,,,,,,,Open weights (restricted use),Yes,Unreleased,Likely,Operation counting
all,Llama Nemotron Super 49B,2025-03-18,NVIDIA,NVIDIA,Industry,United States of America,Language,"Language modeling/generation,Question answering,Quantitative reasoning,Code generation,Neural Architecture Search - NAS",,49000000000.0,100000000000.0,,,,,,,,,Open weights (restricted use),Yes,Unreleased,Likely,Operation counting
all,Llama Nemotron Ultra 253B,2025-03-18,NVIDIA,NVIDIA,Industry,United States of America,Language,"Language modeling/generation,Question answering,Quantitative reasoning,Code generation,Neural Architecture Search - NAS",3.911001e+25,253000000000.0,603000000000.0,,,,,,,,,Open weights (restricted use),Yes,Unreleased,Likely,Operation counting
all,Gezhi (格致大模型),2025-03-19,Troy Information Technology Co.,"Troy Information Technology Co., Ltd.",Industry,China,Language,"Text summarization,Semantic search",,,,,,,,,,,,,,,Unknown,
all,o1-pro,2025-03-19,OpenAI,OpenAI,Industry,United States of America,Multimodal,"Code generation,Language modeling/generation,Quantitative reasoning,Chat,Question answering,Translation,Mathematical reasoning",,,,,,,,,,,,API access,No,Unreleased,Likely,
all,CodeScientist,2025-03-20,Allen Institute for AI,Allen Institute for AI,Research collective,United States of America,,,,,,,,,,,,,,,,,Unknown,
all,Diffusion Renderer,2025-03-22,NVIDIA,"NVIDIA,University of Toronto,Vector Institute,University of Illinois Urbana-Champaign (UIUC)",Industry-academia collaboration,Multinational,Video,"Video editing,Video-to-video,3D segmentation",,1100000000.0,,,48.0,2.0,25112.659611092717,32.0,,NVIDIA A100,NVIDIA A100 / A800,Open weights (non-commercial),Yes,Unreleased,Confident,Hardware
all,HiCEGNN,2025-03-22,University of Missouri,University of Missouri,Academia,United States of America,Biology,3D chromosome structures reconstruction,,,,,,,,,,,,Open weights (unrestricted),Yes,Open source,Unknown,
all,3DGUT,2025-03-24,NVIDIA,"NVIDIA,University of Toronto",Industry-academia collaboration,Multinational,3D modeling,3D reconstruction,,,,,,,,,,,,Open weights (unrestricted),Yes,Open source,Unknown,
all,DeepSeek-V3 (Mar 2025),2025-03-24,DeepSeek,DeepSeek,Industry,China,Language,"Language modeling/generation,Code generation,Quantitative reasoning,Question answering",3.3e+24,671000000000.0,14800000000000.0,5390000.0,,,2812492.608768545,2048.0,,NVIDIA H800 SXM5,NVIDIA H100 / H800 / H200,Open weights (restricted use),Yes,Unreleased,Confident,"Operation counting,Hardware"
all,4o Image Generation,2025-03-25,OpenAI,OpenAI,Industry,United States of America,Image generation,"Image generation,Text-to-image",,,,,,,,,,,,Hosted access (no API),No,Unreleased,Unknown,
all,Gemini 2.5 Pro (Mar 2025),2025-03-25,Google DeepMind,Google DeepMind,Industry,United States of America,Multimodal,"Language modeling/generation,Question answering,Code generation,Quantitative reasoning,Visual question answering,Translation,Image captioning,Video description,Speech recognition (ASR)",,,,,,,,,,,,API access,No,Unreleased,Unknown,
all,Stable Video 4D 2.0 (SV4D 2.0),2025-03-25,Stability AI,"Stability AI,Northeastern University",Industry-academia collaboration,Multinational,Vision,3D reconstruction,,,,,,,21972.10919549858,16.0,,NVIDIA H100 SXM5 80GB,NVIDIA H100 / H800 / H200,Open weights (restricted use),Yes,Unreleased,Unknown,
all,GAIA-2,2025-03-26,Wayve,Wayve,Industry,United Kingdom of Great Britain and Northern Ireland,Multimodal,"Self-driving car,Video generation,Instruction interpretation",7.5609676e+22,8685000000.0,,,,,,,,NVIDIA H100 SXM5 80GB,NVIDIA H100 / H800 / H200,Unreleased,No,Unreleased,Confident,Operation counting
all,Ideogram 3.0,2025-03-26,Ideogram,Ideogram,Industry,Canada,Image generation,"Image generation,Text-to-image",,,,,,,,,,,,API access,No,Unreleased,Unknown,
all,Qwen2.5-Omni 3B,2025-03-26,Alibaba,Alibaba,Industry,China,Multimodal,"Language modeling/generation,Question answering,Visual question answering,Speech synthesis,Speech recognition (ASR),Speech-to-speech,Audio question answering,Speech-to-text,Text-to-speech (TTS),Video description,Image captioning",,3000000000.0,,,,,,,,,,Open weights (non-commercial),Yes,Unreleased,Confident,Operation counting
all,Qwen2.5-Omni 7B,2025-03-26,Alibaba,Alibaba,Industry,China,Multimodal,"Language modeling/generation,Question answering,Visual question answering,Speech synthesis,Speech recognition (ASR),Speech-to-speech,Audio question answering,Speech-to-text,Text-to-speech (TTS),Video description,Image captioning",,7000000000.0,,,,,,,,,,Open weights (unrestricted),Yes,Unreleased,Confident,Operation counting
all,CassetteAI,2025-03-27,CassetteAI,CassetteAI,Industry,United States of America,Audio,Audio generation,,,,,,,,,,,,API access,No,Unreleased,Unknown,
all,FASHN v1.5,2025-03-27,FASHN AI,FASHN AI,Industry,United Kingdom of Great Britain and Northern Ireland,Vision,Image-to-image,,,,,,,,,,,,API access,No,Unreleased,Unknown,
all,GPT-4o (Mar 2025),2025-03-27,OpenAI,OpenAI,Industry,United States of America,Multimodal,"Chat,Image generation,Audio generation,Vision-language generation,Table tasks,Language modeling/generation,Question answering,Speech recognition (ASR),Speech-to-text",,,,,,,,,,,,API access,No,Unreleased,Speculative,Benchmarks
all,Lumina-Image-2.0,2025-03-27,Shanghai AI Lab,"Shanghai AI Lab,University of Sydney,Chinese University of Hong Kong (CUHK),Shanghai Jiao Tong University,Krea AI",Industry-academia collaboration,Multinational,Image generation,"Image generation,Text-to-image",4.7794406e+21,2600000000.0,,,,,,,,NVIDIA A100,NVIDIA A100 / A800,Open weights (unrestricted),Yes,Unreleased,Confident,Hardware
all,Lingju Lingnao,2025-03-28,Guangzhou Lingju Information Technology Co Ltd.,Guangzhou Lingju Information Technology Co Ltd.,Industry,China,Language,Data analytics,,,,,,,,,,,,,,,Unknown,
all,QVQ-Max,2025-03-28,Alibaba,Alibaba,Industry,China,Multimodal,"Visual question answering,Video description,Language modeling/generation,Translation,Question answering,Character recognition (OCR),Quantitative reasoning",,,,,,,,,,,,,,Unreleased,Confident,
all,DeepHermes 3 - Mistral 24B,2025-03-29,Nous Research,Nous Research,Industry,United States of America,Language,"Language modeling/generation,Question answering,Quantitative reasoning",,24000000000.0,,,,,,,,,,Open weights (unrestricted),Yes,Unreleased,Confident,
all,Amazon Nova Act,2025-03-31,Amazon,Amazon,Industry,United States of America,Other,"System control,Instruction interpretation",,,,,,,,,,,,API access,No,Unreleased,Unknown,
all,Gen-4,2025-03-31,Runway,Runway,Industry,United States of America,Video,"Video generation,Image-to-video,Text-to-video",,,,,,,,,,,,API access,No,Unreleased,Unknown,
all,Papla P1,2025-03-31,Papla Media,Papla Media,Industry,Poland,Speech,"Text-to-speech (TTS),Speech synthesis",,,,,,,,,,,,API access,No,Unreleased,Unknown,
all,AutoGLM Rumination,2025-04-01,Z.ai (Zhipu AI),Z.ai (Zhipu AI),Industry,China,,,,,,,,,,,,,,,,,Unknown,
all,OpenThaiGPT 1.6 /  OTG-1.6 (72B),2025-04-02,Mahidol University,"Mahidol University,AI Entrepreneurs Association of Thailand",Academia,Thailand,Language,"Language modeling/generation,Question answering",,72000000000.0,,,,,10984.097551853682,8.0,,NVIDIA H100 SXM5 80GB,NVIDIA H100 / H800 / H200,Open weights (restricted use),Yes,Unreleased,Confident,
all,OpenThaiGPT R1 32b / OTG-R1 (32B),2025-04-02,Mahidol University,"Mahidol University,AI Entrepreneurs Association of Thailand",Academia,Thailand,Language,"Language modeling/generation,Question answering,Quantitative reasoning",,32000000000.0,,,,,10984.097551853682,8.0,,NVIDIA H100 SXM5 80GB,NVIDIA H100 / H800 / H200,Open weights (restricted use),Yes,Unreleased,Confident,
all,Midjourney V7,2025-04-03,Midjourney,Midjourney,Industry,United States of America,Vision,Image generation,,,,,,,,,,,,,,,Unknown,
all,SkyReels-A2,2025-04-03,Kunlun Inc.,Kunlun Inc.,Industry,China,Video,"Video generation,Image-to-video",,14000000000.0,,,,,,,57.0,,,,,,Confident,
all,FoundationStereo,2025-04-04,NVIDIA,NVIDIA,Industry,United States of America,3D modeling,3D reconstruction,,335300000.0,,,,,25105.390502525897,32.0,,NVIDIA A100,NVIDIA A100 / A800,Open weights (non-commercial),Yes,Open (non-commercial),Likely,
all,Sec-Gemini v1,2025-04-04,Google,Google,Industry,United States of America,,,,,,,,,,,,,,,,,Unknown,
all,Llama 4 Behemoth (preview),2025-04-05,Meta AI,Meta AI,Industry,United States of America,Multimodal,"Chat,Code generation,Visual question answering,Translation,Language modeling/generation,Quantitative reasoning,Question answering",5.18400000000001e+25,2000000000000.0,30000000000000.0,44588963.624007165,,,43933454.99810563,32000.0,,NVIDIA H100 SXM5 80GB,NVIDIA H100 / H800 / H200,Unreleased,No,Unreleased,Likely,Operation counting
all,Llama 4 Maverick,2025-04-05,Meta AI,Meta AI,Industry,United States of America,Multimodal,"Chat,Code generation,Visual question answering,Language modeling/generation,Question answering",2.244000000001e+24,400000000000.0,30000000000000.0,,,,,,,,,Open weights (restricted use),Yes,Unreleased,Likely,
all,Llama 4 Scout,2025-04-05,Meta AI,Meta AI,Industry,United States of America,Multimodal,"Chat,Code generation,Visual question answering,Language modeling/generation,Question answering",4.08e+24,109000000000.0,30000000000000.0,,,,,,,,,Open weights (restricted use),Yes,Unreleased,Likely,
all,Amazon Nova Reel,2025-04-07,Amazon,Amazon,Industry,United States of America,Video,"Video generation,Text-to-video,Image-to-video",,,,,,,,,,"Amazon Trainium1,NVIDIA A100,NVIDIA H100 SXM5 80GB",NVIDIA H100 / H800 / H200,API access,No,Unreleased,Unknown,
all,Amazon Nova Sonic,2025-04-08,Amazon,Amazon,Industry,United States of America,Speech,"Speech-to-text,Speech recognition (ASR),Speech synthesis,Speech-to-speech,Audio question answering",,,,,,,,,,,,API access,No,Unreleased,Confident,
all,Cogito 1 series,2025-04-08,,,,,Language,,,,,,,,,,,,,Open weights (unrestricted),Yes,,Unknown,
all,QWQ-Plus,2025-04-08,Alibaba,Alibaba,Industry,China,Language,"Language modeling/generation,Question answering,Quantitative reasoning,Code generation",,,,,,,,,,,,API access,No,Unreleased,Unknown,
all,T5Gemma (Gemma 9B-9B),2025-04-08,Google DeepMind,Google DeepMind,Industry,United States of America,Language,"Semantic embedding,Language modeling/generation,Question answering",,16700000000.0,,,,,,,,,,Open weights (restricted use),Yes,Unreleased,Likely,Operation counting
all,TxGemma 27B,2025-04-08,Google DeepMind,"Google DeepMind,Google Research",Industry,United States of America,Language,"Protein or nucleotide language model (pLM/nLM),Protein property prediction,Small molecule property prediction,Chat,Question answering,Protein question answering,Protein function prediction,Language modeling/generation",2.116854e+24,27000000000.0,,,,,170701.44908412764,256.0,,Google TPU v4,Google TPU v4,Open weights (restricted use),Yes,Unreleased,Confident,Operation counting
all,TxGemma 2B,2025-04-08,Google DeepMind,"Google DeepMind,Google Research",Industry,United States of America,Language,"Protein or nucleotide language model (pLM/nLM),Protein property prediction,Small molecule property prediction,Question answering,Protein question answering,Protein function prediction,Language modeling/generation",3.22452e+22,2600000000.0,,,,,170701.44908412764,256.0,,Google TPU v4,Google TPU v4,Open weights (restricted use),Yes,Unreleased,Confident,Operation counting
all,TxGemma 9B,2025-04-08,Google DeepMind,"Google DeepMind,Google Research",Industry,United States of America,Language,"Protein or nucleotide language model (pLM/nLM),Protein property prediction,Small molecule property prediction,Chat,Question answering,Protein question answering,Protein function prediction,Language modeling/generation",4.35618e+23,9000000000.0,,,,,170701.44908412764,256.0,,Google TPU v4,Google TPU v4,Open weights (restricted use),Yes,Unreleased,Confident,Operation counting
all,AMIE (Articulate Medical Intelligence Explorer),2025-04-09,Google DeepMind,"Google DeepMind,Google Research",Industry,United States of America,Medicine,"Medical diagnosis,Language modeling/generation,Question answering,Chat",7.34e+24,340000000000.0,,,,,,,,,,Unreleased,No,Unreleased,Likely,Comparison with other models
all,Gen-4 Turbo,2025-04-09,Runway,Runway,Industry,United States of America,Video,"Video generation,Image-to-video",,,,,,,,,,,,API access,No,Unreleased,Unknown,
all,SHIFT-SUV,2025-04-09,Luminary Cloud,"Luminary Cloud,NVIDIA,Honda",Industry,Multinational,3D modeling,Aerodynamics simulations,,,,,,,,,,,,Open weights (non-commercial),Yes,Unreleased,Unknown,
all,Pangu Ultra,2025-04-10,Huawei,Huawei,Industry,China,Language,"Code generation,Language modeling/generation",1.0692e+25,135000000000.0,13200000000000.0,,,,6426121.277196856,8192.0,16.0,Huawei Ascend 910B,Huawei Ascend,Hosted access (no API),No,Unreleased,Confident,"Operation counting,Comparison with other models"
all,Seaweed-7B,2025-04-11,ByteDance,ByteDance,Industry,China,Video,"Video generation,Text-to-video,Image-to-video,Audio generation",9.0007697e+23,7000000000.0,,,,,,,83.0,NVIDIA H100 SXM5 80GB,NVIDIA H100 / H800 / H200,Unreleased,No,Unreleased,Confident,Hardware
all,SenseNova V6,2025-04-12,SenseTime,SenseTime,Industry,Hong Kong,Multimodal,"Language modeling/generation,Quantitative reasoning,Question answering,Visual question answering,Video description,Character recognition (OCR),Code generation,Chat",,600000000000.0,,,,,,,,,,API access,No,Unreleased,Confident,
all,360Zhinao3-7B-O1.5,2025-04-14,360 Security Technology,360 Security Technology,Industry,China,Language,"Language modeling/generation,Question answering,Quantitative reasoning,Mathematical reasoning,Code generation",,7000000000.0,700000000000.0,,,,,,,,,Open weights (unrestricted),Yes,Unreleased,Confident,Operation counting
all,DolphinGemma,2025-04-14,Google DeepMind,"Google DeepMind,Georgia Institute of Technology,Wild Dolphin Project",Industry-academia collaboration,United States of America,Audio,"Audio generation,Speech recognition (ASR),Audio classification",,400000000.0,,,,,,,,,,Unreleased,No,Unreleased,Confident,
all,GLM-4-32B-0414,2025-04-14,Z.ai (Zhipu AI),"Z.ai (Zhipu AI),Tsinghua University",Industry-academia collaboration,China,Language,"Language modeling/generation,Question answering,Code generation,Search",2.88e+24,32000000000.0,15000000000000.0,,,,,,,,,Open weights (unrestricted),Yes,Unreleased,Confident,Operation counting
all,GLM-4-9B-0414,2025-04-14,Tsinghua University,Tsinghua University,Academia,China,Language,"Language modeling/generation,Question answering,Quantitative reasoning,Code generation",8.1e+23,9000000000.0,,,,,,,,,,Open weights (unrestricted),Yes,Unreleased,Likely,Operation counting
all,GLM-Z1-Rumination-32B-0414,2025-04-14,Tsinghua University,Tsinghua University,Academia,China,Language,"Language modeling/generation,Question answering,Quantitative reasoning,Code generation",2.88e+24,32000000000.0,,,,,,,,,,Open weights (unrestricted),Yes,Unreleased,Confident,Operation counting
all,GPT-4.1,2025-04-14,OpenAI,OpenAI,Industry,United States of America,Multimodal,"Language modeling/generation,Code generation,Question answering,Quantitative reasoning,Instruction interpretation,System control,Visual question answering,Video description",,,,,,,,,,,,API access,No,Unreleased,Unknown,
all,GPT-4.1 mini,2025-04-14,OpenAI,OpenAI,Industry,United States of America,Multimodal,"Language modeling/generation,Code generation,Question answering,Quantitative reasoning,Instruction interpretation,System control,Visual question answering,Video description",,,,,,,,,,,,API access,No,Unreleased,Unknown,
all,GPT-4.1 nano,2025-04-14,OpenAI,OpenAI,Industry,United States of America,Multimodal,"Language modeling/generation,Code generation,Question answering,Quantitative reasoning,Instruction interpretation,System control,Visual question answering,Video description",,,,,,,,,,,,API access,No,Unreleased,Unknown,
all,Nemotron-H 47B,2025-04-14,NVIDIA,NVIDIA,Industry,United States of America,Language,"Language modeling/generation,Question answering,Translation,Quantitative reasoning,Code generation,Neural Architecture Search - NAS",,47000000000.0,,,,,,,,,,Open weights (non-commercial),Yes,Unreleased,Confident,Operation counting
all,Nemotron-H 56B,2025-04-14,NVIDIA,NVIDIA,Industry,United States of America,Language,"Language modeling/generation,Question answering,Translation,Quantitative reasoning,Code generation",6.72e+24,56000000000.0,,,,,8433532.904958995,6144.0,,NVIDIA H100 SXM5 80GB,NVIDIA H100 / H800 / H200,Open weights (non-commercial),Yes,Unreleased,Confident,Operation counting
all,Nemotron-H 8B,2025-04-14,NVIDIA,NVIDIA,Industry,United States of America,Language,"Language modeling/generation,Question answering,Translation,Quantitative reasoning,Code generation",7.2e+23,8000000000.0,,,,,,,,,,Open weights (non-commercial),Yes,Unreleased,Confident,Operation counting
all,Cohere Embed 4,2025-04-15,Cohere,Cohere,Industry,Canada,Multimodal,"Semantic embedding,Retrieval-augmented generation,Image embedding",,,,,,,,,,,,API access,No,Unreleased,Unknown,
all,Kling 2.0 Video Generation,2025-04-15,Kuaishou Technology,Kuaishou Technology,Industry,China,Video,"Video generation,Image-to-video,Video-to-video,Text-to-video",,,,,,,,,,,,API access,No,Unreleased,Unknown,
all,Kolors 2.0 Image Generation,2025-04-15,Kuaishou Technology,Kuaishou Technology,Industry,China,Image generation,"Image generation,Text-to-image",,,,,,,,,,,,API access,No,Unreleased,Unknown,
all,Nova-3,2025-04-15,Deepgram,Deepgram,Industry,United States of America,Speech,"Speech recognition (ASR),Speech-to-text",,,,,,,,,,,,API access,No,Unreleased,Unknown,
all,TerraMind,2025-04-15,IBM,"IBM,Forschungszentrum Julich,European Space Agency (ESA),NASA",Industry-academia collaboration,Multinational,Earth science,"Image captioning,Flood Mapping,Crop Mapping / Segmentation,Wildfire Mapping,Cloud monitoring / analysis",3.10542336e+21,,500000000000.0,,288.0,12.0,25099.241361829627,32.0,,NVIDIA A100,NVIDIA A100 / A800,Open weights (unrestricted),Yes,Unreleased,Confident,Hardware
all,Digest: Cyber AI Analyst,2025-04-16,Darktrace,Darktrace,Industry,United Kingdom of Great Britain and Northern Ireland,Language,Entity embedding,,,,,,,,,,,,Hosted access (no API),No,Unreleased,Unknown,
all,MAI-DS-R1,2025-04-16,Microsoft,Microsoft,Industry,United States of America,Language,"Language modeling/generation,Question answering,Quantitative reasoning,Code generation",,671000000000.0,,,,,,,,,,Open weights (unrestricted),Yes,Unreleased,Confident,
all,Seedream 3.0,2025-04-16,ByteDance,ByteDance,Industry,China,Image generation,"Image generation,Text-to-image",,,,,,,,,,,,API access,No,Unreleased,Unknown,
all,o4-mini,2025-04-16,OpenAI,OpenAI,Industry,United States of America,Multimodal,"Language modeling/generation,Search,Question answering,Quantitative reasoning,Chat,Translation,Code generation,Visual question answering,Instruction interpretation,Visual puzzles",,,,,,,,,,,,API access,No,Unreleased,Unknown,
all,Demist-2,2025-04-17,Darktrace,Darktrace,Industry,United Kingdom of Great Britain and Northern Ireland,Language,"Language modeling/generation,Text classification,Question answering,Entity embedding",4.579186e+20,95000000.0,351000000000.0,,216.0,9.0,6274.530874518676,8.0,,NVIDIA A100,NVIDIA A100 / A800,Hosted access (no API),No,Unreleased,Confident,"Operation counting,Hardware"
all,Gemini 2.5 Flash,2025-04-17,Google DeepMind,Google DeepMind,Industry,United States of America,Multimodal,"Language modeling/generation,Question answering,Code generation,Quantitative reasoning,Visual question answering,Translation,Image captioning,Speech recognition (ASR),Video description,Search,Text summarization,Chat",,,,,,,,,,,,API access,No,Unreleased,Unknown,
all,Gemma 3 QAT 12B,2025-04-18,Google DeepMind,Google DeepMind,Industry,United States of America,Multimodal,"Language modeling/generation,Question answering,Translation,Chat,Quantitative reasoning,Visual question answering,Code generation",,12000000000.0,,,,,,,,,,Open weights (restricted use),Yes,Unreleased,Confident,
all,Gemma 3 QAT 1B,2025-04-18,Google DeepMind,Google DeepMind,Industry,United States of America,Multimodal,"Language modeling/generation,Question answering,Translation,Chat,Quantitative reasoning,Visual question answering,Code generation",,1000000000.0,,,,,,,,,,Open weights (restricted use),Yes,Unreleased,Confident,
all,Gemma 3 QAT 27B,2025-04-18,Google DeepMind,Google DeepMind,Industry,United States of America,Multimodal,"Language modeling/generation,Question answering,Translation,Chat,Quantitative reasoning,Visual question answering,Code generation",,27000000000.0,,,,,,,,,,Open weights (restricted use),Yes,Unreleased,Confident,
all,Gemma 3 QAT 4B,2025-04-18,Google DeepMind,Google DeepMind,Industry,United States of America,Multimodal,"Language modeling/generation,Question answering,Translation,Chat,Quantitative reasoning,Visual question answering,Code generation",,4000000000.0,,,,,,,,,,Open weights (restricted use),Yes,Unreleased,Confident,
all,Eagle 2.5,2025-04-21,NVIDIA,"NVIDIA,Nanjing University,Hong Kong Polytechnic University,Rutgers University",Industry-academia collaboration,Multinational,Vision,,,8000000000.0,,,,,,,,,,,,,Confident,
all,Llama-Primus-Nemotron-70B,2025-04-21,Trend Micro,Trend Micro,Industry,Multinational,Language,"Language modeling/generation,Question answering",,70000000000.0,,,,,,,,,,Open weights (restricted use),Yes,Unreleased,Confident,Operation counting
all,SkyReels-V2,2025-04-21,Kunlun Inc.,Kunlun Inc.,Industry,China,Video,"Video generation,Image-to-video,Text-to-video",,14000000000.0,,,,,50191.775839848095,64.0,142.0,NVIDIA A800 SXM,NVIDIA A100 / A800,,,,Confident,
all,Trillion-7B,2025-04-21,Trillion Labs,Trillion Labs,Industry,Korea (Republic of),Language,"Language modeling/generation,Question answering,Code generation,Quantitative reasoning",9.3e+22,7000000000.0,2000000000000.0,139200.0,,,351342.43087893666,256.0,,NVIDIA H100 SXM5 80GB,NVIDIA H100 / H800 / H200,Open weights (unrestricted),Yes,Unreleased,Confident,"Reported,Operation counting,Hardware"
all,π0.5 (pi-0.5),2025-04-22,Physical Intelligence,Physical Intelligence,Industry,United States of America,Robotics,Robotic manipulation,,3300000000.0,,,,,,,337.0,,,Unreleased,No,,Confident,
all,MamayLM,2025-04-23,INSAIT,"INSAIT,ETH Zurich",Academia,Multinational,Language,"Language modeling/generation,Language generation",4.36e+23,9000000000.0,8075000000000.0,,,,,,,,,Open weights (unrestricted),Yes,Unreleased,Likely,
all,gpt-image-1,2025-04-23,OpenAI,OpenAI,Industry,United States of America,Image generation,"Image generation,Text-to-image",,,,,,,,,,,,API access,No,Unreleased,Unknown,
all,Firefly Image 4,2025-04-24,Adobe,Adobe,Industry,United States of America,Image generation,"Image generation,Text-to-image",,,,,,,,,,,,Hosted access (no API),No,Unreleased,Unknown,
all,Firefly Image 4 Ultra,2025-04-24,Adobe,Adobe,Industry,United States of America,Image generation,"Image generation,Text-to-image",,,,,,,,,,,,Hosted access (no API),No,Unreleased,Unknown,
all,HiDream-I1,2025-04-25,HiDream,HiDream,Industry,China,Image generation,"Image generation,Text-to-image",,18000000000.0,,,,,,,,,,Open weights (unrestricted),Yes,Unreleased,Confident,
all,Pleias-RAG-1B,2025-04-25,PleIAs,PleIAs,Industry,France,Language,"Retrieval-augmented generation,Language modeling/generation,Question answering,Search,Text summarization,Translation",2.9907184e+22,1200000000.0,,,,,21956.945973291175,16.0,,NVIDIA H100 SXM5 80GB,NVIDIA H100 / H800 / H200,Open weights (unrestricted),Yes,Unreleased,Confident,Operation counting
all,Pleias-RAG-350m,2025-04-25,PleIAs,PleIAs,Industry,France,Language,"Retrieval-augmented generation,Language modeling/generation,Question answering,Search,Text summarization,Translation",2.7186806e+21,350000000.0,,,,,21956.945973291175,16.0,,NVIDIA H100 SXM5 80GB,NVIDIA H100 / H800 / H200,Open weights (unrestricted),Yes,Unreleased,Confident,Operation counting
all,Atlantes,2025-04-26,Allen Institute for AI,Allen Institute for AI,Research collective,United States of America,,,,,,,,,,,,,,,,,Unknown,
all,Foundation-sec-8b,2025-04-28,Cisco,Cisco,Industry,United States of America,Language,"Language modeling/generation,Question answering",1.2242448e+24,8000000000.0,5100000000.0,,,,,,,,,Open weights (unrestricted),Yes,Unreleased,Confident,Operation counting
all,Palmyra X5,2025-04-28,Writer,Writer,Industry,United States of America,Language,"Language modeling/generation,Question answering,Retrieval-augmented generation,Quantitative reasoning,Code generation,Translation,Character recognition (OCR)",,,,,,,,,,,,API access,No,Unreleased,Unknown,
all,Qwen3-0.6B,2025-04-29,Alibaba,Alibaba,Industry,China,Language,"Language modeling/generation,Question answering,Mathematical reasoning,Quantitative reasoning,Code generation,Translation",1.296e+23,600000000.0,,,,,,,,,,Open weights (unrestricted),Yes,Unreleased,Confident,Operation counting
all,Qwen3-1.7B,2025-04-29,Alibaba,Alibaba,Industry,China,Language,"Language modeling/generation,Question answering,Mathematical reasoning,Quantitative reasoning,Code generation,Translation",3.672e+23,1700000000.0,,,,,,,,,,Open weights (unrestricted),Yes,Unreleased,Confident,Operation counting
all,Qwen3-14B,2025-04-29,Alibaba,Alibaba,Industry,China,Language,"Language modeling/generation,Question answering,Mathematical reasoning,Quantitative reasoning,Code generation,Translation",3.1968e+24,14800000000.0,,,,,,,,,,Open weights (unrestricted),Yes,Unreleased,Confident,Operation counting
all,Qwen3-235B-A22B,2025-04-29,Alibaba,Alibaba,Industry,China,Language,"Language modeling/generation,Question answering,Mathematical reasoning,Quantitative reasoning,Code generation,Translation",4.752e+24,235000000000.0,36000000000000.0,,,,,,,,,Open weights (unrestricted),Yes,Unreleased,Likely,Operation counting
all,Qwen3-30B-A3B,2025-04-29,Alibaba,Alibaba,Industry,China,Language,"Language modeling/generation,Question answering,Mathematical reasoning,Quantitative reasoning,Code generation,Translation",6.48e+23,30000000000.0,,,,,,,,,,Open weights (unrestricted),Yes,Unreleased,Likely,Operation counting
all,Qwen3-32B,2025-04-29,Alibaba,Alibaba,Industry,China,Language,"Language modeling/generation,Question answering,Mathematical reasoning,Quantitative reasoning,Code generation,Translation",7.0848e+24,32800000000.0,,,,,,,,,,Open weights (unrestricted),Yes,Unreleased,Confident,Operation counting
all,Qwen3-4B,2025-04-29,Alibaba,Alibaba,Industry,China,Language,"Language modeling/generation,Question answering,Mathematical reasoning,Quantitative reasoning,Code generation,Translation",8.64e+23,4000000000.0,,,,,,,,,,Open weights (unrestricted),Yes,Unreleased,Confident,Operation counting
all,Qwen3-8B,2025-04-29,Alibaba,Alibaba,Industry,China,Language,"Language modeling/generation,Question answering,Mathematical reasoning,Quantitative reasoning,Code generation,Translation",1.7712e+24,8200000000.0,,,,,,,,,,Open weights (unrestricted),Yes,Unreleased,Confident,Operation counting
all,Amazon Nova Premier,2025-04-30,Amazon,Amazon,Industry,United States of America,Multimodal,"Language modeling/generation,Visual question answering,Video description,Question answering,Code generation,Character recognition (OCR),System control,Instruction interpretation,Retrieval-augmented generation",,,,,,,,,,,,API access,No,Unreleased,Unknown,
all,DeepSeek-Prover-V2-671B,2025-04-30,DeepSeek,DeepSeek,Industry,China,Language,"Language modeling/generation,Question answering,Quantitative reasoning,Mathematical reasoning",,671000000000.0,,,,,,,,,,Open weights (restricted use),Yes,Unreleased,Confident,
all,DeepSeek-Prover-V2-7B,2025-04-30,DeepSeek,DeepSeek,Industry,China,Language,"Language modeling/generation,Question answering,Quantitative reasoning,Mathematical reasoning",,7000000000.0,,,,,,,,,,Open weights (restricted use),Yes,Unreleased,Confident,
all,GTE-ModernColBERT-v1,2025-04-30,LightOn,LightOn,Industry,France,Language,"Language modeling/generation,Question answering",3.6832407e+21,149000000.0,,,,,,,,,,Open weights (unrestricted),Yes,Unreleased,Likely,Operation counting
all,Phi-4-Reasoning,2025-04-30,Microsoft,Microsoft,Industry,United States of America,Language,"Language modeling/generation,Quantitative reasoning,Question answering,Mathematical reasoning,Code generation",9.3368077e+23,14000000000.0,,,60.0,2.5,43909.002544977615,32.0,,NVIDIA H100 SXM5 80GB,NVIDIA H100 / H800 / H200,Open weights (unrestricted),Yes,Unreleased,Confident,"Operation counting,Hardware"
all,Phi-4-Reasoning-plus,2025-04-30,Microsoft,Microsoft,Industry,United States of America,Language,"Language modeling/generation,Quantitative reasoning,Question answering,Mathematical reasoning,Code generation",,14000000000.0,,,,,43909.002544977615,32.0,,NVIDIA H100 SXM5 80GB,NVIDIA H100 / H800 / H200,Open weights (unrestricted),Yes,Unreleased,Confident,Operation counting
all,TranscriptFormer,2025-04-30,Chan Zuckerberg Initiative,Chan Zuckerberg Initiative,Research collective,United States of America,Biology,,,,,,,,,,,,,,,,Unknown,
all,LinOSS,2025-05-02,Massachusetts Institute of Technology (MIT),Massachusetts Institute of Technology (MIT),Academia,United States of America,,,,,,,,,,,,,,,,,Unknown,
all,MiniMax-Speech-02-turbo,2025-05-02,MiniMax,MiniMax,Industry,China,Speech,"Text-to-speech (TTS),Speech synthesis",,,,,,,,,,,,API access,No,Unreleased,Unknown,
all,LTX-Video-0.9.7. 13B,2025-05-05,Lightricks,Lightricks,Industry,Israel,Video,"Video generation,Text-to-video,Image-to-video",,13000000000.0,,,,,,,,,,Open weights (restricted use),Yes,Unreleased,Confident,
all,LTX-Video-0.9.7. 13B,2025-05-05,Lightricks,Lightricks,Industry,Israel,,,,13000000000.0,,,,,,,,,,,,,Confident,
all,Typhoon 2.1 Gemma 12B,2025-05-05,Typhoon / SCB 10X,Typhoon / SCB 10X,Industry,Thailand,Language,"Language modeling/generation,Question answering,Quantitative reasoning,Code generation,Translation",,12000000000.0,,,,,,,,,,Open weights (restricted use),Yes,Unreleased,Confident,
all,Typhoon 2.1 Gemma 4B,2025-05-05,Typhoon / SCB 10X,Typhoon / SCB 10X,Industry,Thailand,Language,"Language modeling/generation,Question answering,Quantitative reasoning,Code generation,Translation",,4000000000.0,,,,,,,,,,Open weights (restricted use),Yes,Unreleased,Confident,
all,Apriel Nemotron 15B,2025-05-06,NVIDIA,"NVIDIA,ServiceNow",Industry,United States of America,Language,"Language modeling/generation,Question answering,Quantitative reasoning,Chat",9.00001e+21,15000000000.0,100000000000.0,,,,,,,,,Open weights (unrestricted),Yes,Unreleased,Likely,Operation counting
all,Gemini 2.5 Pro (May 2025),2025-05-06,Google DeepMind,Google DeepMind,Industry,United States of America,Multimodal,"Language modeling/generation,Question answering,Code generation,Quantitative reasoning,Visual question answering,Translation,Image captioning,Video description,Speech recognition (ASR)",,,,,,,,,,,,API access,No,Unreleased,Unknown,
all,Kevin-32B,2025-05-06,Cognition,"Cognition,Stanford University",Industry-academia collaboration,United States of America,Language,Code generation,,32000000000.0,,,,,,,,,,Open weights (non-commercial),Yes,Unreleased,Confident,
all,Mistral Medium 3,2025-05-07,Mistral AI,Mistral AI,Industry,France,Multimodal,"Language modeling/generation,Visual question answering,Question answering,Quantitative reasoning,Code generation,Translation",,,,,,,,,,,,API access,No,Unreleased,Unknown,
all,Pangu Ultra MoE,2025-05-07,Huawei,Huawei,Industry,China,Language,"Language modeling/generation,Question answering",3.0888e+24,718000000000.0,,,,,4703802.674709778,6000.0,,Huawei Ascend 910B,Huawei Ascend,Hosted access (no API),No,Unreleased,Speculative,Operation counting
all,Tianxi-32B,2025-05-09,Lenovo,Lenovo,Industry,China,Language,"Language modeling/generation,Question answering,System control",,32000000000.0,,,,,,,,,,Hosted access (no API),No,Unreleased,Confident,
all,Tianxi-72B,2025-05-09,Lenovo,Lenovo,Industry,China,Multimodal,"Language modeling/generation,Question answering,System control,Retrieval-augmented generation,Visual question answering,Speech recognition (ASR)",,72000000000.0,,,,,,,,,,Hosted access (no API),No,Unreleased,Confident,
all,Earth-2 (cBottle-SR),2025-05-10,NVIDIA,NVIDIA,Industry,United States of America,Earth science,"Image generation,Weather forecasting",1.6014864e+21,330000000.0,,,,,87798.45074975025,64.0,,NVIDIA H100 SXM5 80GB,NVIDIA H100 / H800 / H200,Open weights (non-commercial),Yes,Open source,Confident,Hardware
all,Seed1.5-VL,2025-05-11,ByteDance,ByteDance,Industry,China,Multimodal,"Visual question answering,Video description,Language modeling/generation,Question answering,Character recognition (OCR)",1.388556e+24,,3000000000000.0,,,,,,,NVIDIA H800 SXM5,NVIDIA H100 / H800 / H200,API access,No,Unreleased,Confident,Hardware
all,Hunyuan T1-Vision,2025-05-12,Tencent,Tencent,Industry,China,Video,,,,,,,,,,,,,,,,Unknown,
all,Minimax-Speech-02-HD,2025-05-12,MiniMax,MiniMax,Industry,China,Speech,"Text-to-speech (TTS),Speech synthesis",,,,,,,,,,,,API access,No,Unreleased,Unknown,
all,NTele-R1-32B-V1,2025-05-12,ZTE,ZTE,Industry,China,Mathematics,"Code generation,Mathematical reasoning,Language modeling/generation,Question answering",,32800000000.0,,,,,10974.317550529691,8.0,,NVIDIA H800 SXM5,NVIDIA H100 / H800 / H200,Open weights (unrestricted),Yes,Unreleased,Confident,
all,Pixverse v4.5,2025-05-13,PixVerse AI,PixVerse AI,Industry,China,Video,"Video generation,Text-to-video,Image-to-video",,,,,,,,,,,,API access,No,Unreleased,Unknown,
all,AlphaEvolve,2025-05-14,DeepMind,DeepMind,Industry,United Kingdom of Great Britain and Northern Ireland,Language,Code generation,,,,,,,,,,,,,,,Unknown,
all,LTX-Video-0.9.7. 13B distilled,2025-05-14,Lightricks,Lightricks,Industry,Israel,Video,"Video generation,Text-to-video,Image-to-video",,,,,,,,,,,,Open weights (restricted use),Yes,Unreleased,Unknown,
all,COLLECTIVE-1,2025-05-15,,,,,Language,,,,,,,,,,,,,,,,Unknown,
all,II-Medical-8B,2025-05-15,Intelligent Internet,Intelligent Internet,Industry,United Kingdom of Great Britain and Northern Ireland,Language,"Language modeling/generation,Question answering,Medical diagnosis",,8000000000.0,,,,,,,,,,Open weights (non-commercial),Yes,Unreleased,Confident,
all,Repress,2025-05-16,DeepGenomics,DeepGenomics,Industry,Canada,Biology,"Cell Biology,RNA structure prediction,Protein-RNA binding affinity prediction",,133000000.0,,,,,322.99862724077093,1.0,,NVIDIA RTX A6000,NVIDIA consumer / workstation GPU,Unreleased,No,Unreleased,Confident,
all,codex-1,2025-05-16,OpenAI,OpenAI,Industry,United States of America,Language,Code generation,,,,,,,,,,,,API access,No,Unreleased,Unknown,
all,codex-mini,2025-05-16,OpenAI,OpenAI,Industry,United States of America,Language,Code generation,,,,,,,,,,,,API access,No,Unreleased,Unknown,
all,SANA 1.5 4.8B,2025-05-17,NVIDIA,"NVIDIA,Massachusetts Institute of Technology (MIT),Tsinghua University,Playground,Peking University,The University of Hong Kong",Industry-academia collaboration,Multinational,Image generation,"Text-to-image,Image generation",,4800000000.0,,,,,50162.72302993143,64.0,,NVIDIA A100,NVIDIA A100 / A800,Open weights (non-commercial),Yes,Open source,Confident,
all,NVIDIA Isaac GR00T N1.5 3B,2025-05-18,NVIDIA,NVIDIA,Industry,United States of America,Robotics,"Robotic manipulation,Animal (human/non-human) imitation,Instruction interpretation",,3000000000.0,,,,,,,,,,Open weights (non-commercial),Yes,Unreleased,Confident,
all,Cosmos-Reason1 56B,2025-05-19,NVIDIA,NVIDIA,Industry,United States of America,Multimodal,"Language modeling/generation,Visual question answering,Video description,Question answering,Instruction interpretation,Robotic manipulation",,56000000000.0,,,,,,,,,,Unreleased,No,Unreleased,Confident,
all,Cosmos-Reason1 7B,2025-05-19,NVIDIA,NVIDIA,Industry,United States of America,Multimodal,"Language modeling/generation,Visual question answering,Video description,Question answering,Instruction interpretation,Robotic manipulation",,7000000000.0,,,,,,,,,,Open weights (restricted use),Yes,Unreleased,Confident,
all,Marin 8B,2025-05-19,Marin,Marin,Research collective,United States of America,Language,"Language modeling/generation,Question answering,Code generation,Quantitative reasoning",6.12e+23,8000000000.0,,,,,,,,"Google TPU v5e,Google TPU v4",Google TPU v5,Open weights (unrestricted),Yes,Open source,Confident,Operation counting
all,Gemma 3n,2025-05-20,Google,Google,Industry,United States of America,Multimodal,"Language modeling/generation,Question answering,Chat,Speech recognition (ASR),Translation,Speech-to-text,Visual question answering,Mathematical reasoning,Code generation,Character recognition (OCR)",5.181e+23,7850000000.0,11000000000000.0,,,,,,,,,Open weights (restricted use),Yes,Unreleased,Confident,Operation counting
all,Imagen 4,2025-05-20,Google,Google,Industry,United States of America,Image generation,"Image generation,Text-to-image",,,,,,,,,,,,API access,No,Unreleased,Unknown,
all,Imagen 4 ultra,2025-05-20,Google,Google,Industry,United States of America,Image generation,"Image generation,Text-to-image",,,,,,,,,,,,API access,No,Unreleased,Unknown,
all,Lyria RealTime,2025-05-20,Google DeepMind,Google DeepMind,Industry,United States of America,Audio,Audio generation,,,,,,,,,,,,API access,No,Unreleased,Unknown,
all,MedGemma 27B,2025-05-20,Google,Google,Industry,United States of America,Multimodal,"Question answering,Language modeling/generation,Medical diagnosis,Visual question answering,Image classification",,27000000000.0,,,,,,,,,,Open weights (restricted use),Yes,Unreleased,Confident,
all,voyage-3.5,2025-05-20,Voyage AI,Voyage AI,Industry,United States of America,Language,"Language modeling/generation,Question answering,Retrieval-augmented generation,Entity embedding",,,,,,,,,,,,API access,No,Unreleased,Unknown,
all,Devstral Small,2025-05-21,Mistral AI,"Mistral AI,All Hands AI",Industry,Multinational,Language,"Code generation,Language modeling/generation,Instruction interpretation,System control",,24000000000.0,,,,,,,,,,Open weights (unrestricted),Yes,Unreleased,Confident,
all,Falcon-Arabic,2025-05-21,Technology Innovation Institute,Technology Innovation Institute,Government,United Arab Emirates,Language,"Language modeling/generation,Question answering,Mathematical reasoning,Retrieval-augmented generation",,7000000000.0,,,,,,,,,,Hosted access (no API),No,Unreleased,Confident,
all,Falcon-H1,2025-05-21,Technology Innovation Institute,Technology Innovation Institute,Government,United Arab Emirates,Language,"Language modeling/generation,Question answering,Code generation",3.672e+24,34000000000.0,18000000000000.0,,,,5617724.544289504,4096.0,,NVIDIA H100 SXM5 80GB,NVIDIA H100 / H800 / H200,Open weights (unrestricted),Yes,Unreleased,Confident,Operation counting
all,Veo 3,2025-05-21,Google DeepMind,Google DeepMind,Industry,United States of America,Video,"Video generation,Image-to-video,Text-to-video",,,,,,,,,,,,API access,No,Unreleased,Unknown,
all,Claude Opus 4,2025-05-22,Anthropic,Anthropic,Industry,United States of America,Multimodal,"Code generation,Language modeling/generation,Quantitative reasoning,Search,Visual question answering,Translation,Image captioning,Instruction interpretation,Mathematical reasoning,Visual puzzles,Code autocompletion,Chat,Character recognition (OCR),Language modeling,Language generation,Text autocompletion,Retrieval-augmented generation,System control",,,,,,,,,,,,API access,No,Unreleased,Unknown,
all,Claude Sonnet 4,2025-05-22,Anthropic,Anthropic,Industry,United States of America,Multimodal,"Code generation,Language modeling/generation,Quantitative reasoning,Search,Visual question answering,Translation,Image captioning,Instruction interpretation,Mathematical reasoning,Visual puzzles,Code autocompletion,Chat,Character recognition (OCR),Language modeling,Language generation,Text autocompletion,Retrieval-augmented generation,System control",,,,,,,,,,,,API access,No,Unreleased,Unknown,
all,Reason-ModernColBERT,2025-05-22,LightOn,LightOn,Industry,France,Language,"Language modeling/generation,Question answering,Quantitative reasoning,Retrieval-augmented generation",3.6832407e+21,150000000.0,,,2.0,0.08333333333333333,,,,,,Open weights (non-commercial),Yes,Open source,Likely,Operation counting
all,DataRater test model (1B),2025-05-23,Google DeepMind,Google DeepMind,Industry,United States of America,Language,Language modeling,1.2e+20,1000000000.0,,,,,23824.109938841313,32.0,12.0,Google TPU v6e Trillium,Google TPU v6,,,,Likely,
all,o3 Operator,2025-05-23,OpenAI,OpenAI,Industry,United States of America,Multimodal,"Language modeling/generation,Question answering,System control,Code generation,Instruction interpretation,Search,Quantitative reasoning,Visual question answering,Character recognition (OCR)",,,,,,,,,,,,Hosted access (no API),No,Unreleased,Unknown,
all,DMind-1,2025-05-24,,,,,Language,,,,,,,,,,,,,Open weights (unrestricted),Yes,,Unknown,
all,OpenOmni,2025-05-24,Chinese Academy of Sciences,"Chinese Academy of Sciences,Shenzhen Institute of Advanced Technology,University of Chinese Academy of Sciences,National University of Singapore,University of Science and Technology of China (USTC)",Academia,Multinational,Multimodal,"Speech-to-text,Speech recognition (ASR),Image captioning,Visual question answering,Language modeling/generation,Question answering,Text-to-speech (TTS),Speech synthesis",,7000000000.0,,,,,6269.362999157688,8.0,,NVIDIA A100,NVIDIA A100 / A800,Open weights (unrestricted),Yes,Open (non-commercial),Confident,Hardware
all,SignGemma,2025-05-27,Google,Google,Industry,United States of America,Language,,,,,,,,,,,,,,,,Unknown,
all,Codestral Embed,2025-05-28,Mistral AI,Mistral AI,Industry,France,Language,"Code generation,Code autocompletion,Retrieval-augmented generation",,,,,,,,,,,,API access,No,Unreleased,Unknown,
all,DeepSeek-R1 (May 2025),2025-05-28,DeepSeek,DeepSeek,Industry,China,Language,"Language modeling/generation,Code generation,Quantitative reasoning,Question answering",4.020010000000001e+24,671000000000.0,14800000000000.0,6770000.0,,,,,,,,Open weights (unrestricted),Yes,Unreleased,Confident,Operation counting
all,Pangu Pro MoE,2025-05-28,Huawei,Huawei,Industry,China,Language,"Language modeling/generation,Question answering,Quantitative reasoning,Mathematical reasoning,Code generation",1.287e+24,71990000000.0,13000000000000.0,,,,2429161.768914584,4000.0,,Huawei Ascend 800T A2,Huawei Ascend,Open weights (unrestricted),Yes,Unreleased,Confident,Operation counting
all,EVI 3,2025-05-29,Hume,Hume,Industry,United States of America,Speech,"Speech-to-text,Speech recognition (ASR),Speech synthesis,Text-to-speech (TTS),Retrieval-augmented generation,Audio question answering,Speech-to-speech",,,,,,,,,,,,API access,No,Unreleased,Unknown,
all,FLUX.1 Kontext [max],2025-05-29,Black Forest Labs,Black Forest Labs,Industry,Germany,Image generation,"Image generation,Text-to-image,Image captioning",,,,,,,,,,,,API access,No,Unreleased,Unknown,
all,FLUX.1 Kontext [pro],2025-05-29,Black Forest Labs,Black Forest Labs,Industry,Germany,Image generation,"Image generation,Text-to-image,Image captioning",,,,,,,,,,,,API access,No,Unreleased,Unknown,
all,Kling 2.1,2025-05-29,Kuaishou Technology,Kuaishou Technology,Industry,China,Video,"Image-to-video,Video generation",,,,,,,,,,,,API access,No,Unreleased,Unknown,
all,Skywork-OR1-32B,2025-05-29,Kunlun Inc.,Kunlun Inc.,Industry,China,Language,"Code generation,Language modeling/generation",,32000000000.0,,,,,43880.654749112786,32.0,,NVIDIA H800 SXM5,NVIDIA H100 / H800 / H200,Open weights (unrestricted),Yes,,Confident,
all,Eleven v3,2025-06-03,ElevenLabs,ElevenLabs,Industry,United States of America,Speech,"Text-to-speech (TTS),Speech synthesis",,,,,,,,,,,,API access,No,Unreleased,Unknown,
all,Gemini 2.5 Flash Native Audio,2025-06-03,Google DeepMind,Google DeepMind,Industry,United States of America,Speech,"Speech-to-speech,Audio question answering,Text-to-speech (TTS),Speech synthesis",,,,,,,,,,,,API access,No,Unreleased,Unknown,
all,OpenAudio-S1,2025-06-03,Fish Audio,Fish Audio,Industry,United States of America,Speech,"Speech synthesis,Text-to-speech (TTS)",3.36e+22,4000000000.0,1400000000000.0,,,,,,,,,API access,No,Unreleased,Likely,Operation counting
all,OpenAudio-S1-mini,2025-06-03,Fish Audio,Fish Audio,Industry,United States of America,Speech,"Speech synthesis,Text-to-speech (TTS)",,500000000.0,,,,,,,,,,Open weights (non-commercial),Yes,Unreleased,Confident,
all,OpenAudio-S1-mini,2025-06-03,Fish Audio,Fish Audio,Industry,United States of America,,,,500000000.0,,,,,,,,,,,,,Confident,
all,Ink Whisper,2025-06-04,Cartesia,Cartesia,Industry,United States of America,Speech,"Speech-to-text,Speech recognition (ASR)",,,,,,,,,,,,API access,No,Unreleased,Unknown,
all,MiMo-VL-7B-SFT,2025-06-04,Xiaomi Corp,Xiaomi Corp,Industry,China,Multimodal,"Character recognition (OCR),Image captioning,Language modeling/generation,Question answering,Visual question answering,Video,Video description",1.1508e+24,7000000000.0,2400000000000.0,,,,,,,,,Open weights (unrestricted),Yes,Unreleased,Confident,Operation counting
all,MiMo‑VL‑7B‑RL,2025-06-04,Xiaomi Corp,Xiaomi Corp,Industry,China,Multimodal,"Character recognition (OCR),Image captioning,Language modeling/generation,Question answering,Visual question answering,Video,Video description",,7000000000.0,,,,,,,,,,Open weights (unrestricted),Yes,Unreleased,Confident,
all,Claude Gov,2025-06-05,Anthropic,Anthropic,Industry,United States of America,Language,"Language modeling/generation,Question answering",,,,,,,,,,,,Unreleased,No,Unreleased,Unknown,
all,Gemini 2.5 Pro (Jun 2025),2025-06-05,Google DeepMind,Google DeepMind,Industry,United States of America,Multimodal,"Language modeling/generation,Question answering,Code generation,Quantitative reasoning,Visual question answering,Translation,Image captioning,Video description,Speech recognition (ASR)",,,,,,,,,,,,API access,No,Unreleased,Unknown,
all,MiMo-7B-Base,2025-06-05,Xiaomi Corp,Xiaomi Corp,Industry,China,Language,"Language modeling/generation,Question answering,Quantitative reasoning,Code generation",1.05e+24,7000000000.0,25000000000000.0,,,,,,,,,Open weights (unrestricted),Yes,Unreleased,Confident,Operation counting
all,Qwen3 Embedding,2025-06-05,Alibaba,Alibaba,Industry,China,Language,Semantic embedding,,8000000000.0,,,,,,,,,,Open weights (unrestricted),Yes,Unreleased,Confident,
all,Qwen3 Reranker,2025-06-05,Alibaba,Alibaba,Industry,China,Language,Semantic embedding,,8000000000.0,,,,,,,,,,Open weights (unrestricted),Yes,Unreleased,Confident,
all,ether0,2025-06-05,FutureHouse,FutureHouse,,United States of America,Materials science,"Language modeling/generation,Molecular property prediction",,24000000000.0,,,96.0,4.0,526485.7790411419,384.0,,NVIDIA H100 SXM5 80GB,NVIDIA H100 / H800 / H200,Open weights (unrestricted),Yes,Unreleased,Likely,Hardware
all,Boltz-2,2025-06-06,Massachusetts Institute of Technology (MIT),"Massachusetts Institute of Technology (MIT),Recursion Pharmaceuticals,ETH Zurich,Valence Labs",Industry-academia collaboration,Multinational,Biology,"Protein interaction prediction,Protein-ligand binding affinity prediction",,,,,,,,188.0,,"NVIDIA A100,NVIDIA H100 NVL",NVIDIA H100 / H800 / H200,Open weights (unrestricted),Yes,,Unknown,
all,MiniCPM-4-8B,2025-06-09,OpenBMB (Open Lab for Big Model Base),OpenBMB (Open Lab for Big Model Base),,China,Language,"Language modeling/generation,Code generation,Translation",,8000000000.0,,,,,50137.0364857829,64.0,,NVIDIA A800 SXM,NVIDIA A100 / A800,,,,Confident,
all,Redwood AI,2025-06-09,1X,1X,Industry,United States of America,Robotics,"Robotic manipulation,Animal (human/non-human) imitation",,,,,,,,,,,,Unreleased,No,Unreleased,Unknown,
all,Devstral Medium,2025-06-10,Mistral AI,"Mistral AI,All Hands AI",Industry,Multinational,Language,"Code generation,Language modeling/generation,Instruction interpretation,System control",,,,,,,,,,,,API access,No,Unreleased,Unknown,
all,Magistral Medium 1.1,2025-06-10,Mistral AI,Mistral AI,Industry,France,Language,"Language modeling/generation,Question answering,Quantitative reasoning,Code generation,Translation",,,,,,,,,,,,API access,No,Unreleased,Unknown,
all,Magistral Small 1.0,2025-06-10,Mistral AI,Mistral AI,Industry,France,Language,"Language modeling/generation,Question answering,Quantitative reasoning,Code generation,Translation",,24000000000.0,,,,,,,,,,Open weights (unrestricted),Yes,Unreleased,Confident,
all,Seedance 1.0,2025-06-10,ByteDance,ByteDance,Industry,China,Video,"Video generation,Text-to-video,Image-to-video",,,,,,,,,,,,API access,No,Unreleased,Unknown,
all,Skywork-R1V3,2025-06-10,Kunlun Inc.,Kunlun Inc.,Industry,China,Vision,Visual question answering,,38000000000.0,,,,,,,,,,,,,Confident,
all,o3-pro,2025-06-10,OpenAI,OpenAI,Industry,United States of America,,,,,,,,,,,,,,,,,Unknown,
all,Cosmos-Predict2-14B-Text2Image,2025-06-11,NVIDIA,NVIDIA,Industry,United States of America,Image generation,"Text-to-image,Image generation",,14000000000.0,,,,,,,,,,Open weights (restricted use),Yes,Open source,Confident,
all,Cosmos-Predict2-14B-Video2World,2025-06-11,NVIDIA,NVIDIA,Industry,United States of America,Video,"Robotic manipulation,System control,Video generation",,14000000000.0,,,,,,,,,,Open weights (restricted use),Yes,Open source,Confident,
all,Cosmos-Predict2-2B-Text2Image,2025-06-11,NVIDIA,NVIDIA,Industry,United States of America,Image generation,"Text-to-image,Image generation",,2000000000.0,,,,,,,,,,Open weights (restricted use),Yes,Open source,Confident,
all,Cosmos-Predict2-2B-Text2Image,2025-06-11,NVIDIA,NVIDIA,Industry,United States of America,Image generation,"Image generation,Text-to-image",,2000000000.0,,,,,,,,,,Open weights (restricted use),Yes,Open source,Confident,
all,Cosmos-Predict2-2B-Video2World,2025-06-11,NVIDIA,NVIDIA,Industry,United States of America,Video,"Robotic manipulation,System control,Video generation",,2000000000.0,,,,,,,,,,Open weights (restricted use),Yes,Open source,Confident,
all,Seed 1.6,2025-06-11,ByteDance,ByteDance,Industry,China,Multimodal,"Language modeling/generation,Image captioning,Video generation",,230000000000.0,,,,,,,,,,API access,No,Unreleased,Confident,
all,Seed-1.6-Thinking,2025-06-11,ByteDance,ByteDance,Industry,China,Multimodal,"Language modeling/generation,Vision-language generation",,230000000000.0,,,,,,,,,,API access,No,Unreleased,Confident,
all,V-JEPA 2,2025-06-11,Facebook AI Research,Facebook AI Research,Industry,Multinational,Vision,Robotic manipulation,9.05969664e+21,1000000000.0,,,,,,,,,,Open weights (unrestricted),Yes,Open source,Likely,Operation counting
all,CollabLLM,2025-06-12,Stanford University,"Stanford University,Microsoft,Georgia Institute of Technology",Industry-academia collaboration,United States of America,Language,"Language modeling/generation,Question answering",,8000000000.0,,,,,,,,NVIDIA A100 SXM4 80 GB,NVIDIA A100 / A800,Open weights (non-commercial),Yes,Open source,Confident,
all,FGN,2025-06-12,Google DeepMind,Google DeepMind,Industry,United States of America,Earth science,Weather forecasting,9.61895088e+21,720000000.0,,,72.0,3.0,,,,"Google TPU v5p,Google TPU v6e Trillium",Google TPU v6,Unreleased,No,Unreleased,Confident,Hardware
all,MiniMax-M1-40k,2025-06-13,MiniMax,MiniMax,Industry,China,Language,"Language modeling/generation,Question answering,Code generation,Quantitative reasoning",4.1861931e+24,456000000000.0,7500000000000.0,,,,,,,NVIDIA H800 SXM5,NVIDIA H100 / H800 / H200,Open weights (unrestricted),Yes,Unreleased,Likely,
all,MiniMax-M1-80k,2025-06-13,MiniMax,MiniMax,Industry,China,Language,"Language modeling/generation,Question answering,Code generation,Quantitative reasoning",4.3240062e+24,456000000000.0,7500000000000.0,,,,,,,NVIDIA H800 SXM5,NVIDIA H100 / H800 / H200,Open weights (unrestricted),Yes,Unreleased,Likely,
all,Gemini 2.5 Flash-Lite,2025-06-15,Google DeepMind,Google DeepMind,Industry,United States of America,Multimodal,"Language modeling/generation,Question answering,Translation,Text classification,Quantitative reasoning,Search,Code generation,Visual question answering,Video description,Speech recognition (ASR),Character recognition (OCR),System control",,,,,,,,,,,,API access,No,Unreleased,Unknown,
all,Mistral Small 3.2,2025-06-15,Mistral AI,Mistral AI,Industry,France,Multimodal,"Language modeling/generation,Question answering,Quantitative reasoning,Code generation,Translation,Visual question answering,Character recognition (OCR)",,24000000000.0,,,,,,,,,,Open weights (unrestricted),Yes,Unreleased,Confident,
all,Kimi Dev 72b,2025-06-16,Moonshot,Moonshot,Industry,China,Language,Code generation,,72000000000.0,,,,,,,,,,Open weights (unrestricted),Yes,Unreleased,Confident,
all,Mercury Coder Mini,2025-06-17,Inception Labs,Inception Labs,Industry,United States of America,Language,"Language modeling/generation,Code generation",,,,,,,,,,NVIDIA H100 SXM5 80GB,NVIDIA H100 / H800 / H200,API access,No,Unreleased,Unknown,
all,Mercury Coder Small,2025-06-17,Inception Labs,Inception Labs,Industry,United States of America,Language,"Language modeling/generation,Code generation",,,,,,,,,,NVIDIA H100 SXM5 80GB,NVIDIA H100 / H800 / H200,API access,No,Unreleased,Unknown,
all,Minimax Hailuo 02,2025-06-18,MiniMax,"MiniMax,Hailuo AI",Industry,Multinational,Video,"Video generation,Text-to-video,Image-to-video",,,,,,,,,,,,API access,No,Unreleased,Unknown,
all,video-SALMONN 2+,2025-06-18,ByteDance,ByteDance,Industry,China,Multimodal,"Image captioning,Video description",,,,,,,,,,,,,,,Likely,
all,Kimi-VL,2025-06-23,Moonshot,Moonshot,Industry,China,Multimodal,"Language modeling/generation,Object recognition,Mathematical reasoning",,16000000000.0,,,,,,,,,,,,,Confident,
all,AlphaGenome,2025-06-25,Google DeepMind,Google DeepMind,Industry,United States of America,Biology,"Gene expression enhancement,Gene expression profile generation,Molecular property prediction,Mutation prediction,Protein-DNA binding prediction,Transcriptomic prediction,RNA structure prediction",1.362969e+22,450000000.0,,,,,,,,"Google TPU v3,NVIDIA H100 SXM5 80GB",NVIDIA H100 / H800 / H200,API access,No,Unreleased,Likely,Hardware
all,BlueOcean LLM 2.0 (萤石蓝海),2025-06-26,Hangzhou EZVIZ Software Co.,"Hangzhou EZVIZ Software Co., Ltd. (Hikvision)",Industry,China,Multimodal,"Object detection,Object recognition,Speech recognition (ASR),Video description,Search,Audio classification,Face detection,Language modeling/generation,Question answering",,,,,,,,,,,,Hosted access (no API),No,Unreleased,Unknown,
all,DiLoCoX (Qwen1.5-107B on WT-103),2025-06-26,China Mobile,"China Mobile,Zero Gravity Labs (0g AI)",Industry,Multinational,Language,"Language modeling/generation,Question answering",,107000000000.0,,,,,78309.46755225716,160.0,,NVIDIA A800 PCIe 40 GB,NVIDIA A100 / A800,Unreleased,No,Unreleased,Confident,
all,FLUX.1 Kontext [dev],2025-06-26,Black Forest Labs,Black Forest Labs,Industry,Germany,Image generation,"Image generation,Text-to-image,Image captioning",,12000000000.0,,,,,,,,,,Open weights (non-commercial),Yes,Unreleased,Confident,
all,ERNIE-4.5-0.3B,2025-06-29,Baidu,Baidu,Industry,China,Language,"Language modeling/generation,Quantitative reasoning,Code generation,Translation,Question answering",,360000000.0,,,,,,,,,,Open weights (unrestricted),Yes,Unreleased,Confident,
all,ERNIE-4.5-21B-A3B,2025-06-29,Baidu,Baidu,Industry,China,Language,"Language modeling/generation,Quantitative reasoning,Code generation,Translation,Question answering",1.8e+23,21000000000.0,,,,,,,,,,Open weights (unrestricted),Yes,Unreleased,Speculative,
all,ERNIE-4.5-300B-A47B,2025-06-29,Baidu,Baidu,Industry,China,Language,"Language modeling/generation,Quantitative reasoning,Code generation,Translation,Question answering",2.82e+24,300000000000.0,,,,,,,,NVIDIA H800 SXM5,NVIDIA H100 / H800 / H200,Open weights (unrestricted),Yes,Unreleased,Speculative,
all,ERNIE-4.5-VL-28B-A3B,2025-06-29,Baidu,Baidu,Industry,China,Multimodal,"Language modeling/generation,Visual question answering,Video description,Speech recognition (ASR),Quantitative reasoning,Code generation,Translation,Question answering,Character recognition (OCR)",,28000000000.0,,,,,,,,,,Open weights (unrestricted),Yes,Unreleased,Confident,
all,Finix-P1-32B,2025-07-01,Ant Group,Ant Group,Industry,China,,,,32000000000.0,,,,,,,,,,,,,Confident,
all,dots.llm1,2025-07-06,Rednote,Rednote,Industry,China,Language,"Language modeling/generation,Question answering",1.2164856e+24,142000000000.0,11328000000000.0,,,,,,,NVIDIA H800 SXM5,NVIDIA H100 / H800 / H200,Open weights (unrestricted),Yes,Unreleased,Confident,"Hardware,Operation counting"
all,EXAONE Path 2.0,2025-07-09,LG AI Research,LG AI Research,Industry,Korea (Republic of),Vision,"Cancer diagnosis,Image classification,Medical diagnosis",,175000000.0,144450.0,,,,,,,,,Open weights (non-commercial),Yes,Unreleased,Confident,
all,Grok 4,2025-07-09,xAI,xAI,Industry,United States of America,Multimodal,"Language modeling/generation,Question answering,Search,Visual question answering,Character recognition (OCR),Image captioning,Quantitative reasoning",5.0000000000001e+26,3000000000000.0,,387842678.08636147,,,,200000.0,,,,API access,No,Unreleased,Speculative,Comparison with other models
all,MedSigLIP,2025-07-09,Google,Google,Industry,United States of America,Vision,"Image embedding,Image segmentation,Image classification",,800000000.0,,,,,,,,,,Open weights (restricted use),Yes,Unreleased,Confident,
all,Grok 4 Heavy,2025-07-10,xAI,xAI,Industry,United States of America,Language,"Language modeling/generation,Question answering,Mathematical reasoning,Quantitative reasoning,Code generation",,,,,,,,,,,,Unreleased,No,Unreleased,Unknown,
all,Kimi K2,2025-07-11,Moonshot,Moonshot,Industry,China,Language,"Language modeling/generation,Code generation,Question answering,Quantitative reasoning,Search,Table tasks",2.976e+24,1000000000000.0,15500000000000.0,,,,,,,NVIDIA H800 SXM5,NVIDIA H100 / H800 / H200,Open weights (restricted use),Yes,Unreleased,Confident,Operation counting
all,Gemini Embedding,2025-07-14,Google DeepMind,Google DeepMind,Industry,United States of America,Language,Semantic embedding,,,,,,,,,,,,API access,No,Unreleased,Unknown,
all,EXAONE 4.0 (1.2B),2025-07-15,LG AI Research,LG AI Research,Industry,Korea (Republic of),Language,"Language modeling/generation,Question answering,Code generation,Quantitative reasoning,Translation",8.65e+22,1200000000.0,12000000000000.0,,336.0,14.0,701356.0100875632,512.0,,NVIDIA H200 SXM,NVIDIA H100 / H800 / H200,Open weights (non-commercial),Yes,Unreleased,Confident,Reported
all,EXAONE 4.0 (32B),2025-07-15,LG AI Research,LG AI Research,Industry,Korea (Republic of),Language,"Language modeling/generation,Question answering,Code generation,Quantitative reasoning,Translation",2.69000000000001e+24,32000000000.0,14000000000000.0,,3192.0,133.0,701356.0100875632,512.0,,NVIDIA H200 SXM,NVIDIA H100 / H800 / H200,Open weights (non-commercial),Yes,Unreleased,Confident,Reported
all,Voxtral Mini,2025-07-15,Mistral AI,Mistral AI,Industry,France,Speech,"Audio question answering,Speech recognition (ASR),Speech-to-text,Language modeling/generation,Question answering",,4700000000.0,,,,,,,,,,Open weights (unrestricted),Yes,Unreleased,Confident,
all,Voxtral Small,2025-07-15,Mistral AI,Mistral AI,Industry,France,Speech,"Audio question answering,Speech recognition (ASR),Speech-to-text,Language modeling/generation,Question answering",,24300000000.0,,,,,,,,,,Open weights (unrestricted),Yes,Unreleased,Confident,
all,OpenReasoning-Nemotron-32B,2025-07-16,NVIDIA,NVIDIA,Industry,United States of America,Language,"Language modeling/generation,Question answering,Quantitative reasoning,Code generation,Mathematical reasoning",,32000000000.0,,,,,,,,,,Open weights (unrestricted),Yes,Unreleased,Confident,
all,ChatGPT agent,2025-07-17,OpenAI,OpenAI,Industry,United States of America,Language,"Language modeling/generation,Question answering,Quantitative reasoning,System control,Table tasks,Code generation,Instruction interpretation,Translation,Search",,,,,,,,,,,,Hosted access (no API),No,Unreleased,Unknown,
all,T-Pro 2.0,2025-07-18,T-Bank,T-Bank,Industry,Russia,Language,"Language modeling/generation,Question answering,Quantitative reasoning",,32000000000.0,40000000000.0,,,,,,,,,Open weights (unrestricted),Yes,Unreleased,Confident,Operation counting
all,Qwen3-Coder-480B-A35B,2025-07-22,Alibaba,Alibaba,Industry,China,Language,"Language modeling/generation,Question answering,Code generation,System control",1.575e+24,480000000000.0,7500000000000.0,,,,,,,,,Open weights (unrestricted),Yes,Unreleased,Confident,Operation counting
all,Aeneas,2025-07-23,Google DeepMind,"Google DeepMind,University of Nottingham,University of Warwick,Athens University of Economics and Business,Google,University of Oxford",Industry-academia collaboration,Multinational,Multimodal,"Character recognition (OCR),Visual question answering",2.2875955e+21,,,,168.0,7.0,28174.462680457786,64.0,,Google TPU v5e,Google TPU v5,Hosted access (no API),No,Open source,Confident,Hardware
all,Seed Prover,2025-07-23,ByteDance,ByteDance,Industry,China,Language,Mathematical reasoning,,,,,,,,,,,,Unreleased,No,Unreleased,Unknown,
all,Magistral Small 1.1,2025-07-24,Mistral AI,Mistral AI,Industry,France,Language,"Language modeling/generation,Question answering,Quantitative reasoning,Code generation,Translation",,24000000000.0,,,,,,,,,,Open weights (unrestricted),Yes,Unreleased,Confident,
all,Qwen3-235B-A22B (Jul 2025),2025-07-25,Alibaba,Alibaba,Industry,China,Language,"Language modeling/generation,Question answering,Mathematical reasoning,Quantitative reasoning,Code generation,Translation",4.752e+24,235000000000.0,36000000000000.0,,,,,,,,,Open weights (unrestricted),Yes,Unreleased,Likely,Operation counting
all,Qwen3-235B-A22B-Thinking (Jul 2025),2025-07-25,Alibaba,Alibaba,Industry,China,Language,"Language modeling/generation,Question answering,Mathematical reasoning,Quantitative reasoning,Code generation,Translation",4.752e+24,235000000000.0,36000000000000.0,,,,,,,,,Open weights (unrestricted),Yes,Unreleased,Likely,Operation counting
all,Agentar-Fin-R1 32B,2025-07-27,Ant Group,Ant Group,Industry,China,Language,"Financial management,Language modeling/generation,Question answering",,32000000000.0,,,,,50083.47214569625,64.0,,NVIDIA A100,NVIDIA A100 / A800,Unreleased,No,Unreleased,Confident,
all,Agentar-Fin-R1 8B,2025-07-27,Ant Group,Ant Group,Industry,China,Language,"Financial management,Language modeling/generation,Question answering",,8000000000.0,,,,,12520.868036424064,16.0,,NVIDIA A100,NVIDIA A100 / A800,Unreleased,No,Unreleased,Confident,
all,Wan 2.2 14B I2V,2025-07-28,Alibaba,Alibaba,Industry,China,Video,"Video generation,Image-to-video",,14000000000.0,,,,,,,,,,Open weights (unrestricted),Yes,Unreleased,Confident,
all,Wan 2.2 14B T2V,2025-07-28,Alibaba,Alibaba,Industry,China,Video,"Video generation,Text-to-video",4.2e+23,14000000000.0,5000000000000.0,,,,,,,,,Open weights (unrestricted),Yes,Unreleased,Likely,Operation counting
all,Llama Nemotron Super v1.5,2025-07-29,NVIDIA,NVIDIA,Industry,United States of America,Language,"Language modeling/generation,Question answering,Code generation,Mathematical reasoning,Chat,Instruction interpretation,Retrieval-augmented generation",,49000000000.0,,,,,,,,,,Open weights (restricted use),Yes,Unreleased,Confident,Operation counting
all,AlphaEarth Foundations (AEF),2025-07-30,Google DeepMind,"Google DeepMind,Google",Industry,United States of America,Earth science,"Entity embedding,Crop Mapping / Segmentation",8.515584e+21,480000000.0,,,56.0,2.3333333333333335,340544.8586710556,512.0,,Google TPU v4,Google TPU v4,Hosted access (no API),No,Unreleased,Confident,Hardware
all,Command A Vision,2025-07-31,Cohere,Cohere,Industry,Canada,Multimodal,"Visual question answering,Character recognition (OCR),Language modeling/generation,Question answering",,112000000000.0,,,,,,,,,,Open weights (non-commercial),Yes,Unreleased,Confident,
all,Veo 3 Fast,2025-07-31,Google DeepMind,Google DeepMind,Industry,United States of America,Video,"Image-to-video,Video generation,Text-to-video",,,,,,,,,,,,API access,No,Unreleased,Unknown,
all,Gemini 2.5 Deep Think,2025-08-01,Google,"Google,Google DeepMind",Industry,United States of America,Multimodal,"Language modeling/generation,Mathematical reasoning,Code generation,Visual question answering,Question answering,Visual puzzles,Video description,Speech recognition (ASR),Speech-to-text",,,,,,,,,,,,Hosted access (no API),No,Unreleased,Unknown,
all,MindLink-32B,2025-08-01,Kunlun Inc.,Kunlun Inc.,Industry,China,Language,"Code generation,Mathematical reasoning",,32000000000.0,,,,,,,,NVIDIA A800 PCIe 80 GB,NVIDIA A100 / A800,,,,Confident,
all,MindLink-72B,2025-08-01,Kunlun Inc.,Kunlun Inc.,Industry,China,Language,"Code generation,Mathematical reasoning",,72000000000.0,,,,,,,,NVIDIA A800 PCIe 80 GB,NVIDIA A100 / A800,,,,Confident,
all,Tri-21B,2025-08-01,Trillion Labs,Trillion Labs,Industry,Korea (Republic of),Language,"Language modeling/generation,Question answering,Code generation,Quantitative reasoning",2.95e+23,20730000000.0,2300000000000.0,,,,,,,,,Open weights (restricted use),Yes,Unreleased,Confident,"Reported,Operation counting"
all,rStar-Math (Qwen2-Math-7B base),2025-08-01,Microsoft Research Asia,"Microsoft Research Asia,Peking University,Tsinghua University",Industry-academia collaboration,China,Language,"Language modeling/generation,Mathematical reasoning",,7000000000.0,,,,,109545.39710400862,80.0,308.0,NVIDIA H100 SXM5 80GB,NVIDIA H100 / H800 / H200,Unreleased,No,Open source,Confident,Operation counting
all,rStar-Math (Qwen2.5-Math-7B base),2025-08-01,Microsoft Research Asia,"Microsoft Research Asia,Peking University,Tsinghua University",Industry-academia collaboration,China,Language,"Language modeling/generation,Mathematical reasoning",,7000000000.0,,,,,109545.39710400862,80.0,308.0,NVIDIA H100 SXM5 80GB,NVIDIA H100 / H800 / H200,Unreleased,No,Open source,Confident,Operation counting
all,Hierarchical Reasoning Model (HPM),2025-08-04,Sapient Intelligence,Sapient Intelligence,,Singapore,Multimodal,Visual puzzles,,27000000.0,,,,,,,,,,Unreleased,No,Open source,Confident,
all,Qwen Image,2025-08-04,Alibaba,Alibaba,Industry,China,Image generation,"Image generation,Text-to-image,Image-to-image",,27000000000.0,,,,,,,,,,Open weights (unrestricted),Yes,Unreleased,Confident,
all,Claude Opus 4.1,2025-08-05,Anthropic,Anthropic,Industry,United States of America,Multimodal,"Language modeling/generation,Question answering,System control,Code generation,Search,Quantitative reasoning,Mathematical reasoning,Visual question answering",,,,,,,,,,,,API access,No,Unreleased,Unknown,
all,GLM-4.5,2025-08-05,Z.ai (Zhipu AI),"Z.ai (Zhipu AI),Tsinghua University",Industry-academia collaboration,China,Language,"Language modeling/generation,Question answering,Code generation,Quantitative reasoning",4.42e+24,355000000000.0,23100000000000.0,,,,,,,,,Open weights (unrestricted),Yes,Unreleased,Confident,Operation counting
all,GLM-4.5-Air,2025-08-05,Z.ai (Zhipu AI),"Z.ai (Zhipu AI),Tsinghua University",Industry-academia collaboration,China,Language,"Language modeling/generation,Question answering,Visual question answering,Image captioning,Video description,Table tasks,Character recognition (OCR)",1.656e+24,106000000000.0,,,,,,,,,,Open weights (unrestricted),Yes,Unreleased,Confident,
all,Genie 3,2025-08-05,Google DeepMind,Google DeepMind,Industry,United States of America,Games,"Video generation,Text-to-video",,,,,,,,,,,,Unreleased,No,Unreleased,Unknown,
all,gpt-oss-120b,2025-08-05,OpenAI,OpenAI,Industry,United States of America,Language,"Language modeling/generation,Question answering",4.94e+24,116830000000.0,,,,,,,,NVIDIA H100 SXM5 80GB,NVIDIA H100 / H800 / H200,Open weights (unrestricted),Yes,,Confident,Hardware
all,gpt-oss-20b,2025-08-05,OpenAI,OpenAI,Industry,United States of America,Language,"Language modeling/generation,Question answering",5.49e+23,20910000000.0,,,,,,,,NVIDIA H100 SXM5 80GB,NVIDIA H100 / H800 / H200,Open weights (unrestricted),Yes,,Confident,Hardware
all,GPT-5,2025-08-07,OpenAI,OpenAI,Industry,United States of America,Multimodal,"Language modeling/generation,Question answering",6.6e+25,,,,,,,,,,,API access,No,Unreleased,Speculative,
all,GPT-5 mini,2025-08-07,OpenAI,OpenAI,Industry,United States of America,Multimodal,"Language modeling/generation,Question answering",,,,,,,,,,,,API access,No,Unreleased,Unknown,
all,GPT-5 nano,2025-08-07,OpenAI,OpenAI,Industry,United States of America,Multimodal,"Language modeling/generation,Question answering",,,,,,,,,,,,API access,No,Unreleased,Unknown,
all,Ideogram Character,2025-08-07,Ideogram,Ideogram,Industry,Canada,Image generation,"Image-to-image,Image generation",,,,,,,,,,,,API access,No,Unreleased,Unknown,
all,Mistral Medium 3.1,2025-08-12,Mistral AI,Mistral AI,Industry,France,Language,"Language modeling/generation,Question answering",,,,,,,,,,,,API access,No,,Confident,
all,DINOv3,2025-08-13,Meta AI,Meta AI,Industry,United States of America,Vision,"Image classification,Object detection,Semantic segmentation",,7000000000.0,,,,,,,,,,Open weights (unrestricted),Yes,,Likely,
all,Canary 1B v2,2025-08-14,NVIDIA,NVIDIA,Industry,United States of America,Speech,"Speech recognition (ASR),Translation,Speech-to-text",,1000000000.0,,,,,50063.40027500897,64.0,,NVIDIA A100,NVIDIA A100 / A800,Open weights (unrestricted),Yes,Unreleased,Confident,
all,Gemma 3 270M,2025-08-14,Google DeepMind,Google DeepMind,Industry,United States of America,Language,"Language modeling/generation,Question answering",9.72e+21,270000000.0,6000000000000.0,,,,,,,,,Open weights (restricted use),Yes,Unreleased,Confident,Operation counting
all,Marey Realism v1.5,2025-08-14,Moonvalley,Moonvalley,Industry,Canada,Video,"Text-to-video,Video generation",,,,,,,,,,,,API access,No,Unreleased,Unknown,
all,Parakeet-tdt-0.6b-v3,2025-08-14,NVIDIA,NVIDIA,Industry,United States of America,Speech,"Speech-to-text,Speech recognition (ASR)",,600000.0,,,,,100126.80055001794,128.0,,NVIDIA A100,NVIDIA A100 / A800,Open weights (unrestricted),Yes,Unreleased,Confident,
all,GLM-4.1V-Thinking,2025-08-15,Z.ai (Zhipu AI),"Z.ai (Zhipu AI),Tsinghua University",Industry-academia collaboration,China,Multimodal,"Language modeling/generation,Question answering,Visual question answering,Image captioning",9.18e+23,9000000000.0,,,,,,,,,,Open weights (unrestricted),Yes,Unreleased,Likely,Operation counting
all,GLM-4.5V,2025-08-15,Z.ai (Zhipu AI),"Z.ai (Zhipu AI),Tsinghua University",Industry-academia collaboration,China,Multimodal,"Language modeling/generation,Question answering,Visual question answering,Image captioning,Video description,Table tasks,Character recognition (OCR)",1.8e+24,108000000000.0,2013265900000.0,,,,,,,,,Open weights (unrestricted),Yes,Unreleased,Confident,Operation counting
all,Ovis2.5 2B,2025-08-15,Alibaba,Alibaba,Industry,China,Multimodal,"Language modeling/generation,Visual question answering,Question answering,Character recognition (OCR),Image captioning,Quantitative reasoning,Mathematical reasoning,Video description",,2000000000.0,,,,,,,,,,Open weights (unrestricted),Yes,Unreleased,Confident,
all,Ovis2.5 9B,2025-08-15,Alibaba,Alibaba,Industry,China,Multimodal,"Language modeling/generation,Visual question answering,Question answering,Character recognition (OCR),Image captioning,Quantitative reasoning,Mathematical reasoning,Video description",,9000000000.0,,,,,,,,,,Open weights (unrestricted),Yes,Unreleased,Confident,
all,imagen 4 fast,2025-08-15,Google,Google,Industry,United States of America,Image generation,"Image generation,Text-to-image",,,,,,,,,,,,API access,No,Unreleased,Unknown,
all,NVIDIA-Nemotron-Nano-12B-v2,2025-08-18,NVIDIA,NVIDIA,Industry,United States of America,Language,"Language modeling/generation,Question answering",1.5192e+24,12000000000.0,21100000000000.0,,,,,,,,,Open weights (restricted use),Yes,Unreleased,Confident,Operation counting
all,NVIDIA-Nemotron-Nano-9B-v2,2025-08-18,NVIDIA,NVIDIA,Industry,United States of America,Language,"Language modeling/generation,Question answering",1.53e+24,9000000000.0,21100000000000.0,,,,,,,,,Open weights (restricted use),Yes,Unreleased,Confident,"Reported,Operation counting"
all,Qwen Image Edit,2025-08-18,Alibaba,Alibaba,Industry,China,Image generation,Image-to-image,,27000000000.0,,,,,,,,,,Open weights (unrestricted),Yes,Unreleased,Confident,
all,MolmoAct-7B-D,2025-08-19,Allen Institute for AI,"Allen Institute for AI,University of Washington",Industry-academia collaboration,United States of America,Robotics,Robotic manipulation,,7000000000.0,,,,,,,,NVIDIA H100 SXM5 80GB,NVIDIA H100 / H800 / H200,Open weights (unrestricted),Yes,Open source,Confident,"Hardware,Operation counting"
all,FlowER,2025-08-20,Massachusetts Institute of Technology (MIT),Massachusetts Institute of Technology (MIT),Academia,United States of America,Materials science,,5.88e+16,7000000000.0,1400000.0,,,,,,,,,Open weights (unrestricted),Yes,Open source,Confident,Operation counting
all,Gemma-SEA-LION-v4-27B-IT,2025-08-20,AI Singapore,AI Singapore,Government,Singapore,Multimodal,"Language modeling/generation,Question answering,Visual question answering",2.349e+24,27000000000.0,500000000000.0,,,,,,,NVIDIA H200 SXM,NVIDIA H100 / H800 / H200,Open weights (restricted use),Yes,Open source,Confident,Operation counting
all,Surya,2025-08-20,NASA,"NASA,University of Alabama,IBM Research",Industry-academia collaboration,United States of America,Earth science,"Heliophysics,Weather forecasting",2.9474214e+21,366000000.0,,,,,100113.42287839846,128.0,,NVIDIA A100,NVIDIA A100 / A800,Open weights (unrestricted),Yes,Open source,Confident,Operation counting
all,Cohere Command A Reasoning,2025-08-21,Cohere,Cohere,Industry,Canada,Language,"Language modeling/generation,Question answering,Quantitative reasoning",,111000000000.0,,,,,,,,,,Open weights (non-commercial),Yes,Unreleased,Confident,
all,DeepSeek-V3.1,2025-08-21,DeepSeek,DeepSeek,Industry,China,Language,"Language modeling/generation,Code generation,Quantitative reasoning,Question answering,Search,System control,Instruction interpretation",3.594058e+24,671000000000.0,840000000000.0,,,,,,,,,Open weights (unrestricted),Yes,Unreleased,Confident,Operation counting
all,Seed-OSS-36B-Base,2025-08-21,ByteDance,ByteDance,Industry,China,Language,"Language modeling/generation,Question answering,System control,Code generation,Mathematical reasoning",2.592e+24,,12000000000000.0,,,,,,,,,Open weights (unrestricted),Yes,Unreleased,Confident,Operation counting
all,Teuken 7B,2025-08-21,OpenGPT-X,"OpenGPT-X,Fraunhofer Institute for Algorithms and Scientific Computing,Forschungszentrum Julich,Technische Universität Dresden",Industry-academia collaboration,Germany,Language,"Language modeling/generation,Question answering",2.1444092e+23,7000000000.0,4000000000000.0,,,,400444.7737609557,512.0,,NVIDIA A100 SXM4 40 GB,NVIDIA A100 / A800,Open weights (non-commercial),Yes,Unreleased,Confident,"Operation counting,Hardware"
all,YandexGPT 5.1 Pro,2025-08-25,Yandex,Yandex,Industry,Russia,Language,"Language modeling/generation,Question answering,Code generation,Mathematical reasoning,Retrieval-augmented generation",,,,,,,,,,,,API access,No,Unreleased,Unknown,
all,Gemini 2.5 Flash Image (Nano Banana),2025-08-26,Google,Google,Industry,United States of America,Image generation,"Image generation,Text-to-image,Image-to-image",,,,,,,,,,,,API access,No,Unreleased,Unknown,
all,Wan 2.2 14B S2V,2025-08-26,Alibaba,Alibaba,Industry,China,Video,"Speech recognition (ASR),Video generation",,27000000000.0,,,,,,,,,,Open weights (unrestricted),Yes,Unreleased,Confident,
all,Grok Code Fast 1,2025-08-28,xAI,xAI,Industry,United States of America,Language,"Language modeling/generation,Code generation,Code autocompletion",,,,,,,,,,,,API access,No,Unreleased,Unknown,
all,MAI-Voice-1,2025-08-28,Microsoft,Microsoft,Industry,United States of America,Speech,"Text-to-speech (TTS),Speech synthesis",,,,,,,,,,,,Hosted access (no API),No,Unreleased,Unknown,
all,gpt-realtime,2025-08-28,OpenAI,OpenAI,Industry,United States of America,Speech,"Speech recognition (ASR),Speech synthesis,Visual question answering,Speech-to-speech,Audio question answering",,,,,,,,,,,,API access,No,Unreleased,Unknown,
all,MultiverSeg,2025-08-31,Massachusetts Institute of Technology (MIT),"Massachusetts Institute of Technology (MIT),Databricks",Industry-academia collaboration,United States of America,Vision,Image segmentation,,,,,,,,,,,,Open weights (unrestricted),Yes,Unreleased,Unknown,
all,LongCat-Flash,2025-09-01,Meituan Inc,Meituan Inc,Industry,China,Language,"Language modeling/generation,Question answering,Chat,Code generation,Quantitative reasoning,Instruction interpretation",3.726e+24,560000000000.0,23000000000000.0,,720.0,30.0,,,,,,Open weights (unrestricted),Yes,Unreleased,Likely,Operation counting
all,Apertus 70B,2025-09-02,ETH Zurich,"ETH Zurich,Ecole Polytechnique F´ed´erale de Lausanne (EPFL),Swiss National Supercomputing Centre (CSCS),Swisscom",Industry-academia collaboration,Switzerland,Language,"Language modeling/generation,Question answering,Code generation,Translation",6.74e+24,70000000000.0,15000000000000.0,,,,5604728.8670533225,4096.0,,NVIDIA GH200,NVIDIA GH200,Open weights (unrestricted),Yes,Open source,Confident,"Reported,Operation counting,Hardware"
all,Apertus 8B,2025-09-02,ETH Zurich,"ETH Zurich,Ecole Polytechnique F´ed´erale de Lausanne (EPFL),Swiss National Supercomputing Centre (CSCS),Swisscom",Industry-academia collaboration,Switzerland,Language,"Language modeling/generation,Question answering,Code generation,Translation",,8000000000.0,,,,,5604728.8670533225,4096.0,,NVIDIA GH200,NVIDIA GH200,Open weights (unrestricted),Yes,Open source,Confident,Operation counting
all,Chatterbox Multilingual,2025-09-04,Resemble AI,Resemble AI,Industry,United States of America,Speech,"Text-to-speech (TTS),Speech synthesis",,,,,,,,,,,,Open weights (unrestricted),Yes,Unreleased,Unknown,
all,EmbeddingGemma,2025-09-05,Google DeepMind,Google DeepMind,Industry,United States of America,Language,Semantic embedding,,308000000.0,320000000000.0,,,,,,,Google TPU v5e,Google TPU v5,Open weights (restricted use),Yes,Unreleased,Confident,
all,Qwen3-Max,2025-09-05,Alibaba,Alibaba,Industry,China,Language,"Language modeling/generation,Question answering,Mathematical reasoning,Code generation,Quantitative reasoning,Retrieval-augmented generation,Translation",1.512e+25,1000000000000.0,36000000000000.0,,,,,,,,,API access,No,Unreleased,Speculative,Operation counting
all,K2 Think,2025-09-09,Mohamed bin Zayed University of Artificial Intelligence (MBZUAI),"Mohamed bin Zayed University of Artificial Intelligence (MBZUAI),G42",Industry-academia collaboration,United Arab Emirates,Language,"Language modeling/generation,Question answering,Quantitative reasoning,Code generation",,32000000000.0,,,,,,,,,,Open weights (unrestricted),Yes,Unreleased,Confident,
all,Signal Processing Transformer,2025-09-09,Softbank,Softbank,Industry,Japan,Other,Signal processing,,,,,,,,,,,,Unreleased,No,Unreleased,Unknown,
all,Ling-flash-base-2.0-20T,2025-09-10,Ant Group,Ant Group,Industry,China,Language,"Language modeling/generation,Question answering",7.32e+23,100000000000.0,20000000000000.0,,,,,,,,,Open weights (unrestricted),Yes,Unreleased,Confident,Operation counting
all,Ling-mini-base-2.0-20T,2025-09-10,Ant Group,Ant Group,Industry,China,Language,"Language modeling/generation,Question answering",1.68e+23,16000000000.0,20000000000000.0,,,,,,,,,Open weights (unrestricted),Yes,Unreleased,Confident,Operation counting
all,Lucid Origin,2025-09-10,Leonardo AI,Leonardo AI,Industry,Australia,Video,"Video generation,Text-to-video",,,,,,,,,,,,API access,No,Unreleased,Unknown,
all,Qwen3-Next-80B-A3B,2025-09-10,Alibaba,Alibaba,Industry,China,Language,"Language modeling/generation,Question answering,System control,Code generation",2.7e+23,80000000000.0,15000000000000.0,,,,,,,,,Open weights (unrestricted),Yes,Unreleased,Confident,Operation counting
all,Fabric 1.0,2025-09-15,Veed,Veed,Industry,United Kingdom of Great Britain and Northern Ireland,Video,"Video generation,Image-to-video",,,,,,,,,,,,API access,No,Unreleased,Unknown,
all,GPT‑5-Codex,2025-09-15,OpenAI,OpenAI,Industry,United States of America,Language,"Code generation,System control",,,,,,,,,,,,API access,No,Unreleased,Unknown,
all,AgentFounder-30B,2025-09-16,Alibaba,Alibaba,Industry,China,Language,"Language modeling/generation,Question answering,System control,Quantitative reasoning,Mathematical reasoning,Code generation,Search",6.5367e+23,30000000000.0,315000000000.0,,,,,,,,,Open weights (unrestricted),Yes,Unreleased,Confident,Operation counting
all,Granite-Docling,2025-09-17,IBM,IBM,Industry,United States of America,Multimodal,"Visual question answering,Character recognition (OCR),Retrieval-augmented generation",,258000000.0,,,,,,,,NVIDIA H100 SXM5 80GB,NVIDIA H100 / H800 / H200,Open weights (unrestricted),Yes,Unreleased,Confident,
all,Magistral Medium 1.2,2025-09-18,Mistral AI,Mistral AI,Industry,France,Language,"Language modeling/generation,Question answering,Quantitative reasoning,Code generation,Translation",,,,,,,,,,,,API access,No,Unreleased,Unknown,
all,Magistral Small 1.2,2025-09-18,Mistral AI,Mistral AI,Industry,France,Multimodal,"Language modeling/generation,Question answering,Quantitative reasoning,Code generation,Translation,Visual question answering,Image captioning",,24000000000.0,,,,,,,,,,Open weights (unrestricted),Yes,Unreleased,Confident,
all,Grok 4 Fast,2025-09-19,xAI,xAI,Industry,United States of America,Language,"Language modeling/generation,Question answering,Quantitative reasoning,Search,Code generation,Mathematical reasoning",,,,,,,,,,,,API access,No,Unreleased,Unknown,
all,DeepSeek-V3.1-Terminus,2025-09-22,DeepSeek,DeepSeek,Industry,China,Language,"Language modeling/generation,Code generation,Quantitative reasoning,Question answering,Search,System control,Instruction interpretation",3.594058e+24,671000000000.0,839000000000.0,,,,,,,,,Open weights (unrestricted),Yes,Unreleased,Likely,Operation counting
all,Qwen3-Omni-30B-A3B,2025-09-22,Alibaba,Alibaba,Industry,China,Multimodal,"Language modeling/generation,Question answering,Visual question answering,Image captioning,Video description,Speech recognition (ASR),Speech synthesis,Speech-to-text,Text-to-speech (TTS)",3.6e+22,35300000000.0,2000000000000.0,,,,,,,,,Open weights (unrestricted),Yes,Unreleased,Confident,Operation counting
all,Qwen3-Omni-Flash,2025-09-22,Alibaba,Alibaba,Industry,China,Multimodal,"Language modeling/generation,Question answering,Visual question answering,Image captioning,Video description,Speech recognition (ASR),Speech synthesis,Speech-to-text,Text-to-speech (TTS)",3.6e+22,35300000000.0,,,,,,,,,,Unreleased,No,Unreleased,Confident,Operation counting
all,SimpleFold,2025-09-23,Apple,Apple,Industry,United States of America,Biology,Protein folding prediction,2e+21,3000000000.0,2227200000.0,,,,,,,,,Open weights (unrestricted),Yes,Unreleased,Confident,"Reported,Operation counting"
all,Gemini Robotics 1.5,2025-09-25,Google DeepMind,Google DeepMind,Industry,United States of America,Robotics,"Robotic manipulation,Instruction interpretation",,,,,,,,,,"Google TPU v4,Google TPU v5e,Google TPU v6e Trillium",Google TPU v6,Unreleased,No,Unreleased,Unknown,
all,Gemini Robotics-ER 1.5,2025-09-25,Google DeepMind,Google DeepMind,Industry,United States of America,Vision,"Instruction interpretation,Robotic manipulation,Image captioning,Object detection,Search,Language modeling/generation,Question answering,Speech recognition (ASR)",,,,,,,,,,"Google TPU v4,Google TPU v5e,Google TPU v6e Trillium",Google TPU v6,API access,No,Unreleased,Unknown,
all,GigaEmbeddings,2025-09-25,Sber,"Sber,Moscow Institute of Physics and Technology",Industry-academia collaboration,Russia,Language,Semantic embedding,,3000000000.0,49000000000.0,,,,,,,,,Open weights (unrestricted),Yes,Unreleased,Confident,Operation counting
all,Suno v5,2025-09-25,Suno,Suno,Industry,United States of America,Audio,Audio generation,,,,,,,,,,,,Hosted access (no API),No,Unreleased,Unknown,
all,Kling 2.5 Turbo,2025-09-26,Kuaishou Technology,Kuaishou Technology,Industry,China,Video,"Image-to-video,Video generation",,,,,,,,,,,,API access,No,Unreleased,Unknown,
all,Seedream 4.0,2025-09-28,ByteDance,ByteDance,Industry,China,Image generation,"Image generation,Text-to-image",,,,,,,,,,,,API access,No,Unreleased,Unknown,
all,Claude Sonnet 4.5,2025-09-29,Anthropic,Anthropic,Industry,United States of America,Multimodal,"Language modeling/generation,Code generation,System control,Question answering,Quantitative reasoning,Mathematical reasoning,Visual question answering",,,,,,,,,,,,API access,No,Unreleased,Unknown,
all,Cosmos-Predict2.5 2B,2025-09-29,NVIDIA,NVIDIA,Industry,United States of America,Video,"Video generation,Text-to-video,Image-to-video,Video-to-video",,2000000000.0,,,,,5601359.907709977,4096.0,,NVIDIA H100 SXM5 80GB,NVIDIA H100 / H800 / H200,Open weights (restricted use),Yes,Unreleased,Confident,
all,Cosmos-Predict2.5-14B,2025-09-29,NVIDIA,NVIDIA,Industry,United States of America,Video,"Video generation,Text-to-video,Image-to-video,Video-to-video",,14000000000.0,,,,,5601359.907709977,4096.0,,NVIDIA H100 SXM5 80GB,NVIDIA H100 / H800 / H200,Unreleased,No,Unreleased,Confident,
all,Cosmos-Transfer2.5-2B,2025-09-29,NVIDIA,NVIDIA,Industry,United States of America,Video,"Video generation,Text-to-video,Image-to-video,Image generation,Text-to-image,Video-to-video",,2000000000.0,,,,,,,,,,Open weights (restricted use),Yes,Unreleased,Confident,
all,DeepSeek-V3.2-Exp,2025-09-29,DeepSeek,DeepSeek,Industry,China,Language,"Language modeling/generation,Code generation,Quantitative reasoning,Question answering,Search,System control,Instruction interpretation",4.18e+24,671000000000.0,943700000000.0,,,,,,,,,Open weights (unrestricted),Yes,Unreleased,Confident,Operation counting
all,MinerU2.5,2025-09-29,Shanghai AI Lab,"Shanghai AI Lab,Peking University,Shanghai Jiao Tong University",Academia,China,Multimodal,"Visual question answering,Character recognition (OCR)",,1200000000.0,,,,,,,,,,Open weights (unrestricted),Yes,Unreleased,Confident,
all,NVIDIA Isaac GR00T N1.6,2025-09-29,NVIDIA,NVIDIA,Industry,United States of America,Robotics,"Robotic manipulation,Animal (human/non-human) imitation,Instruction interpretation",,,,,,,,,,,,Unreleased,No,Unreleased,Unknown,
all,Wan 2.5,2025-09-29,Alibaba,Alibaba,Industry,China,Video,"Video generation,Audio generation,Text-to-video,Image-to-video",,,,,,,,,,,,Unreleased,No,Unreleased,Unknown,
all,GLM-4.6,2025-09-30,Z.ai (Zhipu AI),"Z.ai (Zhipu AI),Tsinghua University",Industry-academia collaboration,China,Language,"Language modeling/generation,Question answering,Code generation,Quantitative reasoning,System control",4.42e+24,357000000000.0,23000000000000.0,,2880.0,120.0,,,,,,Open weights (unrestricted),Yes,Unreleased,Likely,Operation counting
all,Kandinsky 5.0 Video Lite,2025-09-30,Sber,Sber,Industry-academia collaboration,Russia,Video,"Video generation,Text-to-video",,2000000000.0,,,,,,,,,,Open weights (unrestricted),Yes,Unreleased,Confident,
all,Sora 2.0,2025-09-30,OpenAI,OpenAI,Industry,United States of America,Video,"Video generation,Text-to-video",,,,,,,,,,,,Hosted access (no API),No,Unreleased,Unknown,
all,EVI 4 mini,2025-10-01,Hume,Hume,Industry,United States of America,Speech,"Speech-to-speech,Audio question answering",,,,,,,,,,,,API access,No,Unreleased,Unknown,
all,Octave 2,2025-10-01,Hume,Hume,Industry,United States of America,Speech,"Speech synthesis,Text-to-speech (TTS)",,,,,,,,,,,,API access,No,Unreleased,Unknown,
all,Granite-4.0-H-Micro,2025-10-02,IBM,IBM,Industry,United States of America,Language,"Language modeling/generation,Question answering,Text summarization,Text classification,Retrieval-augmented generation,Code generation",3.15e+23,3000000000.0,,,,,,,,NVIDIA GB200,NVIDIA Blackwell (B200 / GB200),Open weights (unrestricted),Yes,Unreleased,Confident,Operation counting
all,Granite-4.0-H-Small,2025-10-02,IBM,IBM,Industry,United States of America,Language,"Language modeling/generation,Question answering,Text summarization,Text classification,Retrieval-augmented generation,Code generation",1.215e+24,32000000000.0,,,,,,,,NVIDIA GB200,NVIDIA Blackwell (B200 / GB200),Open weights (unrestricted),Yes,Unreleased,Confident,Operation counting
all,Granite-4.0-H-Tiny,2025-10-02,IBM,IBM,Industry,United States of America,Language,"Language modeling/generation,Question answering,Text summarization,Text classification,Retrieval-augmented generation,Code generation",1.35e+23,7000000000.0,,,,,,,,NVIDIA GB200,NVIDIA Blackwell (B200 / GB200),Open weights (unrestricted),Yes,Unreleased,Confident,Operation counting
all,Tiny Recursive Model (TRM-Att),2025-10-06,Samsung SAIT AI Lab,Samsung SAIT AI Lab,Industry,Korea (Republic of),Multimodal,"Language modeling/generation,Question answering,Visual puzzles",3.07742976e+20,7000000.0,,,72.0,3.0,5469.225394941245,4.0,,NVIDIA H100 SXM5 80GB,NVIDIA H100 / H800 / H200,Unreleased,No,Open source,Confident,Hardware
all,GPT-5 Pro,2025-10-07,OpenAI,OpenAI,Industry,United States of America,Multimodal,"Language modeling/generation,Question answering",,,,,,,,,,,,API access,No,Unreleased,Unknown,
all,Gemini 2.5 Computer Use,2025-10-07,Google,Google,Industry,United States of America,Multimodal,"Language modeling/generation,Question answering,Code generation,Quantitative reasoning,Visual question answering,Translation,Image captioning,Video description,Speech recognition (ASR),System control,Search",,,,,,,,,,,,API access,No,Unreleased,Unknown,
all,Grok Imagine,2025-10-08,xAI,xAI,Industry,United States of America,Image generation,"Image generation,Video generation,Text-to-image,Text-to-video,Image-to-image,Image-to-video",,,,,,,,,,,,Hosted access (no API),No,Unreleased,Unknown,
all,Ling-1T,2025-10-10,Ant Group,Ant Group,Industry,China,Language,"Language modeling/generation,Question answering,Quantitative reasoning,Code generation,Mathematical reasoning",6.000001e+24,1000000000000.0,20000000000000.0,,,,,,,,,Open weights (unrestricted),Yes,Unreleased,Confident,Operation counting
all,Ring-1T,2025-10-10,Ant Group,Ant Group,Industry,China,Language,"Language modeling/generation,Question answering,Quantitative reasoning,Code generation",,1000000000000.0,,,,,,,,,,Open weights (unrestricted),Yes,Unreleased,Confident,
all,C2S-Scale,2025-10-11,Google Research,"Google Research,Yale University,Google DeepMind,Brown University,University of Southern California",Industry-academia collaboration,United States of America,Language,"Cell Biology,RNA sequence generation,Language modeling/generation,Question answering",,27000000000.0,1000000000.0,,,,169995.84843414242,256.0,,Google TPU v4,Google TPU v4,Open weights (unrestricted),Yes,Unreleased,Likely,Operation counting
all,MAI-Image-1,2025-10-13,Microsoft,Microsoft,Industry,United States of America,Image generation,"Image generation,Text-to-image",,,,,,,,,,NVIDIA GB200,NVIDIA Blackwell (B200 / GB200),Hosted access (no API),No,Unreleased,Unknown,
all,Claude Haiku 4.5,2025-10-15,Anthropic,Anthropic,Industry,United States of America,Language,"Chat,Code generation,Language modeling/generation,Question answering",,,,,,,,,,,,API access,No,Unreleased,Unknown,
all,Llama 4 Scout + ScaleRL,2025-10-15,Meta AI,Meta AI,Industry,United States of America,Language,"Language modeling/generation,Question answering,Code generation",,109000000000.0,,,,,187478.7201903392,80.0,,NVIDIA GB200,NVIDIA Blackwell (B200 / GB200),Unreleased,No,Unreleased,Confident,Hardware
all,Veo 3.1,2025-10-15,Google DeepMind,Google DeepMind,Industry,United States of America,Video,"Image-to-video,Video generation,Text-to-video,Audio generation",,,,,,,,,,,,API access,No,Unreleased,Unknown,
all,Odyssey 1.2B,2025-10-18,Anthrogen,Anthrogen,Industry,United States of America,Biology,"Protein or nucleotide language model (pLM/nLM),Protein generation",,1200000000.0,,,,,,,,,,Unreleased,No,Unreleased,Confident,Reported
all,Odyssey 102B,2025-10-18,Anthrogen,Anthrogen,Industry,United States of America,Biology,"Protein or nucleotide language model (pLM/nLM),Protein generation",1.1e+23,102000000000.0,,,,,,,,,,Unreleased,No,Unreleased,Confident,Reported
all,Odyssey 12B,2025-10-18,Anthrogen,Anthrogen,Industry,United States of America,Biology,"Protein or nucleotide language model (pLM/nLM),Protein generation",,12000000000.0,,,,,,,,,,Unreleased,No,Unreleased,Confident,Reported
all,BAPO 32B,2025-10-21,Fudan University,"Fudan University,Shanghai Qiji Zhifeng",Industry-academia collaboration,China,Language,"Language modeling/generation,Question answering",,32000000000.0,,,,,,,,,,Unreleased,No,Open (non-commercial),Confident,
all,Deepseek OCR,2025-10-21,DeepSeek,DeepSeek,Industry,China,Vision,"Character recognition (OCR),Visual question answering",,3000000000.0,,,,,124969.11444297624,160.0,,NVIDIA A100 SXM4 40 GB,NVIDIA A100 / A800,Open weights (unrestricted),Yes,Unreleased,Confident,
all,Ring-flash-linear-2.0,2025-10-23,Ant Group,Ant Group,Industry,China,Language,"Language modeling/generation,Question answering,Quantitative reasoning,Code generation,Mathematical reasoning",7.686e+23,104200000000.0,1000000000000.0,,,,43737.2420098985,32.0,,NVIDIA H800 SXM5,NVIDIA H100 / H800 / H200,Open weights (unrestricted),Yes,Unreleased,Confident,Operation counting
all,Ring-mini-linear-2.0,2025-10-23,Ant Group,Ant Group,Industry,China,Language,"Language modeling/generation,Question answering,Quantitative reasoning,Code generation,Mathematical reasoning",1.714452e+23,16400000000.0,600000000000.0,,,,393635.1780890865,288.0,,NVIDIA H800 SXM5,NVIDIA H100 / H800 / H200,Open weights (unrestricted),Yes,Unreleased,Confident,Operation counting
all,Lapa LLM,2025-10-25,Ukrainian Catholic University,"Ukrainian Catholic University,Igor Sikorsky Kyiv Polytechnic Institute,AGH University of Krakow,Lviv Polytechnic",Academia,Multinational,Multimodal,Language modeling/generation,8.64e+23,12000000000.0,,,,,,,,,,Open weights (unrestricted),Yes,Unreleased,Likely,
all,LoongRL 14B,2025-10-27,Microsoft Research Asia,"Microsoft Research Asia,Shanghai Jiao Tong University,Carnegie Mellon University (CMU)",Industry-academia collaboration,Multinational,Language,"Language modeling/generation,Question answering,Quantitative reasoning",,14000000000.0,,,,,11714.289155328464,8.0,,AMD Instinct MI300X,AMD Instinct / Radeon,Unreleased,No,Open (non-commercial),Confident,
all,LoongRL 7B,2025-10-27,Microsoft Research Asia,"Microsoft Research Asia,Shanghai Jiao Tong University,Carnegie Mellon University (CMU)",Industry-academia collaboration,Multinational,Language,"Language modeling/generation,Question answering,Quantitative reasoning",,7000000000.0,,,,,12495.241765683691,16.0,,NVIDIA A100,NVIDIA A100 / A800,Unreleased,No,Open (non-commercial),Confident,
all,MiniMax-M2,2025-10-27,MiniMax,MiniMax,Industry,China,Language,"Code generation,System control,Search,Language modeling/generation,Question answering",,229000000000.0,,,,,,,,,,Open weights (unrestricted),Yes,Unreleased,Confident,
all,Tongyi DeepResearch,2025-10-28,Alibaba,Alibaba,Industry,China,Language,"Language modeling/generation,Question answering,Quantitative reasoning,Search,System control",,30500000000.0,,,,,,,,,,Open weights (unrestricted),Yes,Unreleased,Confident,
all,Composer,2025-10-29,Cursor,Cursor,Industry,United States of America,Language,"Code generation,System control",,,,,,,,,,,,Hosted access (no API),No,Unreleased,Unknown,
all,SWE-1.5,2025-10-29,Cognition,Cognition,Industry,United States of America,Language,Code generation,,300000000000.0,,,,,,,,NVIDIA GB200,NVIDIA Blackwell (B200 / GB200),Hosted access (no API),No,Unreleased,Likely,
all,Emu3.5,2025-10-30,Beijing Academy of Artificial Intelligence / BAAI,Beijing Academy of Artificial Intelligence / BAAI,Academia,China,Multimodal,"Text-to-video,Image-to-video,Image generation,Text-to-image,Visual question answering,Language modeling/generation,Question answering,Speech recognition (ASR),Video description",9.86736e+24,34100000000.0,13600000000000.0,,,,,,,,,Open weights (unrestricted),Yes,Unreleased,Confident,Operation counting
all,Kimi Linear,2025-10-30,Moonshot,Moonshot,Industry,China,Language,"Language modeling/generation,Question answering,Mathematical reasoning",1.026e+23,48000000000.0,5700000000000.0,,,,,,,,,Open weights (unrestricted),Yes,Unreleased,Confident,Operation counting
all,Gen-0,2025-11-04,Generalist,Generalist,Industry,United States of America,Robotics,Robotic manipulation,,10000000000.0,,,,,,,,,,Unreleased,No,Unreleased,Likely,
all,Kimi K2 Thinking,2025-11-06,Moonshot,Moonshot,Industry,China,Language,"Language modeling/generation,Question answering,Search,Quantitative reasoning,Code generation",4.1999999999999997e+24,1000000000000.0,,,,,,,,,,Open weights (restricted use),Yes,Unreleased,Likely,Comparison with other models
all,Kaiju Large,2025-11-07,Character.ai,Character.ai,Industry,United States of America,Language,Language modeling/generation,,110000000000.0,,,,,,,,,,Hosted access (no API),No,,Likely,
all,Kaiju Medium,2025-11-07,Character.ai,Character.ai,Industry,United States of America,Language,Language modeling/generation,,34000000000.0,,,,,,,,,,Hosted access (no API),No,,Likely,
all,Kaiju Small,2025-11-07,Character.ai,Character.ai,Industry,United States of America,Language,Language modeling/generation,,13000000000.0,,,,,,,,,,Hosted access (no API),No,,Likely,
all,Meta's Generative Ads Model (GEM),2025-11-10,Meta AI,Meta AI,Industry,United States of America,Recommendation,Recommender system,,,,,,,,,,,,Unreleased,No,,Likely,
all,GPT-5.1-Codex,2025-11-12,OpenAI,OpenAI,Industry,United States of America,Language,Language modeling/generation,,,,,,,,,,,,API access,No,Unreleased,Unknown,
all,GPT-5.1-Codex-mini,2025-11-12,OpenAI,OpenAI,Industry,United States of America,Multimodal,Language modeling/generation,,,,,,,,,,,,API access,No,Unreleased,Unknown,
all,GPT-5.1,2025-11-13,OpenAI,OpenAI,Industry,United States of America,Multimodal,"Language modeling/generation,Question answering",,,,,,,,,,,,API access,No,Unreleased,Unknown,
all,GPT-5.1 Instant,2025-11-13,OpenAI,OpenAI,Industry,United States of America,Multimodal,"Language modeling/generation,Question answering",,,,,,,,,,,,API access,No,Unreleased,Unknown,
all,Depth Anything 3,2025-11-14,,,,,Vision,3D reconstruction,,,,,,,,,,,,Open weights (unrestricted),Yes,,Likely,
all,Grok 4.1,2025-11-17,xAI,xAI,Industry,United States of America,Language,"Language modeling/generation,Question answering,Mathematical reasoning,Quantitative reasoning,Code generation",,,,,,,,,,,,API access,No,Unreleased,Unknown,
all,P1-235B-A22B,2025-11-17,Shanghai AI Lab,Shanghai AI Lab,Academia,China,Language,Question answering,,235000000000.0,,,,,,,,,,Open weights (unrestricted),Yes,,Likely,
all,π0.6 (pi-0.6),2025-11-17,Physical Intelligence,Physical Intelligence,Industry,United States of America,Robotics,Robotic manipulation,,5260000000.0,,,,,,,,,,Unreleased,No,,Confident,
all,Gemini 3 Pro,2025-11-18,Google DeepMind,Google DeepMind,Industry,United States of America,Multimodal,Language modeling/generation,,,,,,,,,,Google TPU v7 Ironwood,Google TPU v7,API access,No,Unreleased,Unknown,
all,GPT-5.1-Codex-Max,2025-11-19,OpenAI,OpenAI,Industry,United States of America,Language,Language modeling/generation,,,,,,,,,,,,API access,No,Unreleased,Unknown,
all,Grok 4.1 Fast,2025-11-19,xAI,xAI,Industry,United States of America,Language,"Language modeling/generation,Question answering,Mathematical reasoning,Quantitative reasoning,Code generation",,,,,,,,,,,,API access,No,Unreleased,Unknown,
all,Gemini 3 Pro Image (Nano Banana Pro),2025-11-20,Google DeepMind,Google DeepMind,Industry,United States of America,Image generation,Image generation,,,,,,,,,,,,API access,No,,Likely,
all,Olmo 3,2025-11-20,Allen Institute for AI,Allen Institute for AI,Research collective,United States of America,Language,"Language modeling/generation,Chat,Reasoning,Code generation",1.0999999999999999e+24,32000000000.0,5500000000000.0,,1344.0,56.0,1398719.3115551586,1024.0,,NVIDIA H100 SXM5 80GB,NVIDIA H100 / H800 / H200,Open weights (unrestricted),Yes,Open source,Confident,
all,Olmo 3 32B Instruct,2025-11-20,Allen Institute for AI,"Allen Institute for AI,University of Washington,Carnegie Mellon University (CMU),Stanford University,Mila - Quebec AI (originally Montreal Institute for Learning Algorithms),University of Montreal / Université de Montréal,Princeton University,Massachusetts Institute of Technology (MIT),University of Maryland",Industry-academia collaboration,Multinational,Language,"Language modeling/generation,Chat,Code generation,Mathematical reasoning,Tool use",,32000000000.0,,,,,1398719.3115551586,1024.0,,NVIDIA H100 SXM5 80GB,NVIDIA H100 / H800 / H200,Open weights (unrestricted),Yes,,Likely,
all,Olmo 3 7B Think,2025-11-20,Allen Institute for AI,"Allen Institute for AI,University of Washington,Carnegie Mellon University (CMU),Stanford University,Mila - Quebec AI (originally Montreal Institute for Learning Algorithms),University of Montreal / Université de Montréal,Princeton University,Massachusetts Institute of Technology (MIT),University of Maryland",Industry-academia collaboration,Multinational,Language,"Language modeling/generation,Chat,Code generation,Mathematical reasoning,Tool use",,7000000000.0,,,,,1398719.3115551586,1024.0,,NVIDIA H100 SXM5 80GB,NVIDIA H100 / H800 / H200,Open weights (unrestricted),Yes,,Likely,
all,Olmo 3.1 32B Think,2025-11-20,Allen Institute for AI,"Allen Institute for AI,University of Washington,Carnegie Mellon University (CMU),Stanford University,Mila - Quebec AI (originally Montreal Institute for Learning Algorithms),University of Montreal / Université de Montréal,Princeton University,Massachusetts Institute of Technology (MIT),University of Maryland",Industry-academia collaboration,Multinational,Language,"Language modeling/generation,Chat,Code generation,Mathematical reasoning,Tool use",,32000000000.0,,,,,1398719.3115551586,1024.0,,NVIDIA H100 SXM5 80GB,NVIDIA H100 / H800 / H200,Open weights (unrestricted),Yes,,Likely,
all,SAM 3,2025-11-20,Meta AI,Meta AI,Industry,United States of America,Vision,Image segmentation,1.9981584e+23,850000000.0,,,,,,,,,,Open weights (restricted use),Yes,,Likely,
all,SAM 3,2025-11-20,,,,,Vision,Semantic segmentation,,848000000.0,,,,,,,,,,Open weights (restricted use),Yes,,Likely,
all,Claude Opus 4.5,2025-11-24,Anthropic,Anthropic,Industry,United States of America,Multimodal,"Code generation,Language modeling/generation,Quantitative reasoning,Search,Visual question answering,Translation,Image captioning,Instruction interpretation,Mathematical reasoning,Visual puzzles,Code autocompletion,Chat,Character recognition (OCR),Language modeling,Language generation,Text autocompletion,Retrieval-augmented generation,System control",,,,,,,,,,,,API access,No,Unreleased,Unknown,
all,FLUX.2,2025-11-25,Black Forest Labs,Black Forest Labs,Industry,Germany,Image generation,Image generation,,32000000000.0,,,,,,,,,,Open weights (non-commercial),Yes,,Likely,
all,INTELLECT-3,2025-11-26,Prime Intellect,Prime Intellect,Industry,United States of America,Language,Language modeling/generation,,106000000000.0,,,1440.0,60.0,,,,NVIDIA H200,NVIDIA H100 / H800 / H200,Open weights (unrestricted),Yes,,Likely,
all,DeepSeekMath-V2,2025-11-27,DeepSeek,DeepSeek,Industry,China,Language,"Mathematical reasoning,Theorem proving,Proof generation,Proof verification",,685000000000.0,,,,,,,,,,Open weights (unrestricted),Yes,Unreleased,Confident,
all,DeepSeek-V3.2,2025-12-01,DeepSeek,DeepSeek,Industry,China,,,4.1999999999999997e+24,,,,,,,,,,,Open weights (unrestricted),Yes,,Likely,
all,Runway Gen-4.5,2025-12-01,Runway,Runway,Industry,United States of America,Video,Video generation,,,,,,,,,,,,Hosted access (no API),No,,Likely,
all,Ministral 3 14B,2025-12-02,Mistral AI,Mistral AI,Industry,France,Language,Language modeling/generation,,14000000000.0,,,,,,,,,,Open weights (unrestricted),Yes,,Likely,
all,Ministral 3 3B,2025-12-02,Mistral AI,Mistral AI,Industry,France,Language,Language modeling/generation,,3000000000.0,,,,,,,,,,Open weights (unrestricted),Yes,,Likely,
all,Ministral 3 8B,2025-12-02,Mistral AI,Mistral AI,Industry,France,Language,Language modeling/generation,,8000000000.0,,,,,,,,,,Open weights (unrestricted),Yes,,Likely,
all,Mistral 3 Large,2025-12-02,Mistral AI,Mistral AI,Industry,France,Language,Language modeling/generation,,675000000000.0,,,,,,,,NVIDIA H200,NVIDIA H100 / H800 / H200,Open weights (unrestricted),Yes,,Likely,
all,Nova 2,2025-12-02,Amazon Web Services (AWS),Amazon Web Services (AWS),,,Multimodal,"Chat,Reasoning,Multimodal understanding,Code generation,Agentic tasks,Speech",,,,,,,,,,,,API access,No,Unreleased,Confident,
all,Nova 2 Pro (Preview),2025-12-02,Amazon,Amazon,Industry,United States of America,Language,Language modeling/generation,,,,,,,,,,,,Open weights (unrestricted),Yes,,Likely,
all,SIMA 2,2025-12-04,Google DeepMind,Google DeepMind,Industry,United States of America,3D modeling,,,,,,,,,,,,,Unreleased,No,,Likely,
all,Devstral 2 (123B),2025-12-09,Mistral AI,Mistral AI,Industry,France,Language,"Language modeling/generation,Coding",,123000000000.0,,,,,,,,,,Open weights (restricted use),Yes,,Likely,
all,Devstral 2 (24B),2025-12-09,Mistral AI,Mistral AI,Industry,France,Language,"Language modeling/generation,Coding",,24000000000.0,,,,,,,,,,Open weights (restricted use),Yes,,Likely,
all,GPT-5.2,2025-12-11,OpenAI,OpenAI,Industry,United States of America,,"Language modeling/generation,Question answering",,,,,,,,,,,,API access,No,Unreleased,Unknown,
all,GPT-5.2 Pro,2025-12-11,OpenAI,OpenAI,Industry,United States of America,Multimodal,"Language modeling/generation,Question answering",,,,,,,,,,,,API access,No,Unreleased,Likely,
all,Nomos 1,2025-12-11,Nous Research,Nous Research,Industry,United States of America,Language,"Mathematical problem solving,Proof writing,Reasoning",,30000000000.0,,,,,,,,,,Open weights (unrestricted),Yes,Unreleased,Confident,
all,Nemotron 3-Nano-30B-A3B,2025-12-15,NVIDIA,NVIDIA,Industry,United States of America,Language,Language modeling/generation,4.8e+23,31600000000.0,,,,,,,,NVIDIA H100 SXM5 80GB,NVIDIA H100 / H800 / H200,Open weights (restricted use),Yes,,Likely,
all,Nemotron-Cascade 14B,2025-12-15,NVIDIA,NVIDIA,Industry,United States of America,Language,"Language modeling/generation,Question answering",,14800000000.0,,,,,,,,,,Open weights (unrestricted),Yes,,Likely,
all,MiMo-V2-Flash,2025-12-16,Xiaomi Corp,Xiaomi Corp,Industry,China,Language,Language modeling/generation,2.43e+24,309000000000.0,,,,,,,,,,Open weights (unrestricted),Yes,,Likely,
all,Gemini 3 Flash,2025-12-17,Google DeepMind,Google DeepMind,Industry,United States of America,,,,,,,,,,,,,,API access,No,,Unknown,
all,GPT-5.2 Codex,2025-12-18,OpenAI,OpenAI,Industry,United States of America,Language,Language modeling/generation,,,,,,,,,,,,API access,No,Unreleased,Likely,
all,GLM 4.7 Flash,2025-12-22,Z.ai (Zhipu AI),Z.ai (Zhipu AI),Industry,China,Language,"Coding,Language modeling/generation",,30000000000.0,,,,,,,,,,Open weights (unrestricted),Yes,,Likely,
all,GLM-4.7,2025-12-22,Z.ai (Zhipu AI),Z.ai (Zhipu AI),Industry,China,Language,"Language modeling/generation,Code generation",4.42e+24,358000000000.0,,,,,,,,,,Open weights (unrestricted),Yes,Unreleased,Likely,
all,MiniMax-M2.1,2025-12-23,MiniMax,MiniMax,Industry,China,Language,"Chat,Language modeling/generation,Code generation,Tool use,Agentic workflows",,229000000000.0,,,,,,,,,,Open weights (restricted use),Yes,Unreleased,Confident,
all,HyperCLOVA X SEED 32B Think,2025-12-29,NAVER,NAVER,Industry,Korea (Republic of),Multimodal,"Language modeling/generation,(Visual) Question answering,Image Understanding",,32000000000.0,,,,,,,,,,,,,Confident,
all,A.X K1,2025-12-30,SK Telecom,SK Telecom,Industry,Korea (Republic of),Language,"Code generation,Language modeling/generation,Translation,Instruction interpretation,Mathematical reasoning,Chat,Language modeling,Language generation,Text autocompletion",,519000000000.0,,9642947.0,1536.0,64.0,,1536.0,,NVIDIA H200,NVIDIA H100 / H800 / H200,,,,Confident,
all,VAETKI,2025-12-30,NC AI,NC AI,Industry,Korea (Republic of),Language,Language modeling/generation,,100000000000.0,,,3238.0,134.91666666666666,,1016.0,,Nvidia H100 80G,NVIDIA H100 / H800 / H200,Open weights (unrestricted),Yes,,Confident,
all,K-EXAONE,2025-12-31,LG AI Research,LG AI Research,Industry,Korea (Republic of),Language,"Language modeling/generation,Chat,Question answering,Code generation,Mathematical reasoning,Instruction interpretation",1.52e+24,236000000000.0,11000000000000.0,,3240.0,135.0,,512.0,,NVIDIA B200 GPUs,NVIDIA Blackwell (B200 / GB200),Open weights (restricted use),Yes,Unreleased,Confident,
all,Solar Open 100B,2025-12-31,Upstage,Upstage,Industry,Korea (Republic of),Language,"Language modeling/generation,Chat",1.3999999999999998e+24,102000000000.0,19700000000000.0,,1572.0,65.5,,,,,,Open weights (restricted use),Yes,,Confident,
all,Qwen3-Max-Thinking,2026-01-25,Alibaba,Alibaba,Industry,China,Language,Language modeling/generation,,,,,,,,,,,,API access,No,,Likely,
all,Helix 02,2026-01-27,Figure AI,Figure AI,Industry,United States of America,Robotics,Robotic manipulation,,,,,,,,,,,,Unreleased,No,,Likely,
all,Kimi K2.5,2026-02-02,Moonshot,Moonshot,Industry,China,Language,Language modeling/generation,5.8e+24,1040000000000.0,,,,,,,,NVIDIA H800 SXM5,NVIDIA H100 / H800 / H200,Open weights (unrestricted),Yes,,Likely,
all,Qwen3-Coder-Next,2026-02-02,Alibaba,Alibaba,Industry,China,Language,"Language modeling/generation,Coding",,80000000000.0,,,,,,,,,,Open weights (unrestricted),Yes,,Likely,
all,Step 3.5 Flash,2026-02-02,StepFun,StepFun,Industry,China,Language,"Language modeling/generation,Question answering",,,,,,,,,,,,Open weights (unrestricted),Yes,,Likely,
all,Claude Opus 4.6,2026-02-05,Anthropic,Anthropic,Industry,United States of America,Multimodal,"Code generation,Language modeling/generation,Quantitative reasoning,Search,Visual question answering,Translation,Image captioning,Instruction interpretation,Mathematical reasoning,Visual puzzles,Code autocompletion,Chat,Character recognition (OCR),Language modeling,Language generation,Text autocompletion,Retrieval-augmented generation,System control",,,,,,,,,,,,API access,No,Unreleased,Likely,
all,GPT-5.3 Codex,2026-02-05,OpenAI,OpenAI,Industry,United States of America,Language,Language modeling/generation,,,,,,,,,,,,API access,No,Unreleased,Likely,
all,Composer 1.5,2026-02-09,Cursor,Cursor,Industry,United States of America,Language,"Coding,Agentic tasks",,,,,,,,,,,,API access,No,,Likely,
all,GLM-5,2026-02-11,Z.ai (Zhipu AI),Z.ai (Zhipu AI),Industry,China,Language,"Language modeling/generation,Code generation",,,,,,,,,,,,Open weights (unrestricted),Yes,,Likely,
all,MiniMax-M2.5,2026-02-12,MiniMax,MiniMax,Industry,China,Language,"Code generation,System control,Search,Language modeling/generation,Question answering",,229000000000.0,,,,,,,,,,Open weights (unrestricted),Yes,Unreleased,Likely,
all,Seedance 2.0,2026-02-12,ByteDance,ByteDance,Industry,China,Image generation,"Video generation,Audio generation",,,,,,,,,,,,Hosted access (no API),No,,Likely,
all,Qwen3.5 397B-A17B,2026-02-13,Alibaba,Alibaba,Industry,China,Language,"Language modeling/generation,Vision-language generation",,397000000000.0,,,,,,,,,,Open weights (unrestricted),Yes,,Likely,
all,Qwen 3.5 Plus (hosted 397B-A17B),2026-02-16,Alibaba,Alibaba,Industry,China,,,,,,,,,,,,,,,,,Likely,
all,Claude Sonnet 4.6,2026-02-17,Anthropic,Anthropic,Industry,United States of America,Multimodal,"Code generation,Language modeling/generation,Quantitative reasoning,Search,Visual question answering,Translation,Image captioning,Instruction interpretation,Mathematical reasoning,Visual puzzles,Code autocompletion,Chat,Character recognition (OCR),Language modeling,Language generation,Text autocompletion,Retrieval-augmented generation,System control",,,,,,,,,,,,API access,No,Unreleased,Likely,
all,DreamZero,2026-02-17,NVIDIA,NVIDIA,Industry,United States of America,Robotics,Robotic manipulation,,14000000000.0,,,,,,,,,,Open weights (restricted use),Yes,,Likely,
all,GLM-5,2026-02-17,Z.ai (Zhipu AI),Z.ai (Zhipu AI),Industry,China,Language,Language modeling/generation,6.84e+24,744000000000.0,,,,,,,,Huawei Ascend 910C,Huawei Ascend,Open weights (unrestricted),Yes,,Likely,
all,Grok 4.20,2026-02-17,xAI,xAI,Industry,United States of America,Language,Language modeling/generation,,500000000000.0,,,,,,,,,,API access,No,,Likely,
all,Arcee Trinity Large,2026-02-19,Prime Intellect,"Prime Intellect,Arcee AI",Industry,United States of America,Language,Language modeling/generation,1.326e+24,398000000000.0,,,,,,,,NVIDIA B300 (Blackwell Ultra),NVIDIA Blackwell (B200 / GB200),Open weights (restricted use),Yes,,Likely,
all,Gemini 3.1 Pro,2026-02-19,Google DeepMind,Google DeepMind,Industry,United States of America,Multimodal,Language modeling/generation,,,,,,,,,,,,API access,No,Unreleased,Likely,
all,Gemini 3.1 Pro,2026-02-19,Google DeepMind,Google DeepMind,Industry,United States of America,Language,Language modeling/generation,,,,,,,,,,,,API access,No,,Likely,
all,Qwen3.5-0.8B,2026-02-24,Alibaba,Alibaba,Industry,China,Language,Language modeling/generation,,800000000.0,,,,,,,,,,Open weights (restricted use),Yes,,Confident,
all,Qwen3.5-122B-A10B,2026-02-24,Alibaba,Alibaba,Industry,China,Language,Language modeling/generation,,122000000000.0,,,,,,,,,,Open weights (restricted use),Yes,,Likely,
all,Qwen3.5-27B,2026-02-24,Alibaba,Alibaba,Industry,China,Language,Language modeling/generation,,27000000000.0,,,,,,,,,,Open weights (restricted use),Yes,,Confident,
all,Qwen3.5-2B,2026-02-24,Alibaba,Alibaba,Industry,China,Language,Language modeling/generation,,2000000000.0,,,,,,,,,,Open weights (restricted use),Yes,,Confident,
all,Qwen3.5-4B,2026-02-24,Alibaba,Alibaba,Industry,China,Language,Language modeling/generation,,4000000000.0,,,,,,,,,,Open weights (restricted use),Yes,,Confident,
all,Qwen3.5-9B,2026-02-24,Alibaba,Alibaba,Industry,China,Language,Language modeling/generation,,9000000000.0,,,,,,,,,,Open weights (restricted use),Yes,,Confident,
all,Qwen 3.5 Flash (hosted 35B-A3B),2026-02-25,Alibaba,Alibaba,Industry,China,,,,,,,,,,,,,,,,,Likely,
all,SWE 1.6,2026-03-01,Cognition,Cognition,Industry,United States of America,Language,"Coding,Agentic tasks",,,,,,,4672690.306975335,2000.0,,NVIDIA GB200,NVIDIA Blackwell (B200 / GB200),Hosted access (no API),No,,Likely,
all,Gemini 3.0 Flash-lite,2026-03-03,Google DeepMind,Google DeepMind,Industry,United States of America,Language,Language modeling/generation,,,,,,,,,,,,API access,No,,Likely,
all,Gemini 3.1 Flash-Lite,2026-03-03,Google,Google,Industry,United States of America,Multimodal,"Language modeling/generation,Code generation",,,,,,,,,,,,API access,No,Unreleased,Likely,
all,GPT-5.4,2026-03-05,OpenAI,OpenAI,Industry,United States of America,Multimodal,"Language modeling/generation,Question answering",,,,,,,,,,,,API access,No,Unreleased,Likely,
all,GPT-5.4 Pro,2026-03-05,OpenAI,OpenAI,Industry,United States of America,Multimodal,"Language modeling/generation,Question answering",,,,,,,,,,,,API access,No,Unreleased,Likely,
all,Nemotron 3 Super,2026-03-11,NVIDIA,NVIDIA,Industry,United States of America,Language,"Language modeling/generation,Coding",,120000000000.0,,,,,,,,,,,,,Likely,
all,GPT-5.4 Mini,2026-03-17,OpenAI,OpenAI,Industry,United States of America,Language,"Language modeling/generation,Question answering",,,,,,,,,,,,API access,No,Unreleased,Likely,
all,GPT-5.4 Nano,2026-03-17,OpenAI,OpenAI,Industry,United States of America,Language,"Language modeling/generation,Question answering",,,,,,,,,,,,API access,No,Unreleased,Likely,
all,MiMo-V2-Pro,2026-03-18,Xiaomi Corp,Xiaomi Corp,Industry,China,Language,"Language modeling/generation,Question answering",,1020000000000.0,,,,,,,,,,,,,Confident,
all,MiniMax-M2.7,2026-03-18,MiniMax,MiniMax,Industry,China,Language,Language modeling/generation,,229000000000.0,,,,,,,,,,Open weights (non-commercial),Yes,,Confident,
all,Composer 2,2026-03-19,Cursor,Cursor,Industry,United States of America,Language,Coding,2.32e+25,1040000000000.0,,,,,,,,NVIDIA B300 (Blackwell Ultra),NVIDIA Blackwell (B200 / GB200),API access,No,Unreleased,Confident,
all,Qwen3.5-Omni-Flash,2026-03-29,Alibaba,Alibaba,Industry,China,Multimodal,Language modeling/generation,,,,,,,,,,,,API access,No,,Likely,
all,Qwen3.5-Omni-Plus,2026-03-29,Alibaba,Alibaba,Industry,China,Multimodal,Language modeling/generation,,,,,,,,,,,,API access,No,,Likely,
all,Qwen 3.6 Plus,2026-04-01,Alibaba,Alibaba,Industry,China,Multimodal,"Question answering,Language modeling/generation,Tool use",,,,,,,,,,,,API access,No,,Confident,
all,Gemma 4 26B A4B,2026-04-02,Google DeepMind,Google DeepMind,Industry,United States of America,,"Language modeling/generation,Question answering",,25200000000.0,,,,,,,,,,Open weights (unrestricted),Yes,Unreleased,Confident,
all,Gemma 4 31B IT,2026-04-02,Google DeepMind,Google DeepMind,Industry,United States of America,Language,"Language modeling/generation,Question answering",,31000000000.0,,,,,,,,,,Open weights (restricted use),Yes,,Likely,
all,MolmoAct 2,2026-04-05,Allen Institute for AI,"Allen Institute for AI,University of Washington,National University of Singapore,University of Pennsylvania,Johns Hopkins University,Amazon,Cortex AI",Industry-academia collaboration,Multinational,Vision,Robotic manipulation,1.1e+22,5485309424.0,,,2304.0,96.0,87155.59440596371,64.0,,NVIDIA H100 SXM5 80GB,NVIDIA H100 / H800 / H200,Open weights (unrestricted),Yes,,Likely,
all,GLM-5.1,2026-04-07,Z.ai (Zhipu AI),Z.ai (Zhipu AI),Industry,China,Language,"Language modeling/generation,Question answering",,754000000000.0,,,,,,,,,,,,,Confident,
all,Muse Spark,2026-04-08,Meta AI,Meta AI,Industry,United States of America,Multimodal,"Language modeling/generation,Question answering",,,,,,,,,,,,API access,No,Unreleased,Confident,
all,EXAONE 4.5,2026-04-09,LG AI Research,LG AI Research,Industry,Korea (Republic of),Multimodal,"Language modeling/generation,Question answering",3.85e+24,33200000000.0,,,,,,,,,,Open weights (restricted use),Yes,,Confident,
all,Gemini Flash 3.1 TTS,2026-04-15,Google DeepMind,Google DeepMind,Industry,United States of America,Audio,Audio generation,,,,,,,,,,,,API access,No,,Confident,
all,Claude Opus 4.7,2026-04-16,Anthropic,Anthropic,Industry,United States of America,Language,"Question answering,Language modeling/generation",,,,,,,,,,,,API access,No,Unreleased,Likely,
all,π0.7 (pi-0.7),2026-04-16,Physical Intelligence,Physical Intelligence,Industry,United States of America,Robotics,Robotic manipulation,,5260000000.0,,,,,,,,,,Unreleased,No,,Confident,
all,Grok 4.3 Beta,2026-04-17,xAI,xAI,Industry,United States of America,Language,"Language modeling/generation,Question answering",,500000000000.0,,,,,,,,,,Hosted access (no API),No,Unreleased,Likely,
all,Kimi K2.6,2026-04-20,Moonshot,Moonshot,Industry,China,Language,Language modeling/generation,,1040000000000.0,,,,,,,,,,Open weights (unrestricted),Yes,,Confident,
all,GPT Image 2,2026-04-21,OpenAI,OpenAI,Industry,United States of America,Image generation,Image generation,,,,,,,,,,,,API access,No,,Likely,
all,Ling-2.6-flash,2026-04-21,Ant Group,Ant Group,Industry,China,Language,"Language modeling/generation,Question answering",,104000000000.0,,,,,,,,,,,,,Confident,
all,Qwen 3.6-27B,2026-04-21,,,,,Language,"Language modeling/generation,Question answering",,27000000000.0,,,,,,,,,,Open weights (restricted use),Yes,,Confident,
all,GPT-5.5,2026-04-23,OpenAI,OpenAI,Industry,United States of America,Multimodal,"Language modeling/generation,Question answering",,,,,,,,,,"NVIDIA GB200,NVIDIA GB300 (Blackwell Ultra)",NVIDIA Blackwell (B200 / GB200),API access,No,Unreleased,Likely,
all,GPT-5.5 Pro,2026-04-23,OpenAI,OpenAI,Industry,United States of America,Multimodal,"Language modeling/generation,Question answering",,,,,,,,,,,,API access,No,Unreleased,Likely,
all,Grok Voice Think Fast 1.0,2026-04-23,xAI,xAI,Industry,United States of America,Audio,Speech-to-speech,,,,,,,,,,,,API access,No,,Likely,
all,MiMo-V2.5-Pro,2026-04-23,Xiaomi Corp,Xiaomi Corp,Industry,China,Language,"Language modeling/generation,Question answering",6.804e+24,1020000000000.0,27000000000000.0,,,,,,,,,Open weights (unrestricted),Yes,,Likely,
all,Tencent Hy3 preview,2026-04-23,Tencent,Tencent,Industry,China,Language,"Language modeling/generation,Question answering",,295000000000.0,,,,,,,,,,Open weights (restricted use),Yes,,Confident,
all,DeepSeek-V4-Flash,2026-04-24,DeepSeek,DeepSeek,Industry,China,Language,"Language modeling/generation,Question answering",2.496e+24,284000000000.0,,,,,,,,,,Open weights (unrestricted),Yes,,Likely,
all,DeepSeek-V4-Pro,2026-04-24,DeepSeek,DeepSeek,Industry,China,Language,"Language modeling/generation,Question answering",9.702e+24,1600000000000.0,,,,,,,,,,Open weights (unrestricted),Yes,,Likely,
all,Mistral Medium 3.5,2026-04-29,Mistral AI,Mistral AI,Industry,France,Multimodal,"Question answering,Language modeling/generation",,128000000000.0,,,,,,,,,,Open weights (restricted use),Yes,,Confident,
all,TML-Interaction-Small,2026-05-11,Thinking Machines,Thinking Machines,Industry,United States of America,Multimodal,"Language modeling/generation,Chat,Question answering",,276000000000.0,,,,,,,,,,Unreleased,No,,Confident,
all,Composer 2.5,2026-05-18,Cursor,Cursor,Industry,United States of America,Language,Coding,3.87e+25,1040000000000.0,,,,,,,,NVIDIA B300 (Blackwell Ultra),NVIDIA Blackwell (B200 / GB200),,,,Likely,
all,Gemini 3.5 Flash,2026-05-19,Google,Google,Industry,United States of America,Multimodal,"Language modeling/generation,Question answering",,,,,,,,,,,,API access,No,,Confident,
all,Qwen3.7-Max,2026-05-19,Alibaba,Alibaba,Industry,China,Language,"Language modeling/generation,Agentic tasks",,,,,,,,,,,,API access,No,,Confident,
all,Claude Opus 4.8,2026-05-28,Anthropic,Anthropic,Industry,United States of America,Language,Language modeling/generation,,,,,,,,,,,,API access,No,,Confident,
all,MiniMax-M3,2026-06-01,MiniMax,MiniMax,Industry,China,Multimodal,Language modeling/generation,,,,,,,,,,,,Open weights (restricted use),Yes,,Confident,
all,MAI-Code-1-Flash,2026-06-02,Microsoft,Microsoft,Industry,United States of America,,"Coding,Language modeling/generation,Question answering",,,,,,,,,,,,API access,No,,Confident,
all,MAI-Image-2.5,2026-06-02,Microsoft,Microsoft,Industry,United States of America,Image generation,"Image-to-image,Image generation",,,,,,,,,,,,API access,No,Unreleased,Confident,
all,MAI-Thinking-1,2026-06-02,Microsoft,Microsoft,Industry,United States of America,Language,"Language modeling/generation,Question answering",6.98511e+24,962000000000.0,33550000000000.0,,,,19099741.957474783,8192.0,,NVIDIA GB200,NVIDIA Blackwell (B200 / GB200),API access,No,Unreleased,Confident,
all,Gemma 4 12B,2026-06-03,Google DeepMind,Google DeepMind,Industry,United States of America,Multimodal,"Language modeling/generation,Question answering",,11950000000.0,,,,,,,,,,Open weights (unrestricted),Yes,Unreleased,Confident,
all,Nemotron 3 Ultra,2026-06-04,NVIDIA,NVIDIA,Industry,United States of America,Language,"Language modeling/generation,Question answering",6.6e+24,550000000000.0,,,,,,,,,,Open weights (unrestricted),Yes,,Likely,
all,Claude Fable 5,2026-06-09,Anthropic,Anthropic,Industry,United States of America,Multimodal,"Language modeling/generation,Question answering",,,,,,,,,,,,API access,No,,Confident,
all,Claude Mythos 5,2026-06-09,Anthropic,Anthropic,Industry,United States of America,Multimodal,"Language modeling/generation,Question answering",,,,,,,,,,,,Unreleased,No,,Confident,
all,North Mini Code,2026-06-09,Cohere,Cohere,Industry,Canada,Language,"Coding,Language modeling/generation,Question answering",,30000000000.0,,,,,,,,,,Open weights (unrestricted),Yes,Unreleased,Confident,
all,Kimi K2.7 Code,2026-06-12,Moonshot,Moonshot,Industry,China,Multimodal,"Language modeling/generation,Code generation",,1040000000000.0,,,,,,,,,,Open weights (unrestricted),Yes,,Confident,
all,GLM-5.2,2026-06-16,Z.ai (Zhipu AI),Z.ai (Zhipu AI),Industry,China,Language,Language modeling/generation,,744000000000.0,,,,,,,,,,Open weights (unrestricted),Yes,,Confident,
all,Solar Open2 250B,2026-06-28,Upstage,Upstage,Industry,Korea (Republic of),Language,"Language modeling,Reasoning,Tool use,Translation,Question answering",1.05e+24,250300000000.0,11000000000000.0,,1900.0,79.16666666666667,3215623.4309682944,1656.0,,"NVIDIA B200,NVIDIA H200",NVIDIA H100 / H800 / H200,Open weights (unrestricted),Yes,,Likely,
all,Claude Sonnet 5,2026-06-30,Anthropic,Anthropic,Industry,United States of America,Multimodal,"Language modeling/generation,Question answering",,,,,,,,,,,,API access,No,Unreleased,Confident,
all,GPT-Realtime-2.1-Mini,2026-07-06,OpenAI,OpenAI,Industry,United States of America,,"Audio generation,Audio question answering",,,,,,,,,,,,API access,No,Unreleased,Confident,
all,Muse Image,2026-07-07,Meta AI,Meta AI,Industry,United States of America,Image generation,"Image generation,Text-to-image,Image-to-image",,,,,,,,,,,,Hosted access (no API),No,,Confident,
all,Grok 4.5,2026-07-08,xAI,xAI,Industry,United States of America,Language,"Language modeling/generation,Question answering",,1500000000000.0,,,,,,,,,,API access,No,,Likely,
all,GPT-5.6 Luna,2026-07-09,OpenAI,OpenAI,Industry,United States of America,Multimodal,"Language modeling/generation,Question answering",,,,,,,,,,,,API access,No,,Confident,
all,GPT-5.6 Sol,2026-07-09,OpenAI,OpenAI,Industry,United States of America,Multimodal,"Language modeling/generation,Question answering",,,,,,,,,,,,API access,No,,Confident,
all,GPT-5.6 Terra,2026-07-09,OpenAI,OpenAI,Industry,United States of America,Multimodal,"Language modeling/generation,Question answering",,,,,,,,,,,,API access,No,,Confident,
all,Muse Spark 1.1,2026-07-09,Meta AI,Meta AI,Industry,United States of America,Language,Language modeling/generation,,,,,,,,,,,,API access,No,,Confident,
all,Inkling,2026-07-15,Thinking Machines,Thinking Machines,Industry,United States of America,Multimodal,"Language modeling/generation,Chat",1.845e+24,975000000000.0,45000000000000.0,,,,,,,NVIDIA GB300 (Blackwell Ultra),NVIDIA Blackwell (B200 / GB200),Open weights (unrestricted),Yes,,Likely,
all,Inkling-Small,2026-07-15,Thinking Machines,Thinking Machines,Industry,United States of America,Multimodal,"Language modeling/generation,Chat",,276000000000.0,,,,,,,,NVIDIA GB300 (Blackwell Ultra),NVIDIA Blackwell (B200 / GB200),Open weights (unrestricted),Yes,,Confident,
all,Kimi K3,2026-07-16,Moonshot,Moonshot,Industry,China,Multimodal,Language modeling/generation,2.0001e+25,2800000000000.0,,,,,,,,,,Open weights (non-commercial),Yes,,Speculative,
all,Qwen 3.8 Max,2026-07-19,Alibaba,Alibaba,Industry,China,Language,"Language modeling/generation,Question answering",,2400000000000.0,,,,,,,,,,API access,No,,Confident,
all,Gemini 3.5 Flash Cyber,2026-07-21,Google DeepMind,Google DeepMind,Industry,United States of America,Multimodal,"Question answering,Language modeling/generation",,,,,,,,,,,,Unreleased,No,,Confident,
all,Gemini 3.5 Flash-Lite,2026-07-21,Google DeepMind,Google DeepMind,Industry,United States of America,Multimodal,"Question answering,Language modeling/generation",,,,,,,,,,,,API access,No,,Confident,
all,Gemini 3.6 Flash,2026-07-21,Google DeepMind,Google DeepMind,Industry,United States of America,Multimodal,"Question answering,Language modeling/generation",,,,,,,,,,,,API access,No,,Confident,
all,Claude Opus 5,2026-07-24,Anthropic,Anthropic,Industry,United States of America,Multimodal,"Language modeling/generation,Chat",,,,,,,,,,,,API access,No,,Confident,
all,A.X K2,2026-07-29,SK Telecom,SK Telecom,Industry,Korea (Republic of),Language,"Code generation,Language modeling/generation,Translation,Instruction interpretation,Mathematical reasoning,Chat,Language modeling,Language generation,Text autocompletion",1.8e+24,688000000000.0,,12400000.0,1680.0,70.0,,,,,,Open weights (unrestricted),Yes,,Confident,Reported
all,GPT Live Transcribe,2026-07-29,OpenAI,OpenAI,Industry,United States of America,Speech,Transcription,,,,,,,,,,,,API access,No,,Confident,
all,GPT Transcribe,2026-07-29,OpenAI,OpenAI,Industry,United States of America,Speech,Transcription,,,,,,,,,,,,API access,No,,Confident,
all,DeepSeek V4 Flash 0731,2026-07-31,DeepSeek,DeepSeek,Industry,China,Language,"Language modeling/generation,Question answering",2.496e+24,284000000000.0,,,,,,,,,,Open weights (unrestricted),Yes,,Likely,
all,K-EXAONE 2.0,2026-07-31,LG AI Research,LG AI Research,Industry,Korea (Republic of),Language,"Language modeling/generation,Chat,Question answering,Code generation,Mathematical reasoning,Instruction interpretation",3.55e+24,750000000000.0,,,,,,,,,,Open weights (unrestricted),Yes,Unreleased,Confident,Reported
all,BIG LSTM+CNN INPUTS,,,,,,,,,,,,,,,,,,,,,,Unknown,
all,Conditional probability machines,,,,,,,,,,,,,,,,,,,,,,Unknown,
all,DeepSeek-V3.2-Exp-Base,,,,,,,,,,,,,,,,,,,,,,Likely,
all,GigaChat-7B,,Sber,Sber,Industry-academia collaboration,Russia,,,,,,,,,,,,,,,,,Unknown,
all,Heuristic problem solving for AI,,,,,,,,,,,,,,,,,,,,,,Unknown,
all,Learning deep architectures,,,,,,,,,,,,,,,,,,,,,,Unknown,
all,MADALINE III,,,,,,,,,,,,,,,,,,,,,,Unknown,
all,MLP as Bayesian Approximator,,,,,,,,,,,,,,,,,,,,,,Unknown,
all,Motion-Driven 3D Feature Tracking,,,,,,,,,,,,,,,,,,,,,,Unknown,
all,Naive Bayes,,,,,,,,,,,,,,,,,,,,,,Unknown,
all,Oryx 7B,,,,,,,,,,,,,,,,,,,,,,Unknown,
all,Qwen/Qwen3-30B-A3B-Thinking-2507,,,,,,,,,,,,,,,,,,,,,,Likely,
all,RBM-tuning,,,,,,,,,,,,,,,,,,,,,,Unknown,
all,REINFORCE in Stochastic Connectionism,,,,,,,,,,,,,,,,,,,,,,Unknown,
all,Universal approximation via Feedforward Networks,,,,,,,,,,,,,,,,,,,,,,Unknown,
all,Xunguang,,,,,,,,,,,,,,,,,,,,,,Unknown,
all,Zhiyun Culture LLM (智云文化大模型),,,,,,,,,,,,,,,,,,,,,,Unknown,
