dataset,model,publication_date,organization_primary,organization,org_category,country,domain,task,training_compute_flop,parameters,training_dataset_size,training_cost_2023usd,training_time_hours,training_time_days,training_power_draw_w,hardware_quantity,citations,training_hardware,hardware_family,model_accessibility,open_weights,training_code_accessibility,confidence,compute_estimation_method
notable,Theseus,1950-07-02,Bell Laboratories,Bell Laboratories,Industry,United States of America,Robotics,Maze solving,40.0,40.0,40.0,,,,,,,,,,,,Confident,
notable,SNARC,1952-01-08,Harvard University,Harvard University,Academia,United States of America,Robotics,Maze solving,,40.0,,,,,,,33.0,,,,,,,
notable,Genetic algorithm,1954-07-02,Institute for Advanced Study,Institute for Advanced Study,Academia,United States of America,Mathematics,Numerical simulation,,,,,,,,,266.0,,,,,,Unknown,
notable,Self Organizing System,1955-03-01,Massachusetts Institute of Technology (MIT),Massachusetts Institute of Technology (MIT),Academia,United States of America,Other,Pattern recognition,,225.0,2.0,,,,,,93.0,,,,,,,
notable,Sequence-based pattern recognition,1955-03-01,Massachusetts Institute of Technology (MIT),Massachusetts Institute of Technology (MIT),Academia,United States of America,Vision,Character recognition (OCR),,,,,,,,,290.0,,,,,,Unknown,
notable,Perceptron Mark I,1957-01-01,Cornell Aeronautical Laboratory,"Cornell Aeronautical Laboratory,Cornell University",Academia,United States of America,Other,Binary classification,694894.9377361819,1000.0,100.0,,,,,,1610.0,,,,,,Likely,
notable,Pandemonium (morse),1959-02-01,Massachusetts Institute of Technology (MIT),Massachusetts Institute of Technology (MIT),Academia,United States of America,Language,Morse translation,600000000.0,,,,,,,,1453.0,,,,,,Speculative,
notable,Samuel Neural Checkers,1959-07-01,IBM,IBM,Industry,United States of America,Games,Checkers,428400000.0,16.0,,,,,,,5063.0,,,,,,Likely,
notable,Pattern recognition and reading by machine,1959-12-01,Sandia Corporation,Sandia Corporation,Industry,United States of America,Vision,Character recognition (OCR),,2625.0,180.0,,,,,,587.0,,,,,,,
notable,Perceptron (1960),1960-03-30,Cornell Aeronautical Laboratory,Cornell Aeronautical Laboratory,Academia,United States of America,Vision,Image classification,720000000.0,1000.0,100.0,,,,,,394.0,,,,,,Speculative,
notable,ADALINE,1960-06-30,Stanford University,Stanford University,Academia,United States of America,Vision,Pattern recognition,6600.0,17.0,100.0,,,,,,6329.0,,,,,,Confident,
notable,Linear Decision Functions,1962-06-01,Bell Laboratories,Bell Laboratories,Industry,United States of America,Mathematics,Binary classification,1559250.0,,500.0,,0.4375,0.018229166666666668,,,,,,,,,Speculative,
notable,MADALINE I,1962-07-01,Stanford University,Stanford University,Academia,United States of America,Other,"Text classification,Image classification",,,256.0,,,,,,75.0,,,,,,Unknown,
notable,Print Recognition Logic,1963-01-01,IBM,IBM,Industry,United States of America,Vision,Character recognition (OCR),22500000.0,,,,2.5,0.10416666666666667,,,,,,,,,Speculative,
notable,Heuristic Reinforcement Learning,1965-10-01,Purdue University,Purdue University,Academia,United States of America,Robotics,System control,1080000.0,,,,3.0,0.125,,,,,,,,,Speculative,
notable,LTE speaker verification system,1966-11-01,IBM,IBM,Industry,United States of America,Speech,Speech recognition (ASR),105917060.0,2061.0,417.0,,,,,,,,,,,,Likely,
notable,Boxes (pole),1968-07-01,University of Edinburgh,University of Edinburgh,Academia,United Kingdom of Great Britain and Northern Ireland,Games,Pole balancing,,,,,,,,,590.0,,,,,,Unknown,
notable,GLEE,1968-07-01,University of Edinburgh,University of Edinburgh,Academia,United Kingdom of Great Britain and Northern Ireland,Games,Tic Tac Toe,,,6000.0,,,,,,590.0,,,,,,Unknown,
notable,Decision tree adaline,1969-05-01,Tokyo Medical and Dental University,Tokyo Medical and Dental University,Academia,Japan,Medicine,Medical diagnosis,,2450.0,,,,,,,,,,,,,Confident,
notable,Piecewise linear model,1973-11-01,University of Kansas,University of Kansas,Academia,United States of America,Vision,Image classification,,357.0,314.0,,,,,,,,,,,,Confident,
notable,Cognitron,1975-09-01,Biological Cybernetics,Biological Cybernetics,Industry,Japan,Other,"Miscellaneous image analysis,Image classification",5184000.0,21600.0,5.0,,,,,,791.0,,,,,,Confident,
notable,Transfer Learning,1976-07-01,University of Zagreb,University of Zagreb,Academia,Croatia,Vision,"Digit recognition,Character recognition (OCR)",,,,,,,,,,,,Unreleased,No,Unreleased,Unknown,
notable,Neocognitron,1980-04-01,NHK Broadcasting Science Research Laboratories,NHK Broadcasting Science Research Laboratories,Industry,Japan,Vision,Character recognition (OCR),273738240.0,1140576.0,5.0,,,,,,5782.0,,,,,,Confident,
notable,Kohonen network,1981-07-25,Helsinki University of Technology,Helsinki University of Technology,Academia,Finland,Mathematics,Dimensionality reduction,,4096.0,4000.0,,,,,,11841.0,,,,,,,
notable,Hopfield network,1982-04-01,California Institute of Technology,California Institute of Technology,Academia,United States of America,Other,Sequence memorization,,9900.0,,,,,,,23315.0,,,,,,,
notable,ASE+ACE,1983-09-01,University of Massachusetts Amherst,University of Massachusetts Amherst,Academia,United States of America,Robotics,Pole balancing,324000000.0,324.0,500000.0,,2.8,0.11666666666666665,,,4296.0,,,,,,Likely,
notable,Hierarchical Cognitron,1984-04-01,NHK Broadcasting Science Research Laboratories,NHK Broadcasting Science Research Laboratories,Industry,Japan,Other,Pattern recognition,,9315.0,5.0,,,,,,,,,,,,Speculative,
notable,Error Propagation,1986-01-03,University of California San Diego,"University of California San Diego,Carnegie Mellon University (CMU)",Academia,United States of America,Other,"Text classification,Image classification",,,64.0,,,,,,27322.0,,,,,,Unknown,
notable,Distributed representation NN,1986-08-15,Carnegie Mellon University (CMU),Carnegie Mellon University (CMU),Academia,United States of America,Other,Representation learning,388800000.0,432.0,100.0,,,,,,,,,,,,Confident,
notable,MLP with back-propagation,1986-10-01,University of California San Diego,"University of California San Diego,Carnegie Mellon University (CMU)",Academia,United States of America,Mathematics,Triplet completion,673920000.0,720.0,104.0,,,,,,29621.0,,,,,,Confident,
notable,Optimized Multi-Scale Edge Detection,1986-11-01,Massachusetts Institute of Technology (MIT),Massachusetts Institute of Technology (MIT),Academia,United States of America,Vision,Object detection,,,,,,,,,37931.0,,,,,,Unknown,
notable,NetTalk (dictionary),1987-06-06,Princeton University,Princeton University,Academia,United States of America,Speech,Speech synthesis,27664065000.0,18629.0,5000.0,,,,,,2558.0,,,,,,Confident,
notable,NetTalk (transcription),1987-06-06,Princeton University,Princeton University,Academia,United States of America,Speech,Speech synthesis,28328002560.0,18629.0,5120.0,,,,,,2558.0,,,,,,Confident,
notable,Translation-invariant MLP,1987-06-15,Carnegie Mellon University (CMU),Carnegie Mellon University (CMU),Academia,United States of America,,Object recognition,18032947200.0,816.0,160.0,,,,,,,,,,,,Confident,
notable,Latent semantic analysis,1988-04-05,University of Chicago,"University of Chicago,Bell Laboratories,University of Western Ontario",Industry-academia collaboration,Multinational,Language,"Semantic embedding,Document representation,Language Structure Modeling,Search",,,,,,,,,,,,Unreleased,No,Unreleased,Unknown,
notable,MLN-ASR,1988-08-01,McGill University,McGill University,Academia,Canada,Speech,Speech recognition (ASR),296425000.0,10000.0,12600.0,,0.1,0.004166666666666667,,,,,,,,,Confident,
notable,MLP baggage detector,1989-01-01,Science Applications International Corporation / SAIC,Science Applications International Corporation / SAIC,Industry,United States of America,Vision,Image classification,,,20000.0,,,,,,,,,,,,Confident,
notable,Q-learning,1989-01-01,University of London,University of London,Academia,United Kingdom of Great Britain and Northern Ireland,Robotics,"Route finding,System control",,,200000.0,,,,,,8025.0,,,,,,Unknown,
notable,Invariant image recognition,1989-06-18,Complutense University of Madrid,Complutense University of Madrid,Academia,Spain,Vision,Representation learning,27000000000.0,,,,6.0,0.25,,,,,,,,,Confident,
notable,Truck backer-upper,1989-06-18,Stanford University,Stanford University,Academia,United States of America,Driving,Self-driving car,,805.0,,,,,,,,,,,,,Confident,
notable,Handwritten digit recognition network,1989-11-27,AT&T,AT&T,Industry,United States of America,Vision,Digit recognition,181440000000.0,2578.0,9840.0,,72.0,3.0,,,,,,,,,Confident,
notable,Speaker-independent vowel classification,1989-11-27,University of Washington,University of Washington,Academia,United States of America,Speech,Speech recognition (ASR),7485696000.0,3040.0,4104.0,,,,,,,,,,,,Confident,
notable,Zip CNN,1989-12-01,AT&T,"AT&T,Bell Laboratories",Industry,United States of America,Vision,Character recognition (OCR),1496338054440.0,9760.0,7291.0,,,,,,11725.0,,,,,,Confident,
notable,NETtalk reimplementation,1990-06-01,Oregon State University,Oregon State University,Academia,United States of America,Speech,Text-to-speech (TTS),35811936000.0,27480.0,7242.0,,,,,,,,,,,,Confident,
notable,Bankruptcy-NN,1990-06-17,,,,,Other,Binary classification,3059337600.0,36.0,74.0,,24.0,1.0,,,,,,,,,Confident,
notable,ISR network,1990-10-01,Stanford University,Stanford University,Academia,United States of America,Vision,Character recognition (OCR),,,600000.0,,,,,,,,,,,,Confident,
notable,SexNet classification,1990-10-01,,,,,Vision,Image classification,,1640.0,80.0,,,,,,,,,,,,Likely,
notable,SexNet compression,1990-10-01,,,,,Vision,Image representation,78775200000.0,72940.0,81000.0,,,,,,,,,,,,Confident,
notable,RAAM,1990-11-01,,,,,Other,Representation learning,,1536.0,29.0,,,,,,,,,,,,Confident,
notable,Weight Decay,1991-12-02,,,,,Speech,Speech synthesis,75474000000.0,8386.0,25000.0,,,,,,,,,,,,Confident,
notable,TD-Gammon,1992-05-01,IBM,IBM,Industry,United States of America,Games,Backgammon,18232157622832.703,25000.0,6300000.0,,,,,,1344.0,,,,,,Speculative,
notable,Golem,1992-10-01,Alan Turing Institute,Alan Turing Institute,Government,United Kingdom of Great Britain and Northern Ireland,Biology,Protein folding prediction,,,1612.0,,,,,,,,,,,,Confident,
notable,Cancer drug mechanism prediction,1992-10-16,National Cancer Institute,National Cancer Institute,Government,United States of America,Medicine,Drug discovery,53460000.0,594.0,141.0,,,,,,,,,,,,Likely,
notable,Boosting,1992-11-30,Bell Laboratories,Bell Laboratories,Industry,United States of America,Vision,Digit recognition,,2578.0,29127.0,,,,,,,,,,,,Likely,
notable,IBM-5,1993-06-15,IBM,IBM,Industry,United States of America,Language,Translation,,1658364.0,28850104.0,,,,,,5752.0,,,,,,,
notable,Siamese-TDNN,1993-08-01,Bell Laboratories,Bell Laboratories,Industry,United States of America,Vision,Image classification,12869570138112.0,744.0,7701.0,,,,,,,,,,,,Likely,
notable,ANN Eye Tracker,1993-11-29,,,,,Vision,Miscellaneous image analysis,17534400000.0,5620.0,4000.0,,0.6,0.024999999999999998,,,,,,,,,Confident,
notable,Ceramic-MLP,1994-01-07,Sapienza Università di Roma,Sapienza Università di Roma,Academia,Italy,Materials science,Pattern classification,4531200000.0,1888.0,80.0,,,,,,,,,,,,Likely,
notable,GroupLens,1994-10-22,Massachusetts Institute of Technology (MIT),Massachusetts Institute of Technology (MIT),Academia,United States of America,Recommendation,Recommender system,,,,,,,,,7733.0,,,,,,,
notable,JPMAX,1994-12-02,,,,,Vision,Image representation,80828280.0,4446.0,1500.0,,,,,,,,,,,,Speculative,
notable,Mixture of linear models,1994-12-02,,,,,Vision,Image classification,453600000000.0,384000.0,1792000.0,,12.0,0.5,,,,,,,,,Likely,
notable,NeuroChess,1994-12-02,,,,,Games,Chess,858730812676.0,72251.0,9600000.0,,,,,,,,,,,,Speculative,
notable,Predictive Coding NN,1994-12-02,Technical University of Munich,Technical University of Munich,Academia,Germany,Language,Language modeling,18621900000000.0,206910.0,600000.0,,,,,,,,,,,,Confident,
notable,Support Vector Machines,1995-09-01,AT&T,"AT&T,Bell Laboratories",Industry,United States of America,Vision,Image classification,,100000000.0,60000.0,,,,,,48968.0,,,,,,,
notable,LISSOM,1995-11-27,University of Texas at Austin,University of Texas at Austin,Academia,United States of America,Vision,Digit recognition,195544800000.0,432800.0,2000.0,,,,,,,,,,,,Likely,
notable,MUSIC perceptron,1996-06-03,,,,,Vision,Image completion,881733600000.0,13607.0,81000.0,,,,,,,,,,,,Confident,
notable,System 11,1996-06-18,Carnegie Mellon University (CMU),Carnegie Mellon University (CMU),Academia,United States of America,Vision,Face detection,25859616000.0,6452.0,23750.0,,,,,,6011.0,,,,,,Confident,
notable,AdaBoost.M2 Digit Recognition,1996-07-03,AT&T,AT&T,Industry,United States of America,Vision,Digit recognition,,,9709.0,,,,,,12977.0,,,,,,Confident,
notable,SOM-CNN,1997-01-31,,,,,Vision,Face recognition,31431600000.0,32015.0,129000.0,,,,,,,,,,,,Confident,
notable,Deep Blue,1997-05-01,IBM,IBM,Industry,United States of America,Games,Chess,,8000.0,,,,,,,1992.0,,,Unreleased,No,Unreleased,Speculative,
notable,Bidirectional RNN,1997-11-01,Advanced Telecommunications Research Institute,Advanced Telecommunications Research Institute,Industry,Japan,Speech,Speech recognition (ASR),,13000.0,142910.0,,,,,,7990.0,,,,,,,
notable,LSTM,1997-11-15,Technical University of Munich,Technical University of Munich,Academia,Germany,Language,Language modeling,31512000000000.0,10504.0,853000.0,,,,,,98595.0,,,,,,Confident,
notable,LeNet-5,1998-11-01,AT&T,AT&T,Industry,United States of America,Vision,Character recognition (OCR),2810937600000.0,60000.0,60000.0,,,,,,57900.0,,,,,,Confident,
notable,LSTM with forget gates,1999-01-02,IDSIA,IDSIA,Academia,Switzerland,Language,Language Structure Modeling,,276.0,140870000.0,,,,,,6283.0,,,,,,,
notable,RECONTRA-categorized,1999-06-02,,,,,Language,Translation,8013600000000.0,66780.0,40000.0,,,,,,,,,,,,Likely,
notable,RECONTRA-uncategorized,1999-06-02,,,,,Language,Translation,3864000000000.0,112000.0,57500.0,,,,,,,,,,,,Likely,
notable,IBM Model 4,1999-07-02,University of Southern California,"University of Southern California,IBM,University of Pennsylvania",Industry-academia collaboration,United States of America,Language,Translation,,,800000.0,,,,,,1921.0,,,,,,,
notable,Neural LM,2000-11-28,University of Montreal / Université de Montréal,University of Montreal / Université de Montréal,Academia,Canada,Language,Language modeling,6339000000000000.0,6906980.0,32000000.0,,,,,,7637.0,,,,,,Confident,
notable,PoE MNIST,2000-11-28,University College London (UCL),University College London (UCL),Academia,United Kingdom of Great Britain and Northern Ireland,Vision,Digit recognition,51810000000000.0,3925310.0,54000.0,,,,,,,,,,,,Confident,
notable,Immediate trihead,2001-07-06,Brown University,Brown University,Academia,United States of America,Language,Language modeling,,,,,,,,,422.0,,,,,,Unknown,
notable,Gradient Boosting Machine,2001-10-01,Stanford University,Stanford University,Academia,United States of America,Mathematics,"Pattern classification,Binary classification,Regression",,,5000.0,,,,,,17891.0,,,,,,Unknown,
notable,Decision tree (classification),2001-12-08,Mitsubishi Electric Research Labs,"Mitsubishi Electric Research Labs,Compaq CRL",Industry,United States of America,Vision,Face recognition,63000000000000.0,12000.0,753616.0,,,,,,23449.0,,,,,,Likely,
notable,Thumbs Up?,2002-05-28,Cornell University,"Cornell University,IBM",Industry-academia collaboration,United States of America,Language,Sentiment classification,,,1400.0,,,,,,10656.0,,,,,,,
notable,Statistical Shape Constellations,2003-01-01,California Institute of Technology,California Institute of Technology,Academia,United States of America,Vision,Image classification,,,,,,,,,949.0,,,,,,Unknown,
notable,LDA,2003-02-02,Stanford University,Stanford University,Academia,United States of America,Language,Document classification,,,,,,,,,38724.0,,,,,,Unknown,
notable,NPLM (AP News),2003-03-15,University of Montreal / Université de Montréal,University of Montreal / Université de Montréal,Academia,Canada,Language,Text autocompletion,1666869200000000.0,11904264.0,13994528.0,,,,,,7637.0,,,,,,Confident,
notable,NPLM (Brown),2003-03-15,University of Montreal / Université de Montréal,University of Montreal / Université de Montréal,Academia,Canada,Language,Text autocompletion,132076260000000.0,4124233.0,13994528.0,,,,,,7637.0,,,,,,Confident,
notable,Invariant CNN,2004-06-27,New York University (NYU),New York University (NYU),Academia,United States of America,Vision,Object recognition,974230000000.0,90575.0,24300.0,,,,,,,,,,,,Confident,
notable,LMICA,2004-12-01,,,,,Vision,Object detection,2782080000000000.0,4096000.0,100000.0,,,,,,,,,,,,Confident,
notable,Hierarchical LM,2005-01-06,,,,,Language,Language modeling,115848000000000.0,,900000.0,,13.4,0.5583333333333333,,1.0,,,,,,,Confident,
notable,Histograms of Oriented Gradients,2005-06-25,INRIA,INRIA,Academia,France,Vision,Object detection,,,14658.0,,,,,,36578.0,,,,,,,
notable,RankNet,2005-08-07,Microsoft Research,"Microsoft Research,Microsoft",Industry,United States of America,Search,Search,3482081588304.0,5711.0,3464289.0,,5.85,0.24375,,,,,,Unreleased,No,,Confident,
notable,TFE SVM,2006-02-02,Centre de Recherche en Automatique de Nancy (CRAN),"Centre de Recherche en Automatique de Nancy (CRAN),CENPARMI",Academia,Multinational,Vision,Digit recognition,,,600000.0,,,,,,365.0,,,,,,Unknown,
notable,FAST,2006-05-07,University of Cambridge,University of Cambridge,Academia,United Kingdom of Great Britain and Northern Ireland,Video,Corner detection,,,,,,,,,5419.0,,,,,,Unknown,
notable,Crazy Stone,2006-05-29,INRIA,INRIA,Academia,France,Games,Go,,,,,,,,,,,,Unreleased,No,Unreleased,Unknown,
notable,SVM-CNN,2006-06-17,New York University (NYU),New York University (NYU),Academia,United States of America,Vision,Image classification,745200000000000.0,90857.0,583200.0,,,,,1.0,,,,Unreleased,No,,Confident,
notable,Spatial Pyramid Matching,2006-06-17,INRIA,"INRIA,University of Illinois Urbana-Champaign (UIUC),Ecole Normale Supèrieure",Academia,Multinational,Vision,Image classification,,,3030.0,,,,,,9807.0,,,,,,Unknown,
notable,Deep Belief Nets,2006-07-18,University of Toronto,"University of Toronto,National University of Singapore",Academia,Multinational,Vision,Character recognition (OCR),,1600000.0,47100000.0,,168.0,7.0,,,16071.0,,,,,,,
notable,Dimensionality Reduction,2006-07-18,University of Toronto,University of Toronto,Academia,Canada,Vision,Face recognition,,3800000.0,47040000.0,,,,,,15697.0,,,,,,,
notable,Local Binary Patterns for facial recognition,2006-12-01,University of Oulu,"University of Oulu,IEEE",Industry-academia collaboration,Multinational,Vision,Image classification,,,736.0,,,,,,5915.0,,,,,,Unknown,
notable,Greedy layer-wise DNN training,2006-12-04,University of Montreal / Université de Montréal,University of Montreal / Université de Montréal,Academia,Canada,Other,"Image classification,Regression",,,107100000.0,,,,,,5605.0,,,,,,Unknown,
notable,λ-WASP,2007-06-01,UT Austin,UT Austin,Academia,United States of America,Language,Language Structure Modeling,,,,,,,,,383.0,,,,,,,
notable,KN-LM,2007-06-22,Google,Google,Industry,United States of America,Language,Language modeling,7.7303808e+17,21000000000.0,31000000000.0,,48.0,2.0,,400.0,,,,,,,Likely,
notable,SB-LM,2007-06-22,Google,Google,Industry,United States of America,Language,Language modeling,1.4494464e+18,300000000000.0,1800000000000.0,,24.0,1.0,,1500.0,,,,,,,Likely,
notable,BLSTM for handwriting (1),2007-09-23,University of Bern,"University of Bern,IDSIA,Technical University of Munich",Academia,Multinational,Vision,"Character recognition (OCR),Image classification",,,405478.0,,,,,,287.0,,,,,,Unknown,
notable,Enhanced Neighborhood-Based Filtering,2007-10-28,AT&T,AT&T,Industry,United States of America,Recommendation,Recommender system,,,100000000.0,,,,,,687.0,,,,,,Unknown,
notable,BLSTM for handwriting (2),2007-12-03,University of Bern,"University of Bern,IDSIA,Technical University of Munich",Academia,Multinational,Vision,Character recognition (OCR),,100881.0,3298424.0,,,,,,341.0,,,,,,,
notable,Deep Multitask NLP Network,2008-07-05,NEC Laboratories,NEC Laboratories,Industry,United States of America,Language,Language modeling,,1500000.0,633000000.0,,168.0,7.0,,,7095.0,,,,,,Speculative,
notable,Denoising Autoencoders,2008-07-05,University of Montreal / Université de Montréal,University of Montreal / Université de Montréal,Academia,Canada,Other,Image classification,,,7840000.0,,,,,,7894.0,,,,,,Unknown,
notable,Sparse digit recognition SVM,2008-11-19,University of Lubeck,University of Lubeck,Academia,Germany,Vision,Image classification,,,,,,,,,124.0,,,,,,Unknown,
notable,BigChaos 2008,2008-11-25,AT&T,AT&T,Industry,United States of America,Recommendation,Movie ratings,,,,,,,,,35.0,,,,,,,
notable,HLBL,2008-12-08,University of Toronto,University of Toronto,Academia,Canada,Language,Language modeling,,1846400.0,14000000.0,,,,,,,,,,,,Confident,
notable,GNN,2008-12-09,University of Siena,University of Siena,Academia,Italy,Other,Binary classification,1614600000.0,30.0,207.0,,,,,1.0,,,,Open weights (unrestricted),Yes,,Confident,
notable,BP-DBN,2009-01-01,University of Toronto,University of Toronto,Academia,Canada,Speech,Speech recognition (ASR),,18030592.0,,,,,984.0,1.0,,NVIDIA Tesla S1070,NVIDIA Tesla S1070,Unreleased,No,Unreleased,Confident,
notable,RBM Image Classifier,2009-04-08,University of Toronto,University of Toronto,Academia,Canada,Vision,Image classification,,80000000.0,6144050000.0,,,,,,39635.0,,,,,,Likely,
notable,GPU DBNs,2009-06-15,Stanford University,Stanford University,Academia,United States of America,Other,Miscellaneous image analysis,1000000000000000.0,100000000.0,121344000000.0,,,,,,1032.0,,,,,,Confident,
notable,BellKor 2008,2009-08-01,AT&T,AT&T,Industry,United States of America,Recommendation,Movie ratings,,,,,,,,,162.0,,,,,,,
notable,BellKor 2009,2009-08-01,AT&T,AT&T,Industry,United States of America,Recommendation,Movie ratings,,,,,,,,,513.0,,,,,,,
notable,BigChaos OptiBlend,2009-08-01,AT&T,AT&T,Industry,United States of America,Recommendation,Movie ratings,,,,,,,,,237.0,,,,,,,
notable,Pragmatic Theory solution (Netflix 2009),2009-08-01,Pragmatic Theory Inc.,Pragmatic Theory Inc.,Industry,Canada,Recommendation,Movie ratings,,,,,,,,,111.0,,,,,,Confident,
notable,MatrixFac for Recommenders,2009-08-07,Yahoo Research,"Yahoo Research,AT&T",Industry,United States of America,Recommendation,Recommender system,,,100480507.0,,,,,,9234.0,,,,,,,
notable,Two Stage Feature Extraction (MNIST),2009-09-01,New York University (NYU),New York University (NYU),Academia,United States of America,Vision,Image classification,20754000000000.0,258800.0,50000.0,,,,,,,,,Unreleased,No,,Confident,
notable,BellKor 2007,2009-09-21,AT&T,AT&T,Industry,United States of America,Recommendation,Movie ratings,,,,,,,,,241.0,,,,,,,
notable,LCNP LabelMe,2009-11-22,University of Bonn,University of Bonn,Academia,Germany,Vision,Object recognition,3295150080000000.0,13729792.0,40000.0,,,,,,,,,,,,Confident,
notable,LCNP MNIST,2009-11-22,,,,,Vision,Object recognition,4181852160000000.0,11616256.0,50000.0,,,,,,,,,,,,Confident,
notable,LCNP NORB,2009-11-22,,,,,Vision,Object recognition,2452090060800000.0,16818176.0,24300.0,,,,,,,,,,,,Confident,
notable,Super-vector coding,2010-01-01,University of Illinois Urbana-Champaign (UIUC),"University of Illinois Urbana-Champaign (UIUC),NEC Laboratories,Rutgers University",Industry-academia collaboration,United States of America,Vision,"Image classification,Object recognition",,1025.0,,,,,,,696.0,,,,,,Speculative,
notable,Stacked Denoising Autoencoders,2010-01-03,University of Montreal / Université de Montréal,"University of Montreal / Université de Montréal,University of Toronto",Academia,Canada,Other,Image classification,,,339250000.0,,,,,,7411.0,,,,,,Unknown,
notable,Feedforward NN,2010-05-13,University of Montreal / Université de Montréal,University of Montreal / Université de Montréal,Academia,Canada,Vision,Digit recognition,350000000000000.0,7082000.0,90000.0,,,,,,18606.0,,,,,,Confident,
notable,iCCCP,2010-06-13,Massachusetts Institute of Technology (MIT),Massachusetts Institute of Technology (MIT),Academia,United States of America,Vision,Object detection,1080000000000000.0,,10000.0,,25.0,1.0416666666666667,,1.0,,,,Unreleased,No,,Confident,
notable,ReLU (LFW),2010-06-15,University of Toronto,University of Toronto,Academia,Canada,Vision,Face recognition,,,233280.0,,,,,,18270.0,,,,,,Unknown,
notable,ReLU (NORB),2010-06-15,University of Toronto,University of Toronto,Academia,Canada,Vision,Object recognition,,16210006.0,291600.0,,,,,,18270.0,,,,,,,
notable,Pooling CNN (Caltech 101),2010-09-15,University of Bonn,University of Bonn,Academia,Germany,Vision,Image classification,1221124128768000.0,294912.0,3060.0,,,,,,,,,Unreleased,No,,Confident,
notable,Pooling CNN (NORB),2010-09-15,University of Bonn,University of Bonn,Academia,Germany,Vision,Image classification,1456277227200000.0,268664.0,24300.0,,,,,,,,,Unreleased,No,,Confident,
notable,RNN LM,2010-09-26,Johns Hopkins University,Johns Hopkins University,Academia,United States of America,Language,Language modeling,5.396e+16,70265000.0,6400000.0,,504.0,21.0,,,6038.0,,,,,,Speculative,
notable,YouTube Video Recommendation System,2010-09-26,Google,Google,Industry,United States of America,Recommendation,Recommender system,,,,,,,,,1160.0,,,,,,,
notable,Deep rectifier networks,2011-04-13,University of Montreal / Université de Montréal,University of Montreal / Université de Montréal,Academia,Canada,Vision,Image classification,,,81920000.0,,,,,,8616.0,,,,,,Unknown,
notable,Deep Autoencoders,2011-04-29,University of Toronto,University of Toronto,Academia,Canada,Vision,Image representation,3.672864e+16,139808256.0,4915200000.0,,48.0,2.0,246.22598104391827,1.0,,NVIDIA GeForce GTX 285,NVIDIA consumer / workstation GPU,,,,Confident,
notable,Cross-Lingual POS Tagger,2011-06-19,Carnegie Mellon University (CMU),"Carnegie Mellon University (CMU),Google Research",Industry-academia collaboration,United States of America,Language,Part-of-speech tagging,,,,,,,,,318.0,,,,,,Unknown,
notable,Vector Space Model,2011-06-19,Stanford University,Stanford University,Academia,United States of America,Language,"Semantic embedding,Sentiment classification",,255000.0,5650000.0,,,,,,,,,,,,Confident,
notable,Recursive Neural Network,2011-06-28,Stanford University,Stanford University,Academia,United States of America,Vision,Representation learning,,,573285.0,,,,,,,,,,,,Confident,
notable,High Performance CNN (NORB),2011-07-16,IDSIA,"IDSIA,SUPSI",Academia,Switzerland,Vision,Image classification,2.57985e+16,4878300.0,50000.0,,4.0,0.16666666666666666,,4.0,,"NVIDIA GeForce GTX 480,NVIDIA GeForce GTX 580",NVIDIA consumer / workstation GPU,Unreleased,No,Unreleased,Likely,
notable,CNN Committee (MNIST),2011-09-18,IDSIA,IDSIA,Academia,Switzerland,Vision,Image classification,5.2e+16,120620.0,420000.0,,98.0,4.083333333333333,,4.0,,"NVIDIA GeForce GTX 580,NVIDIA GeForce GTX 480",NVIDIA consumer / workstation GPU,Unreleased,No,Unreleased,Likely,
notable,CNN Committee (NIST),2011-09-18,IDSIA,IDSIA,Academia,Switzerland,Vision,Image classification,2.6e+16,128420.0,3380475.0,,42.0,1.75,,4.0,,"NVIDIA GeForce GTX 580,NVIDIA GeForce GTX 480",NVIDIA consumer / workstation GPU,Unreleased,No,Unreleased,Likely,
notable,Adaptive Subgrad,2011-10-03,Technion - Israel Institute of Technology,"Technion - Israel Institute of Technology,Google,University of California (UC) Berkeley",Industry-academia collaboration,Multinational,Language,Text classification,,,800000.0,,,,,,11018.0,,,,,,Unknown,
notable,CNN committee (traffic sign),2011-10-03,IDSIA,IDSIA,Academia,Switzerland,Vision,Image classification,991981425600000.0,1388800.0,53280.0,,,,,4.0,,"NVIDIA GeForce GTX 580,NVIDIA GeForce GTX 480",NVIDIA consumer / workstation GPU,Unreleased,No,Unreleased,Likely,
notable,NLP from scratch,2011-11-08,NEC Laboratories,"NEC Laboratories,Princeton University",Industry-academia collaboration,United States of America,Language,Language Structure Modeling,,5000000.0,852000000.0,,72.0,3.0,,,7640.0,,,,,,,
notable,Dropout (CIFAR),2012-06-03,University of Toronto,University of Toronto,Academia,Canada,Vision,Character recognition (OCR),4268700000000000.0,,60000.0,,1.5,0.0625,,,7999.0,NVIDIA GeForce GTX 580,NVIDIA consumer / workstation GPU,Unreleased,No,Open (non-commercial),Confident,
notable,Dropout (ImageNet),2012-06-03,University of Toronto,University of Toronto,Academia,Canada,Vision,Image classification,2.731968e+17,,2600000.0,7.952555832759744,96.0,4.0,,,7999.0,NVIDIA GeForce GTX 580,NVIDIA consumer / workstation GPU,Unreleased,No,Unreleased,Confident,
notable,Dropout (MNIST),2012-06-03,University of Toronto,University of Toronto,Academia,Canada,Vision,Character recognition (OCR),6039370800000000.0,5594010.0,60000.0,,,,,,7999.0,NVIDIA GeForce GTX 580,NVIDIA consumer / workstation GPU,Unreleased,No,Open (non-commercial),Confident,
notable,Dropout (TIMIT),2012-06-03,University of Toronto,University of Toronto,Academia,Canada,Speech,Speech recognition (ASR),,48840185.0,,,,,,,7999.0,NVIDIA GeForce GTX 580,NVIDIA consumer / workstation GPU,Unreleased,No,Open (non-commercial),,
notable,Unsupervised High-level Feature Learner,2012-07-12,Google,Google,Industry,United States of America,Vision,Image classification,6e+17,1000000000.0,1200000000000.0,16.029257461780738,72.0,3.0,,,2909.0,,,,,,Likely,
notable,Context-dependent RNN,2012-07-27,Microsoft Research,"Microsoft Research,Brno University of Technology",Industry-academia collaboration,Multinational,Language,Language modeling,,,37000000.0,,,,,,707.0,,,,,,Unknown,
notable,LSTM LM,2012-09-09,RWTH Aachen University,RWTH Aachen University,Academia,Germany,Language,Language modeling,1.66e+16,102720000.0,27000000.0,,,,,,,,,,,,Speculative,
notable,AlexNet,2012-09-30,University of Toronto,University of Toronto,Academia,Canada,Vision,Image classification,4.7e+17,60000000.0,2457600000.0,15.56975299843643,132.0,5.5,,,125497.0,NVIDIA GeForce GTX 580,NVIDIA consumer / workstation GPU,,,,Confident,
notable,RNN+LDA+KN5+cache,2012-12-01,Microsoft,"Microsoft,Brno University of Technology",Industry-academia collaboration,Multinational,Language,Language modeling,,9000000.0,929000.0,,,,,,716.0,,,Unreleased,No,Unreleased,,
notable,Bayesian automated hyperparameter tuning,2012-12-02,University of Toronto,"University of Toronto,University of Sherbrooke,Harvard University",Academia,Multinational,Other,Mathematical simulation,,,50000.0,,,,,,9316.0,,,,,,Unknown,
notable,DNN EM segmentation,2012-12-03,IDSIA,"IDSIA,SUPSI",Academia,Switzerland,Vision,Image segmentation,4.78e+17,218896.0,3000000.0,3.9045853984413377,17.0,0.7083333333333334,2116.2977934480996,4.0,,NVIDIA GeForce GTX 580,NVIDIA consumer / workstation GPU,Unreleased,No,Unreleased,Confident,
notable,DistBelief Speech,2012-12-03,Google,Google,Industry,United States of America,Speech,Speech recognition (ASR),3.114e+17,47185920.0,1100000000.0,,120.0,5.0,,,,,,,,,Speculative,
notable,DistBelief Vision,2012-12-03,Google,Google,Industry,United States of America,Vision,Image classification,,1700000000.0,16000000.0,,,,,,,,,,,,Likely,
notable,DistBelief NNLM,2013-01-16,Google,Google,Industry,United States of America,Language,Semantic embedding,2.612736e+18,,6000000000.0,3255.18396377876,336.0,14.0,,180.0,41000.0,,,,,,Likely,
notable,PreTrans-3L-250H,2013-03-22,University of Toronto,University of Toronto,Academia,Canada,Speech,Speech recognition (ASR),,43000000.0,,,,,,,8965.0,,,,,,,
notable,Selective Search,2013-04-02,University of Trento,"University of Trento,University of Amsterdam",Academia,Multinational,Vision,"Object detection,Image segmentation",,,,,,,,,5642.0,,,,,,Unknown,
notable,Multilingual DNN,2013-05-26,Google,Google,Industry,United States of America,Speech,Speech recognition (ASR),,206899200.0,3103200000.0,,672.0,28.0,,,,,,,,,Confident,
notable,ReLU-Speech,2013-05-26,Google,"Google,University of Toronto,New York University (NYU)",Industry-academia collaboration,Multinational,Speech,Speech recognition (ASR),1.2773376e+17,101706240.0,,,168.0,7.0,,,,,,,,,Likely,
notable,Hierarchical Scene Labeling (Stanford Background),2013-08-01,New York University (NYU),New York University (NYU),Academia,United States of America,Vision,Semantic segmentation,2.3774688e+17,51609600.0,71380800.0,,,,,1.0,,,,Unreleased,No,,Confident,
notable,RCTM,2013-10-01,University of Oxford,University of Oxford,Academia,United Kingdom of Great Britain and Northern Ireland,Language,Translation,9331200000000000.0,,4500000.0,,15.0,0.625,,3.0,,,,,,,Likely,
notable,RNTN,2013-10-01,Stanford University,Stanford University,Academia,United States of America,Language,Sentiment classification,1.422e+16,,155063.0,,5.0,0.20833333333333334,,,,,,Unreleased,No,Unreleased,Likely,
notable,Word2Vec (large),2013-10-16,Google,Google,Industry,United States of America,Language,Semantic embedding,3.888e+16,692000000.0,330000000000.0,,24.0,1.0,,,35201.0,,,,,,Likely,
notable,Word2Vec (small),2013-10-16,Google,Google,Industry,United States of America,Language,Semantic embedding,,207600000.0,10000000000.0,,,,,,35201.0,,,,,,,
notable,R-CNN (T-net),2013-11-11,University of California (UC) Berkeley,University of California (UC) Berkeley,Academia,United States of America,Vision,Object detection,,69003872.0,,,,,,,28903.0,,,,,,,
notable,Visualizing CNNs,2013-11-12,New York University (NYU),New York University (NYU),Academia,United States of America,Vision,Image classification,5.32e+17,,7680000.0,12.994002368456531,,,,,17026.0,NVIDIA GeForce GTX 580,NVIDIA consumer / workstation GPU,,,,Confident,
notable,DeViSE,2013-12-05,Google,Google,Industry,United States of America,Vision,Semantic embedding,,,5401200000.0,,,,,,,,,,,,Confident,
notable,TransE,2013-12-05,Universite de Technologie de Compiègne – CNRS,"Universite de Technologie de Compiègne – CNRS,Google",Industry-academia collaboration,Multinational,Language,Entity embedding,1.340928e+18,942000000.0,17500000.0,30.028097313317172,,,,,8347.0,,,,,,Speculative,
notable,RNN for 1B words,2013-12-11,Google,Google,Industry,United States of America,Language,Language modeling,,20000000000.0,1000000000.0,,240.0,10.0,,24.0,1205.0,,,,,,Speculative,
notable,Network in Network,2013-12-16,National University of Singapore,National University of Singapore,Academia,Singapore,Vision,Image classification,,,630420.0,,,,,,6686.0,,,,,,Unknown,
notable,DQN,2013-12-19,DeepMind,DeepMind,Industry,United Kingdom of Great Britain and Northern Ireland,Games,Atari,2846883840000000.0,836096.0,160000000.0,,,,,,13665.0,,,,,,Confident,
notable,Image generation,2013-12-20,University of Amsterdam,University of Amsterdam,Academia,Netherlands,Vision,Image clustering,475200000000000.0,784000.0,47040000.0,,,,,,21760.0,,,,,,Confident,
notable,OverFeat,2013-12-21,New York University (NYU),New York University (NYU),Academia,United States of America,Vision,Image classification,,144000000.0,,,,,,,5148.0,NVIDIA Tesla K20X,NVIDIA Tesla K20X,,,,Confident,
notable,GloVe (32B),2014-01-01,Stanford University,Stanford University,Academia,United States of America,Language,Semantic embedding,,120000000.0,315209597.0,,,,,,30643.0,,,,,,,
notable,GloVe (6B),2014-01-01,Stanford University,Stanford University,Academia,United States of America,Language,Semantic embedding,,120000000.0,66453980.0,,,,,,30643.0,,,,,,,
notable,HyperNEAT,2014-03-05,University of Texas at Austin,University of Texas at Austin,Academia,United States of America,Games,Atari,,239712.0,750000000.0,,,,,,195.0,,,,,,,
notable,Paragraph Vector,2014-05-14,Google,Google,Industry,United States of America,Language,Language modeling,,32000000.0,16500000.0,,,,,,,,,,,,Confident,
notable,AdaRNN,2014-06-01,Beihang University,Beihang University,Academia,China,Language,Sentiment classification,,13040.0,6248.0,,,,,,,,,,,,Confident,
notable,Dropout: SVHN,2014-06-01,University of Toronto,University of Toronto,Academia,Canada,Vision,"Image classification,Digit recognition",,47795232.0,600000.0,,,,,,41962.0,,,Unreleased,No,Open (non-commercial),Confident,
notable,GRUs,2014-06-03,University of Montreal / Université de Montréal,"University of Montreal / Université de Montréal,Jacobs University,University of Maine",Academia,Multinational,Language,"Language modeling,Translation",,,,,,,,,26262.0,,,,,,Unknown,
notable,Two-stream ConvNets for action recognition,2014-06-09,University of Oxford,University of Oxford,Academia,United Kingdom of Great Britain and Northern Ireland,Video,Video classification,,,1289500.0,,,,,,8181.0,,,,,,Unknown,
notable,GANs,2014-06-10,University of Montreal / Université de Montréal,University of Montreal / Université de Montréal,Academia,Canada,Image generation,Image generation,5.184e+17,,120000.0,,,,,,36870.0,,,,,,Speculative,
notable,SPPNet,2014-06-18,Microsoft,"Microsoft,Xi’an Jiaotong University,University of Science and Technology of China (USTC)",Industry-academia collaboration,Multinational,Vision,Image classification,3.411072e+18,,1280000.0,51.65209223027738,672.0,28.0,,,12524.0,NVIDIA GeForce GTX TITAN,NVIDIA consumer / workstation GPU,,,,Confident,
notable,Fragment embedding,2014-06-21,Stanford University,Stanford University,Academia,United States of America,Vision,"Entity embedding,Semantic segmentation",,144496000.0,15000000.0,,,,,,,,,,,,Likely,
notable,RNN-WER,2014-06-22,DeepMind,"DeepMind,University of Toronto",Industry-academia collaboration,Multinational,Speech,Speech recognition (ASR),,26500000.0,,,,,,,2805.0,,,,,,Likely,
notable,DeepFace,2014-06-23,Tel Aviv University,"Tel Aviv University,Facebook",Industry-academia collaboration,Multinational,Vision,Face verification,,,4400000.0,,,,,,6398.0,,,,,,Unknown,
notable,Multiresolution CNN,2014-06-23,Google,"Google,Stanford University",Industry-academia collaboration,United States of America,Video,Video classification,,126125568.0,50000000.0,,,,,,6254.0,,,,,,,
notable,SmooCT,2014-07-01,University College London (UCL),University College London (UCL),Academia,United Kingdom of Great Britain and Northern Ireland,Games,Poker,6.9e+16,,,,48.0,2.0,,,16.0,,,,,,Likely,
notable,ACF-WIDER,2014-07-15,Chinese Academy of Sciences,Chinese Academy of Sciences,Academia,China,Vision,Face detection,76380000000000.0,6144.0,144448.0,,,,,1.0,,,,Unreleased,No,Unreleased,Confident,
notable,NPD,2014-08-06,IEEE,IEEE,Industry,Multinational,Vision,Face detection,,313856.0,434600.0,,,,,,,,,Open weights (unrestricted),Yes,,Confident,
notable,RNNsearch-50*,2014-09-01,Jacobs University Bremen,"Jacobs University Bremen,University of Montreal / Université de Montréal",Academia,Multinational,Language,Translation,1.5552e+18,,232000000.0,,,,,,29415.0,NVIDIA Quadro K6000,NVIDIA consumer / workstation GPU,,,,Confident,
notable,VGG16,2014-09-04,University of Oxford,University of Oxford,Academia,United Kingdom of Great Britain and Northern Ireland,Vision,Image classification,1.2291e+19,138000000.0,1300000.0,239.2376655010467,504.0,21.0,2137.653074766455,4.0,111439.0,NVIDIA GeForce GTX Titan Black,NVIDIA consumer / workstation GPU,,,,Confident,
notable,VGG19,2014-09-04,University of Oxford,University of Oxford,Academia,United Kingdom of Great Britain and Northern Ireland,Vision,Image classification,1.1e+19,144000000.0,1300000.0,,,,,,111439.0,,,,,,Likely,
notable,Seq2Seq LSTM,2014-09-10,Google,Google,Industry,United States of America,Language,Translation,5.6e+19,1920000000.0,870000000.0,,240.0,10.0,,,22025.0,,,,,,Confident,
notable,SPN-4+KN5,2014-09-14,Singapore University of Technology & Design,"Singapore University of Technology & Design,DSO National Laboratories",Industry-academia collaboration,Singapore,Language,Language modeling,4.4e+16,5000000.0,929000.0,,40.0,1.6666666666666667,290.04546165358084,1.0,102.0,NVIDIA Tesla C2075,NVIDIA Tesla C2075,Unreleased,No,Open (non-commercial),Likely,
notable,GoogLeNet / InceptionV1,2014-09-17,Google,"Google,University of Michigan,University of North Carolina",Industry-academia collaboration,United States of America,Vision,Image classification,1.51e+18,6797700.0,571392000000.0,,,,,,47229.0,,,,,,Confident,
notable,Deeply-supervised nets,2014-09-18,Microsoft Research,Microsoft Research,Industry,United States of America,Vision,"Image classification,Digit recognition",,,598388.0,,,,,,2509.0,,,,,,,
notable,Spatially-Sparse CNN,2014-09-23,University of Warwick,University of Warwick,Academia,United Kingdom of Great Britain and Northern Ireland,Vision,Image classification,,,901200.0,,,,,,260.0,,,,,,Unknown,
notable,LRCN,2014-11-07,UT Austin,"UT Austin,University of Massachusetts Lowell,University of California (UC) Berkeley",Academia,United States of America,Video,Video description,,142552000.0,400000.0,,,,,,6380.0,,,,,,,
notable,SC-NLM,2014-11-10,University of Toronto,University of Toronto,Academia,Canada,Multimodal,Image captioning,,,5000000.0,,,,,,,,,,,,Confident,
notable,Fully Convolutional Networks,2014-11-14,University of California (UC) Berkeley,University of California (UC) Berkeley,Academia,United States of America,Vision,Image segmentation,,,,,,,,,41855.0,,,,,,Unknown,
notable,Cascaded LNet-ANet,2014-11-28,Chinese University of Hong Kong (CUHK),Chinese University of Hong Kong (CUHK),Academia,Hong Kong,Vision,Face detection,,,9320000.0,,,,,,9584.0,,,,,,Unknown,
notable,TA-CNN,2014-11-29,Chinese University of Hong Kong (CUHK),Chinese University of Hong Kong (CUHK),Academia,Hong Kong,Vision,Object detection,1.0854e+16,706048.0,45000.0,,3.0,0.125,,1.0,,,,Unreleased,No,,Likely,
notable,SNM-skip,2014-12-03,Google,Google,Industry,United States of America,Language,Language modeling,2.97600000001e+20,62000000000.0,800000000.0,,,,,,14.0,,,,,,Speculative,
notable,Fractional Max-Pooling,2014-12-18,University of Warwick,University of Warwick,Academia,United Kingdom of Great Britain and Northern Ireland,Vision,Image classification,1e+17,27000000.0,901200.0,,18.0,0.75,,,672.0,NVIDIA GeForce GTX 780,NVIDIA consumer / workstation GPU,,,,Likely,
notable,ADAM (CIFAR-10),2014-12-22,University of Amsterdam,"University of Amsterdam,OpenAI,University of Toronto",Industry-academia collaboration,Multinational,Vision,Image classification,624979800000000.0,2370000.0,50000.0,,,,,,166267.0,,,Unreleased,No,Unreleased,Confident,
notable,VGG-Face,2015-01-01,University of Oxford,University of Oxford,Academia,United Kingdom of Great Britain and Northern Ireland,Vision,Face recognition,,138000000.0,2600000.0,,,,2131.9956756796214,4.0,,NVIDIA GeForce GTX Titan Black,NVIDIA consumer / workstation GPU,Unreleased,No,,Confident,
notable,"MSRA (C, PReLU)",2015-02-06,Microsoft Research,Microsoft Research,Industry,United States of America,Vision,Image classification,2.397403008e+19,87048800.0,1280000.0,1394.115708804708,588.0,24.5,,,20475.0,NVIDIA Tesla K40t,NVIDIA Tesla K40t,,,,Confident,
notable,TRPO,2015-02-19,University of California (UC) Berkeley,University of California (UC) Berkeley,Academia,United States of America,Games,Atari,,33500.0,,,30.0,1.25,,,8305.0,,,Unreleased,No,,Confident,
notable,DQN-2015,2015-02-25,Google,Google,Industry,United States of America,Games,Atari,,1693362.0,12500000.0,,,,,,25403.0,,,,,,,
notable,genCNN + dyn eval,2015-03-17,Chinese Academy of Sciences,"Chinese Academy of Sciences,Huawei Noah's Ark Lab,Dublin City University",Industry-academia collaboration,Multinational,Language,Language modeling,3.4153451e+16,8000000.0,929000.0,,48.0,2.0,,,33.0,NVIDIA Tesla K40s,NVIDIA Tesla K40s,Unreleased,No,Unreleased,Speculative,
notable,TC-DNN-BLSTM-DNN,2015-04-06,Carnegie Mellon University (CMU),Carnegie Mellon University (CMU),Academia,United States of America,Speech,"Speech recognition (ASR),Speech-to-text",1.9410191999999997e+17,18413568.0,29160000.0,,51.0,2.125,263.01387537165505,1.0,,NVIDIA Tesla K20m,NVIDIA Tesla K20m,Unreleased,No,Unreleased,Confident,
notable,Fast R-CNN,2015-04-30,Microsoft Research,Microsoft Research,Industry,United States of America,Vision,Object detection,,,25600000.0,,,,,,28324.0,,,,,,Unknown,
notable,U-Net,2015-05-18,University of Freiburg,University of Freiburg,Academia,Germany,Vision,Image segmentation,5.0832252e+16,37676160.0,7864320.0,,10.0,0.4166666666666667,,1.0,,,,Open weights (unrestricted),Yes,,Confident,
notable,Faster R-CNN,2015-06-04,Microsoft Research,Microsoft Research,Industry,United States of America,Vision,Object detection,,,102400000.0,,,,,,72570.0,,,Open weights (unrestricted),Yes,Open source,Unknown,
notable,CFSS,2015-06-07,SenseTime,"SenseTime,Chinese University of Hong Kong (CUHK),Shenzhen Institute of Advanced Technology",Industry-academia collaboration,Multinational,Vision,Face detection,,17408.0,141660.0,,,,,1.0,,,,Open weights (unrestricted),Yes,,Likely,
notable,YOLO,2015-06-08,University of Washington,"University of Washington,Allen Institute for AI,Facebook AI Research",Industry-academia collaboration,Multinational,Vision,Object detection,,271684800.0,,,,,,,45325.0,,,,,,,
notable,BatchNorm,2015-06-15,Google,Google,Industry,United States of America,Vision,Image classification,,13600000.0,12441600000.0,,,,,,46718.0,,,,,,Confident,
notable,CompACT-Deep,2015-07-19,University of California San Diego,University of California San Diego,Academia,United States of America,Vision,Object detection,,,,,,,285.7303639078396,1.0,,NVIDIA Tesla K40m,NVIDIA Tesla K40m,Unreleased,No,,Confident,
notable,Deep CNN + COTS,2015-07-26,IEEE,IEEE,Industry,Multinational,Vision,Face recognition,,5006000.0,494414.0,,,,285.6858261304193,1.0,,NVIDIA Tesla K40c,NVIDIA Tesla K40c,Unreleased,No,,Confident,
notable,DCNN,2015-08-07,University of Maryland,"University of Maryland,Rutgers University",Academia,United States of America,Vision,Face verification,4.8098691e+17,5006000.0,490356.0,,216.0,9.0,285.60949180561556,1.0,,NVIDIA Tesla K40c,NVIDIA Tesla K40c,Unreleased,No,Unreleased,Confident,
notable,BPE,2015-08-31,University of Edinburgh,University of Edinburgh,Academia,United Kingdom of Great Britain and Northern Ireland,Language,Translation,,,50000000.0,,,,,,8685.0,,,,,,,
notable,Deep Deterministic Policy Gradients,2015-09-09,Google DeepMind,Google DeepMind,Industry,United States of America,Robotics,"Robotic manipulation,Self-driving car",,,,,,,,,15374.0,,,,,,Unknown,
notable,AlphaGo Fan,2015-10-01,DeepMind,DeepMind,Industry,United Kingdom of Great Britain and Northern Ireland,Games,Go,3.8e+20,8209984.0,12697600000.0,4828.322276803044,,,,,18175.0,,,Unreleased,No,Unreleased,Likely,
notable,SAF R-CNN,2015-10-28,Beijing Institute of Technology,"Beijing Institute of Technology,Sun Yat-sen University,Panasonic R&D,National University of Singapore",Industry-academia collaboration,Multinational,Vision,Object detection,1.231108125e+19,138000000.0,350000.0,,,,290.9065505304121,1.0,,NVIDIA GeForce GTX TITAN X,NVIDIA consumer / workstation GPU,Unreleased,No,,Likely,
notable,3DDFA,2015-11-23,Chinese Academy of Sciences,"Chinese Academy of Sciences,Michigan State University",Academia,Multinational,Vision,"Face detection,3D reconstruction",,5355584.0,293901.0,,,,,,,,,Unreleased,No,Open source,Confident,
notable,Multi-scale Dilated CNN,2015-11-23,Princeton University,"Princeton University,Intel Labs",Industry-academia collaboration,United States of America,Vision,Image segmentation,,,,,,,,,9368.0,,,,,,Unknown,
notable,Netflix Recommender System,2015-12-01,Netflix,Netflix,Industry,United States of America,Recommendation,Recommender system,,,,,,,,,1092.0,,,,,,Unknown,
notable,Inception v3,2015-12-02,Google,"Google,University College London (UCL)",Industry-academia collaboration,Multinational,Vision,Image classification,1e+20,23626728.0,1200000.0,1218.1810104797394,,,,,30915.0,,,,,,Likely,
notable,SSD,2015-12-08,,,,,Vision,Object detection,,,2300000.0,,,,,,39468.0,NVIDIA GeForce GTX TITAN X,NVIDIA consumer / workstation GPU,Open weights (unrestricted),Yes,,Confident,
notable,ResNet-101 (ImageNet),2015-12-10,Microsoft,Microsoft,Industry,United States of America,Vision,Image classification,7.004e+18,44500000.0,1280000.0,,,,,,228517.0,,,Open weights (unrestricted),Yes,,Confident,
notable,ResNet-110 (CIFAR-10),2015-12-10,Microsoft,Microsoft,Industry,United States of America,Vision,Image classification,,1700000.0,50000.0,,,,,,228517.0,,,,,,,
notable,ResNet-152 (ImageNet),2015-12-10,Microsoft,Microsoft,Industry,United States of America,Vision,Image classification,1.041408e+19,60200000.0,1280000.0,,,,,,228517.0,,,,,,Confident,
notable,Advantage Learning,2015-12-15,Google DeepMind,Google DeepMind,Industry,United States of America,Games,Atari,,,100000000.0,,,,,,166.0,,,,,,Unknown,
notable,"Variational (untied weights, MC) LSTM (Large)",2015-12-16,University of Cambridge,University of Cambridge,Academia,United Kingdom of Great Britain and Northern Ireland,Language,Language modeling,5886144000000000.0,66000000.0,929000.0,,,,,,1838.0,,,Unreleased,No,Unreleased,Confident,
notable,AlphaGo Lee,2016-01-27,DeepMind,DeepMind,Industry,United Kingdom of Great Britain and Northern Ireland,Games,Go,1.9e+21,,300000000.0,22206.80954117433,696.0,29.0,,,18175.0,,,Unreleased,No,Unreleased,Speculative,
notable,A3C FF hs,2016-02-04,Google,"Google,University of Montreal / Université de Montréal",Industry-academia collaboration,Multinational,Games,Atari,,,200000000.0,,,,,,9971.0,,,,,,Unknown,
notable,Inception-ResNet-V2,2016-02-23,Google,Google,Industry,United States of America,Vision,Image classification,,56000000.0,1280000.0,,,,,,15506.0,,,,,,,
notable,Inceptionv4,2016-02-23,Google,Google,Industry,United States of America,Vision,Image classification,,43000000.0,1280000.0,,,,,,15506.0,,,,,,,
notable,SqueezeNet,2016-02-24,DeepScale,"DeepScale,University of California (UC) Berkeley,Stanford University",Academia,United States of America,Vision,Image classification,,1200000.0,1280000.0,,,,,,8366.0,,,,,,,
notable,Double DQN,2016-03-02,Google DeepMind,Google DeepMind,Industry,United States of America,Games,Atari,,1500000.0,,,,,,,,,,Unreleased,No,Unreleased,Confident,
notable,Named Entity Recognition model,2016-03-04,Carnegie Mellon University (CMU),Carnegie Mellon University (CMU),Academia,United States of America,Language,"Named entity recognition (NER),Language modeling",9.69408e+16,,204567.0,,8.0,0.3333333333333333,290.0785080846343,1.0,3100.0,NVIDIA GeForce GTX TITAN X,NVIDIA consumer / workstation GPU,,,,Confident,
notable,Template Adaptation,2016-03-12,University of Oxford,University of Oxford,Academia,United Kingdom of Great Britain and Northern Ireland,Vision,Face recognition,,138000000.0,7797.0,,,,,,,,,Unreleased,No,,Likely,
notable,Dueling DQN,2016-04-05,Google DeepMind,Google DeepMind,Industry,United States of America,Games,Atari,,1700000.0,,,,,,,,,,Unreleased,No,Unreleased,Confident,
notable,Gated HORNN (3rd order),2016-04-30,York University,York University,Academia,Canada,Language,Language modeling,,8970000.0,22400000.0,,,,,,77.0,,,Unreleased,No,Unreleased,,
notable,LRR-4X,2016-05-08,UC Irvine,UC Irvine,Academia,United States of America,Vision,Semantic segmentation,,138000000.0,152231040.0,,,,,1.0,,,,Open weights (unrestricted),Yes,,Likely,
notable,PixelCNN,2016-06-16,Google DeepMind,Google DeepMind,Industry,United States of America,Vision,Image generation,,,15728640000.0,,60.0,2.5,,32.0,3079.0,,,,,,Unknown,
notable,CMS-RCNN,2016-06-17,IEEE,IEEE,Industry,Multinational,Vision,Face detection,,138000000.0,,,,,,,,,,Unreleased,No,,Likely,
notable,Segmental RNN,2016-06-20,University of Edinburgh,"University of Edinburgh,Carnegie Mellon University (CMU),University of Washington",Academia,Multinational,Speech,Speech recognition (ASR),,,,,,,,,,,,Unreleased,No,,Unknown,
notable,R-FCN,2016-06-21,Tsinghua University,"Tsinghua University,Microsoft Research",Industry-academia collaboration,Multinational,Vision,Object detection,7.1935776e+17,,10624000.0,,,,,,6003.0,,,,,,Confident,
notable,CCL,2016-06-27,SenseTime,"SenseTime,Chinese University of Hong Kong (CUHK),Chinese Academy of Sciences",Industry-academia collaboration,Multinational,Vision,Face detection,,,20000.0,,,,,,,,,Unreleased,No,Unreleased,Confident,
notable,Character-enriched word2vec,2016-07-15,Facebook AI Research,Facebook AI Research,Industry,Multinational,Language,Language modeling,,,,,,,,,10744.0,,,,,,Unknown,
notable,SimpleNet,2016-08-22,Sensifai,"Sensifai,Islamic Azad University,Technicolor R&I,Institute for Research in Fundamental Sciences (IPM)",Industry-academia collaboration,Multinational,Vision,Image classification,,5480000.0,1280000.0,,,,,,128.0,NVIDIA GeForce GTX 980,NVIDIA consumer / workstation GPU,,,,Confident,
notable,DenseNet-264,2016-08-25,Tsinghua University,"Tsinghua University,Facebook AI Research,Cornell University",Industry-academia collaboration,Multinational,Vision,Image classification,,34000000.0,,,,,,,43094.0,,,Open weights (unrestricted),Yes,Open source,Confident,
notable,LF-MMI,2016-09-08,Johns Hopkins University,"Johns Hopkins University,Cornell University",Academia,United States of America,Speech,Speech recognition (ASR),,16600000.0,720000.0,,,,,,,,,Unreleased,No,,Confident,
notable,MS-ensemble-speech-recognition,2016-09-12,Microsoft,Microsoft,Industry,United States of America,Speech,Speech recognition (ASR),,3172117056.0,11140000000.0,,,,,,,,,Unreleased,No,,Likely,
notable,WaveNet,2016-09-12,Google DeepMind,Google DeepMind,Industry,United States of America,Speech,"Text-to-speech (TTS),Speech synthesis,Audio generation",,,11520000000.0,,,,,,8196.0,,,,,,Unknown,
notable,Youtube recommendation model,2016-09-15,Google,Google,Industry,United States of America,Recommendation,Recommender system,,,,,,,,,3531.0,,,,,,Unknown,
notable,ResNet-1001,2016-09-17,Microsoft,Microsoft,Industry,United States of America,Vision,Image classification,,10200000.0,50000.0,,,,,,10822.0,,,,,,,
notable,ResNet-200,2016-09-17,Microsoft Research Asia,Microsoft Research Asia,Industry,China,Vision,Image classification,2.9741645e+19,,1281167.0,,500.0,20.833333333333332,,,10822.0,,,Unreleased,No,Open (non-commercial),Speculative,
notable,Wide Residual Network,2016-09-19,Université Paris-Est,Université Paris-Est,Academia,France,Vision,Image classification,,,1280000.0,,,,,,8849.0,,,,,,Unknown,
notable,GNMT,2016-09-26,Google,Google,Industry,United States of America,Language,Translation,6.620000000001e+21,278000000.0,720000000.0,201331.569937687,,,,,7254.0,NVIDIA Tesla K80,NVIDIA datacenter (pre-Volta),Hosted access (no API),No,Unreleased,Likely,
notable,Pointer Sentinel-LSTM (medium),2016-09-26,MetaMind Inc,"MetaMind Inc,Salesforce",Industry,United States of America,Language,Language modeling,7490000000000000.0,21000000.0,929000.0,,,,,,4010.0,,,Unreleased,No,Unreleased,Confident,
notable,Xception,2016-10-07,Google,Google,Industry,United States of America,Vision,Image classification,4.36e+20,22855952.0,350000000.0,13108.852355728606,720.0,30.0,37828.64014138488,60.0,17674.0,NVIDIA Tesla K80,NVIDIA datacenter (pre-Volta),,,,Confident,
notable,GAWWN,2016-10-08,University of Michigan,"University of Michigan,Max Planck Institute for Informatics",Academia,Multinational,Vision,Image generation,,,235760.0,,,,,,,,,Unreleased,No,,Confident,
notable,SPIDER2,2016-10-28,Griffith University,"Griffith University,University of Iowa,Dezhou University",Academia,Multinational,Biology,"Protein folding prediction,Proteins",1.822e+16,409536.0,13893600.0,,,,,,,,,Open weights (non-commercial),Yes,,Likely,
notable,VD-LSTM+REAL Large,2016-11-04,Salesforce Research,"Salesforce Research,Stanford University",Industry-academia collaboration,United States of America,Language,Language modeling,2.13e+16,51000000.0,929000.0,,,,,,404.0,,,Unreleased,No,Unreleased,Confident,
notable,BIDAF,2016-11-05,University of Washington,"University of Washington,Allen Institute for AI",Industry-academia collaboration,United States of America,Language,Question answering,3.4686144e+18,2600000.0,879000.0,41.25014556779628,60.0,2.5,4200.468649711526,8.0,2246.0,NVIDIA GeForce GTX TITAN X,NVIDIA consumer / workstation GPU,Open weights (unrestricted),Yes,Open source,Confident,
notable,NAS with base 8 and shared embeddings,2016-11-05,Google Brain,Google Brain,Industry,United States of America,Language,"Language modeling,Neural Architecture Search - NAS",1.05e+16,54000000.0,929000.0,,,,,,5894.0,,,Unreleased,No,Unreleased,Confident,
notable,NASv3 (CIFAR-10),2016-11-05,Google Brain,Google Brain,Industry,United States of America,Vision,"Image classification,Neural Architecture Search - NAS",2.2e+21,37400000.0,45000.0,21184.441090423978,,,,800.0,5894.0,,,,,,Likely,
notable,DLDL (PASCAL),2016-11-06,University of Oxford,University of Oxford,Academia,United Kingdom of Great Britain and Northern Ireland,Vision,Image classification,,564000000.0,22531.0,,,,282.71755541057985,1.0,,NVIDIA Tesla K40c,NVIDIA Tesla K40c,Open weights (unrestricted),Yes,,Likely,
notable,DTN (Domain Transfer Network),2016-11-07,Facebook AI Research,Facebook AI Research,Industry,Multinational,Vision,Image generation,,,2000000.0,,,,,,,,,Unreleased,No,Unreleased,Unknown,
notable,DAC-CSR,2016-11-16,Jiangnan University,"Jiangnan University,University of Surrey",Academia,Multinational,Vision,Face detection,,,20000.0,,,,,,,,,Unreleased,No,Unreleased,Confident,
notable,ResNeXt-101 (64×4d),2016-11-16,University of California San Diego,"University of California San Diego,Facebook",Industry-academia collaboration,United States of America,Vision,Image classification,1.2e+19,83000000.0,1280000.0,,,,,,11620.0,,,Open weights (unrestricted),Yes,Open source,Confident,
notable,ResNeXt-50,2016-11-16,University of California San Diego,"University of California San Diego,Facebook",Industry-academia collaboration,United States of America,Vision,Image classification,,25000000.0,1280000.0,,,,,,11620.0,,,Open weights (unrestricted),Yes,Open source,Likely,
notable,PolyNet,2016-11-17,Chinese University of Hong Kong (CUHK),Chinese University of Hong Kong (CUHK),Academia,Hong Kong,Vision,Image classification,6.4e+19,92000000.0,1280000.0,617.1106542,,,16797.38519252759,32.0,282.0,NVIDIA GeForce GTX TITAN X,NVIDIA consumer / workstation GPU,,,,Likely,
notable,Image-to-image cGAN,2016-11-21,University of California (UC) Berkeley,University of California (UC) Berkeley,Academia,United States of America,Vision,"Image generation,Image-to-image",,,2400000.0,,,,,,22297.0,,,,,,Unknown,
notable,Elastic weight consolidation,2016-12-02,DeepMind,DeepMind,Industry,United Kingdom of Great Britain and Northern Ireland,Vision,"Image classification,Atari",,,,,,,,,9809.0,,,,,,Unknown,
notable,PointNet,2016-12-02,Stanford University,Stanford University,Academia,United States of America,3D modeling,3D segmentation,,,9843.0,,,,,,17492.0,,,,,,Unknown,
notable,GAN-Advancer,2016-12-05,OpenAI,OpenAI,Industry,United States of America,Vision,Image classification,,,,,,,,,9798.0,,,Unreleased,No,Open (non-commercial),Unknown,
notable,HR-ResNet101,2016-12-13,Carnegie Mellon University (CMU),Carnegie Mellon University (CMU),Academia,United States of America,Vision,Face detection,7.077e+18,44500000.0,8243968.0,,,,,,,,,Open weights (unrestricted),Yes,,Confident,
notable,3DMM-CNN,2016-12-15,University of Southern California,University of Southern California,Academia,United States of America,Vision,"Face recognition,3D reconstruction",,44500000.0,500000.0,,,,420.82581181711174,1.0,,NVIDIA GeForce GTX 590,NVIDIA consumer / workstation GPU,Open weights (restricted use),Yes,Open (non-commercial),Confident,
notable,EnhanceNet,2016-12-23,Max Planck Institute for Intelligent Systems,Max Planck Institute for Intelligent Systems,Academia,Germany,Vision,Image super-resolution,1.3079231999999998e+17,814464.0,9830400000.0,,24.0,1.0,282.4218009310853,1.0,,NVIDIA Tesla K40c,NVIDIA Tesla K40c,Open weights (unrestricted),Yes,Unreleased,Confident,
notable,YOLOv2,2016-12-25,University of Washington,"University of Washington,Allen Institute for AI",Industry-academia collaboration,United States of America,Vision,Object detection,,51000000.0,1280000.0,,,,,,17523.0,,,Open weights (non-commercial),Yes,Unreleased,,
notable,DeepStack,2017-01-06,University of Alberta,"University of Alberta,Charles University,Czech Technical University",Academia,Multinational,Games,Poker,1.446336e+19,2500000.0,25380000000.0,,218.0,9.083333333333334,,20.0,998.0,,,,,,Speculative,
notable,OR-WideResNet,2017-01-07,Duke University,"Duke University,University of Chinese Academy of Sciences",Academia,Multinational,Vision,Image classification,,18200000.0,50000.0,,,,,,285.0,NVIDIA Tesla K80,NVIDIA datacenter (pre-Volta),,,,Confident,
notable,MoE-Multi,2017-01-23,Jagiellonian University,"Jagiellonian University,Google Brain",Industry-academia collaboration,Multinational,Language,"Language modeling,Translation",9.393905664e+19,8700000000.0,87000000000.0,3874.12265,288.0,12.0,32873.78910003616,64.0,4587.0,NVIDIA Tesla K40t,NVIDIA Tesla K40t,Unreleased,No,,Confident,
notable,DnCNN,2017-02-01,Harbin Institute of Technology,"Harbin Institute of Technology,Hong Kong Polytechnic University,ULSee Inc.,Xi’an Jiaotong University",Industry-academia collaboration,Multinational,Vision,Image super-resolution,,,2560000000.0,,,,,,7779.0,,,,,,Unknown,
notable,Prototypical networks,2017-03-15,University of Toronto,"University of Toronto,Twitter",Industry-academia collaboration,Multinational,Vision,Image classification,,,38400.0,,,,,,9877.0,,,,,,Unknown,
notable,Mask R-CNN,2017-03-30,Facebook AI Research,Facebook AI Research,Industry,Multinational,Vision,Image segmentation,,,46161920000.0,,,,,,31837.0,,,,,,Unknown,
notable,WGAN-GP,2017-03-31,Courant Institute of Mathematical Sciences,"Courant Institute of Mathematical Sciences,Mila - Quebec AI (originally Montreal Institute for Learning Algorithms)",Academia,Multinational,Image generation,Image generation,,,,,,,,,10824.0,,,Unreleased,No,Open source,Unknown,
notable,MobileNet,2017-04-17,Google,Google,Industry,United States of America,Vision,"Object detection,Image classification,Face detection",,4200000.0,1280000.0,,,,,,24853.0,,,,,,,
notable,DeepLab (2017),2017-04-27,Johns Hopkins University,"Johns Hopkins University,Google,University College London (UCL)",Industry-academia collaboration,Multinational,Vision,Image segmentation,,,26455000.0,,,,,,20019.0,,,,,,Unknown,
notable,Mnemonic Reader,2017-05-08,Fudan University,"Fudan University,Microsoft Research",Industry-academia collaboration,Multinational,Language,Question answering,,,215570.0,,,,,,217.0,,,,,,Confident,
notable,SRGAN,2017-05-25,Twitter,Twitter,Industry,United States of America,Vision,Image super-resolution,,,700000.0,,,,,,11592.0,,,Unreleased,No,Unreleased,Unknown,
notable,Inflated 3D ConvNet,2017-06-01,DeepMind,"DeepMind,University of Oxford",Industry-academia collaboration,United Kingdom of Great Britain and Northern Ireland,3D modeling,Action recognition,,,240000.0,,,,,,9494.0,,,,,,Unknown,
notable,PointNet++,2017-06-07,Stanford University,Stanford University,Academia,United States of America,3D modeling,3D segmentation,,,60000.0,,,,,,14031.0,,,,,,Unknown,
notable,Reading Twice for NLU,2017-06-08,DeepMind,DeepMind,Industry,United Kingdom of Great Britain and Northern Ireland,Language,Question answering,,,200000.0,,,,,,62.0,,,,,,Unknown,
notable,EDSR,2017-06-10,Seoul National University,Seoul National University,Academia,Korea (Republic of),Vision,Image super-resolution,,,,,,,,,7151.0,,,,,,Unknown,
notable,Transformer,2017-06-12,Google Research,"Google Research,Google Brain",Industry,United States of America,Language,Translation,7.4245248e+18,213000000.0,832000000.0,438.0356518424336,84.0,3.5,4180.032869488383,8.0,159251.0,NVIDIA P100,NVIDIA datacenter (pre-Volta),Unreleased,No,Unreleased,Confident,
notable,HRA,2017-06-13,Maluuba,"Maluuba,Microsoft",Industry,Multinational,Games,Atari game: Ms. Pac-Man,,,150000000.0,,,,,,285.0,,,,,,Unknown,
notable,DeepLabV3,2017-06-17,Google,Google,Industry,United States of America,Vision,Semantic segmentation,,,8354563074.0,,,,,,9873.0,,,,,,Unknown,
notable,NoisyNet-Dueling,2017-06-30,DeepMind,DeepMind,Industry,United Kingdom of Great Britain and Northern Ireland,Games,Atari,,,320000000.0,,,,,,1007.0,,,Unreleased,No,Unreleased,Unknown,
notable,ShuffleNet v1,2017-07-03,Megvii Inc,Megvii Inc,Industry,China,Vision,"Object detection,Image classification",,2430000.0,1280000.0,,,,,,8325.0,,,,,,,
notable,DeepLoc,2017-07-07,Technical University of Denmark,"Technical University of Denmark,University of Copenhagen",Academia,Denmark,Biology,Protein localization prediction,5.781024e+17,,,,80.0,3.3333333333333335,286.9303811522887,1.0,,NVIDIA GeForce GTX TITAN X,NVIDIA consumer / workstation GPU,Hosted access (no API),No,Unreleased,Likely,
notable,JFT,2017-07-10,Google Research,"Google Research,Carnegie Mellon University (CMU)",Industry-academia collaboration,United States of America,Vision,"Image classification,Object detection,Semantic segmentation,Pose estimation",8.43e+20,44654504.0,5487300000000.0,17910.759507843868,1440.0,60.0,31330.704406642573,50.0,2712.0,NVIDIA Tesla K80,NVIDIA datacenter (pre-Volta),,,,Confident,
notable,AWD-LSTM,2017-07-18,DeepMind,"DeepMind,University of Oxford",Industry-academia collaboration,United Kingdom of Great Britain and Northern Ireland,Language,Language modeling,,24000000.0,2000000.0,,,,,,555.0,,,Unreleased,No,Unreleased,Confident,
notable,NASNet-A,2017-07-21,Google Brain,Google Brain,Industry,United States of America,Vision,Image classification,,89000000.0,1280000.0,,,,,,6151.0,,,,,,,
notable,PSPNet,2017-07-21,Chinese University of Hong Kong (CUHK),Chinese University of Hong Kong (CUHK),Academia,Hong Kong,Vision,Image segmentation,,,,,,,,,13377.0,,,,,,Unknown,
notable,ConvS2S (ensemble of 8 models),2017-07-25,Meta AI,Meta AI,Industry,United States of America,Language,Translation,5.64e+19,,1183333333.0,,,,,,,NVIDIA M40,NVIDIA datacenter (pre-Volta),,,,Likely,
notable,GSM,2017-07-30,Peking University,"Peking University,Microsoft Research",Industry-academia collaboration,Multinational,Language,Question answering,,,215570.0,,,,,,806.0,,,,,,Likely,
notable,AWD-LSTM - 3-layer LSTM (tied) + continuous cache pointer (WT2),2017-08-07,Salesforce Research,Salesforce Research,Industry,United States of America,Language,Language modeling,2.97e+17,33000000.0,2000000.0,,,,,,1176.0,,,Unreleased,No,Open source,Confident,
notable,RetinaNet-R101,2017-08-07,Facebook AI Research,Facebook AI Research,Industry,Multinational,Vision,Object detection,2.065392e+18,53000000.0,115000.0,,35.0,1.4583333333333333,4174.823263154792,8.0,16437.0,NVIDIA M40,NVIDIA datacenter (pre-Volta),,,,Confident,
notable,RetinaNet-R50,2017-08-07,Facebook AI Research,Facebook AI Research,Industry,Multinational,Vision,Object detection,,34000000.0,11500000000.0,,,,,,16437.0,,,,,,,
notable,OpenAI TI7 DOTA 1v1,2017-08-11,OpenAI,OpenAI,Industry,United States of America,Games,Dota 2,6.046095222592002e+20,,,,,,,,,,,,,,Confident,
notable,EI-REHN-1000D,2017-08-14,Korea Advanced Institute of Science and Technology (KAIST),Korea Advanced Institute of Science and Technology (KAIST),Academia,Korea (Republic of),Language,Language modeling,1.06e+16,19000000.0,929000.0,,,,,,6.0,,,Unreleased,No,Unreleased,Confident,
notable,NeuMF (Pinterest),2017-08-16,Shandong University,"Shandong University,Texas A&M,National University of Singapore,Columbia University",Academia,Multinational,Recommendation,Collaborative filtering,,,1500809.0,,,,,,7004.0,,,,,,Unknown,
notable,Libratus,2017-08-19,Carnegie Mellon University (CMU),Carnegie Mellon University (CMU),Academia,United States of America,Games,Poker,5.51e+20,,,,,,,,104.0,,,Unreleased,No,Unreleased,Likely,
notable,GL-LWGC-AWD-MoS-LSTM + dynamic evaluation (WT2),2017-08-29,Ben-Gurion University of the Negev,Ben-Gurion University of the Negev,Academia,Israel,Language,Language modeling,4.56e+17,38000000.0,2000000.0,,,,,,4.0,,,Unreleased,No,Unreleased,Confident,
notable,SENet (ImageNet),2017-09-05,Chinese Academy of Sciences,"Chinese Academy of Sciences,University of Oxford",Academia,Multinational,Vision,Image classification,,28100000.0,1280000.0,,,,,,33922.0,,,,,,,
notable,PyramidNet,2017-09-06,Korea Advanced Institute of Science and Technology (KAIST),Korea Advanced Institute of Science and Technology (KAIST),Academia,Korea (Republic of),Vision,Image classification,2340000000000000.0,26000000.0,1280000.0,,,,,,750.0,,,Open weights (unrestricted),Yes,Open source,Likely,
notable,ISS,2017-09-15,Duke University,"Duke University,Microsoft",Industry-academia collaboration,United States of America,Language,Language modeling,3400000000000000.0,11100000.000000002,929000.0,,,,,,146.0,,,Unreleased,No,Open source,Confident,
notable,LSTM + dynamic eval,2017-09-21,University of Edinburgh,University of Edinburgh,Academia,United Kingdom of Great Britain and Northern Ireland,Language,Language modeling,,50000000.0,90000000.0,,,,,,147.0,,,Unreleased,No,Open source,Likely,
notable,AWD-LSTM+WT+Cache+IOG (WT2),2017-09-26,NTT Communication Science Laboratories,NTT Communication Science Laboratories,Industry,Japan,Language,Language modeling,3180000000000000.0,53000000.0,2000000.0,,,,,,7.0,,,Unreleased,No,Open (non-commercial),Confident,
notable,Rainbow DQN,2017-10-06,DeepMind,DeepMind,Industry,United Kingdom of Great Britain and Northern Ireland,Games,Atari,,,,,240.0,10.0,,1.0,,,,Unreleased,No,Unreleased,Unknown,
notable,AlphaGo Zero,2017-10-18,DeepMind,DeepMind,Industry,United Kingdom of Great Britain and Northern Ireland,Games,Go,6.49439910290227e+20,46400244.0,6348800000.0,1213.8707315707268,480.0,20.0,,,10021.0,Google TPU v1,Google TPU (version unstated),Unreleased,No,Unreleased,Confident,
notable,AlphaGo Master,2017-10-19,DeepMind,DeepMind,Industry,United Kingdom of Great Britain and Northern Ireland,Games,Go,3.4100000001e+20,,,471445.3247973037,72.0,3.0,,,10021.0,Google TPU v1,Google TPU (version unstated),Unreleased,No,Unreleased,Likely,
notable,ProgressiveGAN,2017-10-27,NVIDIA,NVIDIA,Industry,United States of America,Vision,Image generation,,,,,,,,,8487.0,,,,,,Unknown,
notable,PhraseCond,2017-10-28,Carnegie Mellon University (CMU),"Carnegie Mellon University (CMU),University of Pittsburgh",Academia,United States of America,Language,Question answering,,,160000.0,,,,,,22.0,,,,,,Confident,
notable,S-Norm,2017-10-29,University of Washington,"University of Washington,Allen Institute for AI",Industry-academia collaboration,United States of America,Language,Question answering,,,1060000.0,,,,,,483.0,,,,,,Confident,
notable,DCN+,2017-10-31,Salesforce Research,Salesforce Research,Industry,United States of America,Language,Question answering,,,215570.0,,,,,,121.0,,,Unreleased,No,,Confident,
notable,Fraternal dropout + AWD-LSTM 3-layer (WT2),2017-10-31,Jagiellonian University,"Jagiellonian University,Mila - Quebec AI (originally Montreal Institute for Learning Algorithms),University of Montreal / Université de Montréal",Academia,Multinational,Language,Language modeling,3.06e+17,34000000.0,2000000.0,,,,,,55.0,,,Unreleased,No,Open source,Likely,
notable,VQ-VAE,2017-11-02,DeepMind,DeepMind,Industry,United Kingdom of Great Britain and Northern Ireland,Vision,Representation learning,,,62914560000.0,,,,,,,,,Unreleased,No,Open source,Unknown,
notable,"AWD-LSTM-MoS + dynamic evaluation (WT2, 2017)",2017-11-10,Carnegie Mellon University (CMU),Carnegie Mellon University (CMU),Academia,United States of America,Language,Language modeling,3.36e+18,35000000.0,2000000.0,,,,,,416.0,,,Unreleased,No,Open source,Likely,
notable,TriNet,2017-11-21,Visual Computing Institute,"Visual Computing Institute,RWTH Aachen University",Academia,Germany,Video,Person re-identification,,,509914.0,,,,,,3553.0,,,,,,Unknown,
notable,DL scaling Image,2017-12-01,Baidu,Baidu,Industry,China,Vision,Image classification,,121000000.0,,,,,,,,,,Unreleased,No,,Confident,
notable,DL scaling LM,2017-12-01,Baidu,Baidu,Industry,China,Language,Language modeling,,177000000.0,400000000.0,,,,,,,,,Unreleased,No,,Speculative,
notable,DL scaling speech,2017-12-01,Baidu,Baidu,Industry,China,Speech,Speech recognition (ASR),,193000000.0,2149200000.0,,,,,,,,,Unreleased,No,,Likely,
notable,AlphaZero,2017-12-05,DeepMind,DeepMind,Industry,United Kingdom of Great Britain and Northern Ireland,Games,"Chess,Shogi,Go",1.0600000001e+20,,3520000000.0,229918.6146969874,24.0,1.0,,5064.0,2071.0,"Google TPU v2,Google TPU v1",Google TPU v2,Unreleased,No,Unreleased,Likely,
notable,T-DMCA,2018-01-30,Google Brain,Google Brain,Industry,United States of America,Language,"Language modeling,Text summarization",,,14000000000.0,,,,,,,NVIDIA P100 PCIe 16GB,NVIDIA datacenter (pre-Volta),Unreleased,No,Open source,Likely,
notable,ELMo,2018-02-01,University of Washington,"University of Washington,Allen Institute for AI",Industry-academia collaboration,United States of America,Language,"Question answering,Sentiment classification,Language modeling",3300100000000010.0,94000000.0,2000000000.0,,,,,,12156.0,,,,,,Speculative,
notable,QRNN,2018-02-01,Salesforce Research,Salesforce Research,Industry,United States of America,Language,Language modeling,6.8866472e+17,135000000.0,103000000.0,,12.0,0.5,,,5.0,NVIDIA V100,NVIDIA V100,Unreleased,No,Unreleased,Likely,
notable,IMPALA,2018-02-05,DeepMind,DeepMind,Industry,United Kingdom of Great Britain and Northern Ireland,Games,Atari,1.68e+20,1600000.0,11400000000.0,53.42846804494412,100.0,4.166666666666667,285.5725852593349,1.0,1829.0,NVIDIA P100,NVIDIA datacenter (pre-Volta),Unreleased,No,Open source,Confident,
notable,DeepLabV3+,2018-02-07,Google,Google,Industry,United States of America,Vision,Semantic segmentation,,,8655843074.0,,,,,,16559.0,,,,,,Unknown,
notable,TCN (P-MNIST),2018-02-15,Carnegie Mellon University (CMU),"Carnegie Mellon University (CMU),Intel Labs",Industry-academia collaboration,United States of America,Vision,"Image classification,Digit recognition",,42000.0,60000.0,,,,,,6496.0,,,,,,Confident,
notable,Chinese - English translation,2018-03-01,Microsoft,Microsoft,Industry,United States of America,Language,Translation,,,,,,,,,623.0,,,,,,Unknown,
notable,4 layer QRNN (h=2500),2018-03-22,Salesforce Research,Salesforce Research,Industry,United States of America,Language,Language modeling,5.9158815e+17,151000000.0,103000000.0,,12.0,0.5,268.1693571105067,1.0,183.0,NVIDIA Quadro GP100,NVIDIA consumer / workstation GPU,Unreleased,No,Open source,Likely,
notable,YOLOv3,2018-04-08,University of Washington,University of Washington,Academia,United States of America,Vision,Object detection,1.3416380824e+19,56933216.0,5430000.0,,,,,,25147.0,"NVIDIA M40,NVIDIA GeForce GTX TITAN X",NVIDIA datacenter (pre-Volta),Unreleased,No,Unreleased,Likely,
notable,ResNeXt-101 32x48d,2018-05-02,Facebook,Facebook,Industry,United States of America,Vision,Image classification,8.74395e+21,829000000.0,940000000.0,134077.42688552555,496.0,20.666666666666668,209159.05867416784,336.0,1462.0,NVIDIA V100,NVIDIA V100,Open weights (non-commercial),Yes,Unreleased,Confident,
notable,Dropout-LSTM+Noise(Bernoulli) (WT2),2018-05-03,Columbia University,"Columbia University,New York University (NYU),Princeton University",Academia,United States of America,Language,Language modeling,1.27e+17,51000000.0,2000000.0,,,,,,27.0,,,Unreleased,No,Unreleased,Likely,
notable,aLSTM(depth-2)+RecurrentPolicy (WT2),2018-05-22,University of Manchester,"University of Manchester,Alan Turing Institute",Industry-academia collaboration,United Kingdom of Great Britain and Northern Ireland,Language,Language modeling,7.296e+16,32000000.0,2000000.0,,,,,,12.0,,,Unreleased,No,Open source,Confident,
notable,GPT-1,2018-06-01,OpenAI,OpenAI,Industry,United States of America,Language,"Question answering,Text classification,Language modeling",1.7578125e+19,117000000.0,1333333333.0,,720.0,30.0,663.5535559333689,8.0,13799.0,NVIDIA Quadro P600,NVIDIA consumer / workstation GPU,Open weights (unrestricted),Yes,Open source,Likely,
notable,Relational Memory Core,2018-06-05,DeepMind,"DeepMind,University College London (UCL)",Industry-academia collaboration,United Kingdom of Great Britain and Northern Ireland,Language,Language modeling,,,4000000000.0,,,,,,235.0,,,Unreleased,No,Unreleased,Confident,
notable,MobileNetV2,2018-06-18,Google,Google,Industry,United States of America,Vision,"Object detection,Image classification,Image segmentation",,3400000.0,1280000.0,,,,,,16899.0,,,,,,,
notable,FTW (For The Win),2018-07-03,DeepMind,DeepMind,Industry,United Kingdom of Great Britain and Northern Ireland,Games,Capture the flag,3.49e+19,126001330.0,2000000000.0,,,,,,802.0,,,Unreleased,No,Unreleased,Speculative,
notable,Big-Little Net,2018-07-10,IBM,IBM,Industry,United States of America,Vision,"Image classification,Object recognition",2.46048e+17,77360000.0,1280000.0,,,,,,101.0,NVIDIA Tesla K80,NVIDIA datacenter (pre-Volta),Open weights (unrestricted),Yes,Open source,Likely,
notable,Big-Little Net (speech),2018-07-10,IBM,IBM,Industry,United States of America,Speech,Speech recognition (ASR),4.290048e+17,3320000.0,720000000.0,,,,,,101.0,,,Open weights (unrestricted),Yes,Open source,Speculative,
notable,AWD-LSTM-MoS+PDR + dynamic evaluation (WT2),2018-08-14,IBM,IBM,Industry,United States of America,Language,Language modeling,,35000000.0,2000000.0,,,,,,6.0,,,Unreleased,No,Unreleased,Confident,
notable,Big Transformer for Back-Translation,2018-08-28,Facebook AI Research,"Facebook AI Research,Google Brain",Industry,Multinational,Language,Translation,4.7808e+20,,4520000000.0,2442.1618775733145,27.666,1.15275,66225.44602672113,128.0,1155.0,NVIDIA Tesla V100 DGXS 16 GB,NVIDIA V100,Open weights (unrestricted),Yes,Open source,Likely,
notable,(ensemble): AWD-LSTM-DOC (fin) × 5 (WT2),2018-08-30,NTT Communication Science Laboratories,"NTT Communication Science Laboratories,Tohoku University",Industry-academia collaboration,Japan,Language,Language modeling,6.66e+17,185000000.0,2000000.0,,,,,,37.0,,,Open weights (unrestricted),Yes,Open source,Confident,
notable,NetSurfP-2.0,2018-09-10,Technical University of Denmark,"Technical University of Denmark,University of Copenhagen,Universidad Nacional de San Martín,AIMST University",Academia,Multinational,Biology,"Protein folding prediction,Protein property prediction",,,,,,,,,,,,Hosted access (no API),No,Unreleased,Unknown,
notable,Transformer + Simple Recurrent Unit,2018-09-17,ASAPP,"ASAPP,Cornell University,Google,Princeton University",Industry-academia collaboration,United States of America,Language,Translation,1.1e+19,90000000.0,112500000.0,45.373219244858774,,,4964.696746005496,8.0,306.0,NVIDIA V100,NVIDIA V100,Unreleased,No,Unreleased,Confident,
notable,"AWD-LSTM-MoS + dynamic evaluation (WT2, 2018)",2018-09-18,Peking University,"Peking University,Microsoft Research Asia",Industry-academia collaboration,China,Language,"Language modeling,Translation,Text classification",,35000000.0,2000000.0,,,,,,152.0,,,Unreleased,No,Open (non-commercial),Confident,
notable,LSTM+NeuralCache,2018-09-24,KU Leuven,"KU Leuven,ESAT - PSI,Apple",Industry-academia collaboration,Multinational,Language,Language modeling,982800000000000.0,2100000.0,2000000.0,,,,,,3.0,,,Unreleased,No,Unreleased,Likely,
notable,Transformer (Adaptive Input Embeddings) WT103,2018-09-28,Facebook AI Research,Facebook AI Research,Industry,Multinational,Language,Language modeling,4.47e+19,247000000.0,100000000.0,2880.917278699733,67.0,2.7916666666666665,4963.480727525225,8.0,433.0,NVIDIA V100,NVIDIA V100,Open weights (unrestricted),Yes,Open source,Confident,
notable,BERT-Large,2018-10-11,Google,Google,Industry,United States of America,Language,"Question answering,Text autocompletion",2.85e+20,340000000.0,2649900000.0,1751.4770087736404,96.0,4.0,37049.928524121315,64.0,114811.0,Google TPU v2,Google TPU v2,Open weights (unrestricted),Yes,Open source,Confident,
notable,MetaMimic,2018-10-11,Google,Google,Industry,United States of America,Robotics,Robotic manipulation,,22000000.0,,,,,,,26.0,,,,,,,
notable,TrellisNet,2018-10-15,Carnegie Mellon University (CMU),"Carnegie Mellon University (CMU),Bosch Center for Artificial Intelligence,Intel Labs",Industry-academia collaboration,Multinational,Language,Language modeling,2.78e+18,180000000.0,103000000.0,,,,,,164.0,,,Unreleased,No,Open source,Confident,
notable,MemoReader,2018-10-31,Samsung,"Samsung,Korea University",Industry-academia collaboration,Korea (Republic of),Language,Question answering,,,1057958.0,,,,,,17.0,NVIDIA M40,NVIDIA datacenter (pre-Volta),Unreleased,No,,Confident,
notable,Mesh-TensorFlow Transformer 2.9B (translation),2018-11-05,Google Brain,Google Brain,Industry,United States of America,Language,"Language modeling/generation,Translation",6.84288e+19,2900000000.0,1550000000.0,395.71656000308855,22.0,0.9166666666666666,37029.30729957453,64.0,437.0,Google TPU v2,Google TPU v2,Unreleased,No,Open source,Likely,
notable,Mesh-TensorFlow Transformer 4.9B (language),2018-11-05,Google Brain,Google Brain,Industry,United States of America,Language,"Language modeling/generation,Translation",1.617408e+20,4900000000.0,5000000000.0,935.3300509163912,13.0,0.5416666666666666,148117.2291982981,256.0,437.0,Google TPU v2,Google TPU v2,Unreleased,No,Open source,Confident,
notable,Fine-tuned-AWD-LSTM-DOC (fin),2018-11-12,Samsung R&D Institute Russia,Samsung R&D Institute Russia,Industry,Russia,Language,Language modeling,5.188e+16,46000000.0,1044112.0,,,,,,2.0,,,Unreleased,No,Unreleased,Confident,
notable,Multi-cell LSTM,2018-11-15,University of Hyderabad,University of Hyderabad,Academia,India,Language,Language modeling,2006640000000000.0,7200000.0,929000.0,,,,,,6.0,,,Unreleased,No,Unreleased,Likely,
notable,GPipe (Transformer),2018-11-16,Google,Google,Industry,United States of America,Language,Translation,,6000000000.0,1450000000000.0,,,,,,1218.0,,,,,,Likely,
notable,SPN (ImageNet 128),2018-12-04,Google Brain,"Google Brain,DeepMind",Industry,Multinational,Image generation,Image generation,,250000000.0,251658240000.0,,,,,,,Google TPU v3,Google TPU v3,Unreleased,No,Unreleased,Confident,
notable,StyleGAN,2018-12-12,NVIDIA,NVIDIA,Industry,United States of America,Image generation,Image generation,3.93e+16,26200000.0,50000000.0,,168.0,7.0,4955.197627044293,8.0,14496.0,NVIDIA V100,NVIDIA V100,Open weights (non-commercial),Yes,,Confident,
notable,Transformer ELMo,2019-01-01,Allen Institute for AI,"Allen Institute for AI,University of Washington",Industry-academia collaboration,United States of America,Language,Language modeling,,56000000.0,2000000000.0,,,,,,459.0,,,Unreleased,No,Unreleased,Confident,
notable,Transformer-XL (257M),2019-01-09,Carnegie Mellon University (CMU),"Carnegie Mellon University (CMU),Google Brain",Industry-academia collaboration,United States of America,Language,Language modeling/generation,3.7832771e+20,256999999.99999997,103000000.0,,,,29712.65288608572,32.0,4320.0,Google TPU v3,Google TPU v3,Open weights (unrestricted),Yes,Open source,Speculative,
notable,MT-DNN,2019-01-31,Microsoft,Microsoft,Industry,United States of America,Language,Language modeling,,330000000.0,1000000.0,,,,,,1350.0,,,Open weights (unrestricted),Yes,Open source,Confident,
notable,Hanabi 4 player,2019-02-01,DeepMind,"DeepMind,University of Oxford,Carnegie Mellon University (CMU),Google Brain",Industry-academia collaboration,Multinational,Games,Hanabi,4.3e+18,764000.0,20000000000.0,,,,,,229.0,NVIDIA V100,NVIDIA V100,Unreleased,No,Unreleased,Confident,
notable,SDE,2019-02-09,Carnegie Mellon University (CMU),"Carnegie Mellon University (CMU),Google Brain,Monash University",Industry-academia collaboration,Multinational,Language,Translation,,,,,,,,,,,,Unreleased,No,Open (non-commercial),Unknown,
notable,GPT-2 (1.5B),2019-02-14,OpenAI,OpenAI,Industry,United States of America,Language,Language modeling/generation,1.920000000001e+21,1500000000.0,10666666666.666666,4348.443645,,,,,26463.0,Google TPU v3,Google TPU v3,Open weights (unrestricted),Yes,Unreleased,Speculative,
notable,KataGo,2019-02-27,Jane Street,Jane Street,Industry,United States of America,Games,Go,2.32e+19,2500000.0,241000000.0,104.91425851608678,456.0,19.0,,,111.0,NVIDIA Tesla V100 DGXS 16 GB,NVIDIA V100,Open weights (unrestricted),Yes,Open source,Speculative,
notable,NMT Transformer 437M,2019-02-28,Google,"Google,Bar-Ilan University",Industry-academia collaboration,Multinational,Language,Translation,,437700000.0,,,,,,,539.0,,,Unreleased,No,Unreleased,Confident,
notable,SciBERT,2019-03-26,Allen Institute for AI,Allen Institute for AI,Research collective,United States of America,Language,"Relation extraction,Sentiment classification,Text classification,Named entity recognition (NER)",8.926848e+19,110000000.0,3170000000.0,247.26289010271603,168.0,7.0,3707.800947246574,4.0,3705.0,Google TPU v3,Google TPU v3,Open weights (unrestricted),Yes,Open source,Confident,
notable,Cross-lingual alignment,2019-04-04,Tel Aviv University,"Tel Aviv University,Massachusetts Institute of Technology (MIT)",Academia,Multinational,Language,Translation,2.56e+18,,,,,,,,221.0,NVIDIA GeForce GTX 1080 Ti,NVIDIA consumer / workstation GPU,Open weights (unrestricted),Yes,Open source,Speculative,
notable,True-Regularization+Finetune+Dynamic-Eval,2019-04-08,Mobvoi,"Mobvoi,Williams College",Industry-academia collaboration,Multinational,Language,Language modeling,,7000000.0,929000.0,,,,,,26.0,,,Unreleased,No,Unreleased,Confident,
notable,WeNet (Penn Treebank),2019-04-08,Amazon,Amazon,Industry,United States of America,Language,"Neural Architecture Search - NAS,Language modeling",7.30000001e+17,23000000.0,929000.0,,24.0,1.0,339.4439274233134,1.0,5.0,NVIDIA V100,NVIDIA V100,Unreleased,No,Unreleased,Likely,
notable,Transformer-XL + RMS dynamic eval,2019-04-17,University of Edinburgh,University of Edinburgh,Academia,United Kingdom of Great Britain and Northern Ireland,Language,Language modeling/generation,,256999999.99999997,103000000.0,,,,,,47.0,,,Unreleased,No,Open source,Confident,
notable,BERT-Large-CAS (PTB+WT2+WT103),2019-04-20,Amazon,Amazon,Industry,United States of America,Language,"Neural Architecture Search - NAS,Language modeling/generation",1.5405e+20,395000000.0,1300000000.0,,,,,,139.0,,,Unreleased,No,Open source,Likely,
notable,MuseNet,2019-04-25,OpenAI,OpenAI,Industry,United States of America,Audio,Audio generation,2.208301056e+20,2038431744.0,,,,,,,,,,Unreleased,No,,Likely,
notable,Neuro-Symbolic Concept Learner,2019-04-26,Massachusetts Institute of Technology (MIT),"Massachusetts Institute of Technology (MIT),Tsinghua University,MIT-IBM Watson AI Lab,DeepMind",Industry-academia collaboration,Multinational,Vision,"Visual question answering,Semantic segmentation",,,100000.0,,,,,,837.0,,,Unreleased,No,Open source,Unknown,
notable,RaptorX-Contact,2019-05-02,Toyota Technological Institute at Chicago,Toyota Technological Institute at Chicago,Academia,United States of America,Biology,"Protein folding prediction,Proteins,Protein contact and distance prediction",,,,,,,,,,,,Unreleased,No,Open (restricted use),Unknown,
notable,ResNeXt-101 Billion-scale,2019-05-02,Facebook AI,Facebook AI,Industry,United States of America,Vision,Image classification,,193000000.0,90000000.0,,,,,,490.0,,,Open weights (non-commercial),Yes,Unreleased,,
notable,AWD-LSTM-DRILL + dynamic evaluation† (WT2),2019-05-14,IDIAP,IDIAP,Academia,Switzerland,Language,Language modeling,4.08e+17,34000000.0,2000000.0,,29.0,1.2083333333333333,,,7.0,,,Open weights (unrestricted),Yes,Open source,Likely,
notable,CPC v2,2019-05-22,DeepMind,"DeepMind,University of California (UC) Berkeley",Industry-academia collaboration,Multinational,Vision,"Image completion,Object detection,Image classification",,303000000.0,,,,,,,1556.0,,,Unreleased,No,Unreleased,,
notable,EfficientNet-L2,2019-05-28,Google,Google,Industry,United States of America,Vision,Image classification,,480000000.0,1280000.0,,,,,,23945.0,,,Open weights (unrestricted),Yes,Open source,,
notable,DLRM-2020,2019-05-31,Facebook AI,Facebook AI,Industry,United States of America,Recommendation,Recommender system,4e+18,100000000000.0,38571428.0,,,,,,908.0,,,Unreleased,No,Open source,Confident,
notable,XLM,2019-06-01,Facebook,Facebook,Industry,United States of America,Language,"Translation,Language modeling",,665000000.0,,,,,,,2986.0,,,Open weights (non-commercial),Yes,Open (non-commercial),,
notable,XLNet,2019-06-01,Carnegie Mellon University (CMU),"Carnegie Mellon University (CMU),Google Brain",Industry-academia collaboration,United States of America,Language,"Language modeling/generation,Question answering,Sentiment classification",6.19e+21,340000000.0,32890000000.0,13644.95913543866,,,,,9353.0,Google TPU v3,Google TPU v3,Open weights (unrestricted),Yes,Open source,Confident,
notable,Transformer-XL Large + Phrase Induction,2019-06-04,Massachusetts Institute of Technology (MIT),"Massachusetts Institute of Technology (MIT),University of Illinois Urbana-Champaign (UIUC)",Academia,United States of America,Language,Language modeling/generation,3.7848651e+20,256999999.99999997,103000000.0,,,,,,14.0,,,Unreleased,No,Open source,Speculative,
notable,AWD-LSTM + MoS + Partial Shuffled,2019-06-10,University of Texas at Austin,University of Texas at Austin,Academia,United States of America,Language,Language modeling,3.15e+17,35000000.0,2000000.0,,,,,,126.0,,,Open weights (non-commercial),Yes,Open (non-commercial),Confident,
notable,Char-CNN-BiLSTM,2019-06-13,Capital One,Capital One,Industry,United States of America,Language,Language modeling,,,929000.0,,,,,,2.0,,,Unreleased,No,Unreleased,Confident,
notable,FixRes ResNeXt-101 WSL,2019-06-14,Facebook AI,Facebook AI,Industry,United States of America,Vision,Image classification,,829000000.0,940000000.0,,,,,,477.0,,,Open weights (non-commercial),Yes,Open (non-commercial),,
notable,PG-SWGAN,2019-06-15,ETH Zurich,ETH Zurich,Academia,Switzerland,Image generation,Image generation,,,,,,,,,136.0,,,Unreleased,No,Open (non-commercial),Unknown,
notable,LaNet-L (CIFAR-10),2019-06-17,Brown University,"Brown University,Facebook",Industry-academia collaboration,United States of America,Vision,"Image classification,Neural Architecture Search - NAS",,44100000.0,60000.0,,,,,,48.0,,,Open weights (non-commercial),Yes,Open (non-commercial),Confident,
notable,Walking Minotaur robot,2019-06-19,University of California (UC) Berkeley,"University of California (UC) Berkeley,Google Brain",Industry-academia collaboration,United States of America,Robotics,Animal (human/non-human) imitation,,,,,,,,,493.0,,,Unreleased,No,Unreleased,Unknown,
notable,RoBERTa Large,2019-07-01,Facebook,"Facebook,University of Washington",Industry-academia collaboration,United States of America,Language,"Question answering,Language modeling/generation",8.5067e+21,355000000.0,42666666666.0,85350.2350127364,120.0,5.0,526193.8152119832,1024.0,29641.0,NVIDIA Tesla V100 DGXS 32 GB,NVIDIA V100,Open weights (unrestricted),Yes,Open source,Confident,
notable,BigBiGAN,2019-07-04,Google,Google,Industry,United States of America,Vision,Image completion,,86000000.0,2560000.0,,,,,,576.0,,,Open weights (unrestricted),Yes,Unreleased,,
notable,Pluribus,2019-07-11,Facebook AI Research,Facebook AI Research,Industry,Multinational,Games,Poker,6.6e+16,,,,,,,,797.0,,,Unreleased,No,Unreleased,Likely,
notable,EN^2AS with performance reward,2019-07-22,Beijing Institute of Technology,"Beijing Institute of Technology,University of Technology Sydney,Monash University",Academia,Multinational,Language,"Neural Architecture Search - NAS,Language modeling",,23000000.0,,,,,,,1.0,,,Unreleased,No,Unreleased,,
notable,trRosetta,2019-08-22,Nankai University,"Nankai University,University of Washington,Tianjin University,Harvard University",Academia,Multinational,Biology,Protein folding prediction,3.8047968e+19,,,,1080.0,45.0,315.8562689911153,1.0,,NVIDIA TITAN RTX,NVIDIA consumer / workstation GPU,Open weights (unrestricted),Yes,Open source,Confident,
notable,"Mogrifier (d2, MoS2, MC) + dynamic eval",2019-09-04,DeepMind,"DeepMind,University of Oxford",Industry-academia collaboration,United Kingdom of Great Britain and Northern Ireland,Language,Language modeling,,35000000.0,2000000.0,,,,,,109.0,,,Unreleased,No,Unreleased,Confident,
notable,UDSMProt,2019-09-04,Fraunhofer Heinrich Hertz Institute,Fraunhofer Heinrich Hertz Institute,Research collective,Germany,Biology,"Proteins,Protein or nucleotide language model (pLM/nLM),Enzyme function prediction",6.37e+17,28303800.0,149700000.0,,,,,,,,,Open weights (unrestricted),Yes,Open source,Likely,
notable,Megatron-BERT,2019-09-17,NVIDIA,NVIDIA,Industry,United States of America,Language,Language modeling/generation,2.2e+22,3900000000.0,6960000000.0,171818.64196707975,374.0,15.583333333333334,262640.30207328824,512.0,2766.0,NVIDIA Tesla V100S PCIe 32 GB,NVIDIA Tesla V100S PCIe 32 GB,Unreleased,No,Open source,Confident,
notable,Megatron-LM (1.2B),2019-09-17,NVIDIA,NVIDIA,Industry,United States of America,Language,Language modeling/generation,1.1304e+21,1200000000.0,157000000000.0,,,,338.2215428484996,1.0,2766.0,NVIDIA Tesla V100 SXM3 32 GB,NVIDIA V100,Unreleased,No,Open source,Confident,
notable,Megatron-LM (8.3B),2019-09-17,NVIDIA,NVIDIA,Industry,United States of America,Language,Language modeling/generation,9.1e+21,8300000000.0,46400000000.0,109287.55758939347,327.0,13.625,262640.30207328824,512.0,2766.0,NVIDIA Tesla V100 DGXS 32 GB,NVIDIA V100,Unreleased,No,Open source,Likely,
notable,Adaptive Inputs + LayerDrop,2019-09-25,Facebook AI Research,"Facebook AI Research,LORIA",Industry-academia collaboration,Multinational,Language,"Language modeling/generation,Translation,Question answering,Text summarization,Language modeling",,423000000.00000006,103000000.0,,,,,,702.0,,,Open weights (unrestricted),Yes,Open source,Confident,
notable,ALBERT,2019-09-26,Toyota Technological Institute at Chicago,"Toyota Technological Institute at Chicago,Google Research",Industry-academia collaboration,United States of America,Language,"Language modeling/generation,Question answering",,18000000.0,3300000000.0,,,,,,7447.0,Google TPU v3,Google TPU v3,Open weights (unrestricted),Yes,Open source,Confident,
notable,AlphaX-1,2019-10-02,Facebook AI Research,"Facebook AI Research,Brown University",Industry-academia collaboration,Multinational,Vision,"Neural architecture search for computer vision,Image classification,Object detection,Image captioning",8.89344e+17,5400000.0,61280000.0,,,,,,100.0,NVIDIA GeForce GTX 1080 Ti,NVIDIA consumer / workstation GPU,Unreleased,No,Open (non-commercial),Confident,
notable,DistilBERT,2019-10-02,Hugging Face,Hugging Face,Industry,United States of America,Language,Text autocompletion,1.24416e+19,66000000.0,495000000.0,,,,,,9714.0,NVIDIA Tesla V100 DGXS 16 GB,NVIDIA V100,Open weights (unrestricted),Yes,Open source,Confident,
notable,M4-50B,2019-10-11,Google,Google,Industry,United States of America,Language,Translation,,50000000000.0,,,,,,,,,,Unreleased,No,Unreleased,Confident,
notable,T5-11B,2019-10-23,Google,Google,Industry,United States of America,Language,"Text autocompletion,Language modeling/generation",3.3e+22,11000000000.0,34000000000.0,78464.68282814459,481.9,20.079166666666666,472373.69114573154,512.0,25683.0,Google TPU v3,Google TPU v3,Open weights (unrestricted),Yes,Open source,Confident,
notable,T5-3B,2019-10-23,Google,Google,Industry,United States of America,Language,Text autocompletion,9.0000000001e+21,2800000000.0,5100000000.0,17420.709393371122,,,,,25683.0,Google TPU v3,Google TPU v3,Open weights (unrestricted),Yes,Open source,Confident,
notable,BART-large,2019-10-29,Facebook AI,Facebook AI,Industry,United States of America,Language,"Language modeling/generation,Question answering",,406291456.0,42666666666.0,,,,,,12770.0,,,Open weights (unrestricted),Yes,Open source,Likely,
notable,AlphaStar,2019-10-30,DeepMind,DeepMind,Industry,United Kingdom of Great Britain and Northern Ireland,Games,StarCraft,1.0773400001e+23,139000000.0,,130654.07330431018,1056.0,44.0,354225.04547181545,384.0,4093.0,Google TPU v3,Google TPU v3,Unreleased,No,Open source,Confident,
notable,Base LM + kNN LM + Continuous Cache,2019-11-01,Stanford University,"Stanford University,Facebook AI Research",Industry-academia collaboration,Multinational,Language,Language modeling,3.05292e+19,247000000.00000003,103000000.0,,,,,,1049.0,,,Unreleased,No,Open source,Likely,
notable,XLM-RoBERTa,2019-11-05,Facebook AI,Facebook AI,Industry,United States of America,Language,"Named entity recognition (NER),Question answering,Text classification",2.076e+22,550000000.0,167000000000.0,77861.31819548723,,,256204.94677329363,500.0,8373.0,NVIDIA Tesla V100 DGXS 32 GB,NVIDIA V100,Open weights (non-commercial),Yes,Open (non-commercial),Confident,
notable,CamemBERT,2019-11-10,Facebook,"Facebook,INRIA,Sorbonne University",Industry-academia collaboration,Multinational,Language,"Language modeling/generation,Part-of-speech tagging,Named entity recognition (NER)",8.3e+20,335000000.0,28615771779.58404,2319.5419478533995,24.0,1.0,,,1083.0,NVIDIA V100,NVIDIA V100,Open weights (unrestricted),Yes,Unreleased,Confident,
notable,Sandwich Transformer,2019-11-10,Allen Institute for AI,"Allen Institute for AI,Facebook AI Research",Industry-academia collaboration,Multinational,Language,Language modeling,2.3504093e+19,209000000.0,700000000.0,,,,,,97.0,,,Unreleased,No,Open (non-commercial),Speculative,
notable,Noisy Student (L2),2019-11-11,Carnegie Mellon University (CMU),"Carnegie Mellon University (CMU),Google",Industry-academia collaboration,United States of America,Vision,Image classification,2.612e+22,480000000.0,81000000.0,45609.73119622589,144.0,6.0,944347.7271739373,1024.0,2743.0,Google TPU v3,Google TPU v3,Unreleased,No,Open source,Confident,
notable,MoCo,2019-11-13,Facebook AI,Facebook AI,Industry,United States of America,Vision,Image completion,,375000000.0,940000000.0,,,,,,14915.0,,,Open weights (non-commercial),Yes,Open (non-commercial),,
notable,MuZero,2019-11-19,DeepMind,DeepMind,Industry,United Kingdom of Great Britain and Northern Ireland,Games,Atari,4.8e+19,36864000.0,12288000000.0,,,,,,2491.0,,,Unreleased,No,Unreleased,Speculative,
notable,Transformer - LibriVox + Decoding/Rescoring,2019-11-19,Facebook,Facebook,Industry,United States of America,Speech,Speech recognition (ASR),,296000000.0,981312000.0,,,,,,263.0,,,Open weights (unrestricted),Yes,,Confident,
notable,Photo-Geometric Autoencoder,2019-11-25,University of Oxford,University of Oxford,Academia,United Kingdom of Great Britain and Northern Ireland,3D modeling,3D reconstruction,,,819200000.0,,,,,,338.0,,,Open weights (unrestricted),Yes,Open source,Unknown,
notable,Transformer-XL DeFINE (141M),2019-11-27,University of Washington,"University of Washington,Allen Institute for AI",Industry-academia collaboration,United States of America,Language,Language modeling,1.74276e+18,141000000.0,103000000.0,,,,,,29.0,,,Unreleased,No,Unreleased,Speculative,
notable,StyleGAN2,2019-12-03,NVIDIA,"NVIDIA,Aalto University",Industry-academia collaboration,Multinational,Image generation,Image generation,,30000000.0,114000000.0,,2016.0,84.0,4916.068644931902,8.0,7908.0,NVIDIA V100,NVIDIA V100,Open weights (restricted use),Yes,,Confident,
notable,StarGAN v2,2019-12-04,NAVER,"NAVER,Yonsei University,Swiss Federal Institute of Technology",Industry-academia collaboration,Multinational,Vision,"Image generation,Image-to-image",,,400000.0,,,,,,2072.0,,,Open weights (non-commercial),Yes,Open (non-commercial),Unknown,
notable,MMLSTM (PTB),2019-12-05,Beijing University of Posts and Telecommunications,"Beijing University of Posts and Telecommunications,University of West London",Academia,Multinational,Language,Language modeling,5.8298782e+16,21300000.0,929000.0,,,,,,19.0,,,Unreleased,No,Unreleased,Likely,
notable,MMLSTM (WT-2),2019-12-05,Beijing University of Posts and Telecommunications,"Beijing University of Posts and Telecommunications,University of West London",Academia,Multinational,Language,Language modeling,1.938e+17,32300000.0,2000000.0,,,,,,19.0,,,Unreleased,No,Unreleased,Likely,
notable,OpenAI Five,2019-12-13,OpenAI,OpenAI,Industry,United States of America,Games,Dota 2,6.7e+22,159000000.0,454164480000.0,4328311.470477086,7104.0,296.0,786395.8382790724,1536.0,2137.0,NVIDIA P100,NVIDIA datacenter (pre-Volta),Unreleased,No,Unreleased,Confident,
notable,OpenAI Five Rerun,2019-12-13,OpenAI,OpenAI,Industry,United States of America,Games,Dota 2,1.3e+22,159000000.0,53084160000.0,321105.9055,,,262131.94609302413,512.0,2137.0,NVIDIA P100,NVIDIA datacenter (pre-Volta),Unreleased,No,Unreleased,Confident,
notable,DD-PPO,2019-12-19,Georgia Institute of Technology,"Georgia Institute of Technology,Facebook AI Research,Oregon State University,Simon Fraser University",Industry-academia collaboration,Multinational,Robotics,Object detection,7.8e+20,,2500000000.0,1926.8992900057376,66.0,2.75,39314.53850266432,64.0,611.0,NVIDIA V100,NVIDIA V100,Unreleased,No,Unreleased,Likely,
notable,Big Transfer (BiT-L),2019-12-24,Google Brain,Google Brain,Industry,United States of America,Vision,Image classification,,928000000.0,300000000.0,,,,,,1361.0,Google TPU v3,Google TPU v3,Unreleased,No,Unreleased,,
notable,AlphaFold,2020-01-15,DeepMind,DeepMind,Industry,United Kingdom of Great Britain and Northern Ireland,Biology,"Protein folding prediction,Proteins",1e+20,16340840.0,6622252080.0,,120.0,5.0,,,2773.0,,,Unreleased,No,Unreleased,Speculative,
notable,ContextNet + Noisy Student,2020-01-19,Google,Google,Industry,United States of America,Speech,Speech recognition (ASR),8.16e+21,,,14226.054462994534,1440.0,60.0,,,264.0,Google TPU v3,Google TPU v3,Unreleased,No,Unreleased,Confident,
notable,Meena,2020-01-28,Google Brain,Google Brain,Industry,United States of America,Language,"Text autocompletion,Chat",1.12e+23,2600000000.0,53333333333.333336,214809.91213508433,720.0,30.0,942708.8086440804,1024.0,1020.0,Google TPU v3,Google TPU v3,Unreleased,No,Unreleased,Confident,
notable,Theseus 6/768,2020-02-07,University of California San Diego,"University of California San Diego,Beihang University,Microsoft",Industry-academia collaboration,Multinational,Language,Text autocompletion,,66000000.0,393000.0,,,,,,224.0,NVIDIA V100,NVIDIA V100,Open weights (unrestricted),Yes,Open source,Confident,
notable,Perceiver IO (optical flow),2020-02-08,DeepMind,DeepMind,Industry,United Kingdom of Great Britain and Northern Ireland,Multimodal,"Language modeling/generation,Image captioning",,27900000.0,146022400000.0,,,,,,816.0,,,Unreleased,No,Unreleased,Confident,
notable,TaLK Convolution,2020-02-08,Carleton University,Carleton University,Academia,Canada,Language,"Language modeling,Translation,Text summarization",2.6990346e+19,240000000.0,103000000.0,,,,4090.615920439178,8.0,30.0,NVIDIA GeForce RTX 2080 Ti 11GB,NVIDIA consumer / workstation GPU,Unreleased,No,Unreleased,Likely,
notable,ALBERT-xxlarge,2020-02-09,Toyota Technological Institute at Chicago,"Toyota Technological Institute at Chicago,Google",Industry-academia collaboration,United States of America,Language,"Language modeling/generation,Question answering",2.39e+21,235000000.0,3300000000.0,4439.921298510215,32.0,1.3333333333333333,471228.4599562152,512.0,7447.0,Google TPU v3,Google TPU v3,Open weights (unrestricted),Yes,Open source,Speculative,
notable,SimCLR,2020-02-13,Google Brain,Google Brain,Industry,United States of America,Vision,Image completion,,375000000.0,10467704832.0,,,,,,24316.0,Google TPU v3,Google TPU v3,Open weights (unrestricted),Yes,Open source,,
notable,Turing-NLG,2020-02-13,Microsoft,Microsoft,Industry,United States of America,Language,"Text autocompletion,Language generation,Text summarization",1.57e+22,17000000000.0,46400000000.0,51659.713290894986,,,130885.13499433055,256.0,114.0,NVIDIA Tesla V100 DGXS 32 GB,NVIDIA V100,Unreleased,No,Unreleased,Likely,
notable,FFN SwiGLU,2020-02-14,Google,Google,Industry,United States of America,Language,"Language modeling,Question answering",3.3687317e+19,220000000.0,50600083456.0,,21.85,0.9104166666666668,9161.75542079835,16.0,,Google TPU v2,Google TPU v2,Unreleased,No,Unreleased,Confident,
notable,Feedback Transformer,2020-02-21,LORIA,"LORIA,University of Lorraine,Facebook AI Research",Industry-academia collaboration,Multinational,Language,Language modeling,7.690547e+18,126000000.0,103000000.0,,84.0,3.5,,,41.0,,,Unreleased,No,Unreleased,Speculative,
notable,TCAN (WT2),2020-02-28,Nanjing University,"Nanjing University,Ant Group",Industry-academia collaboration,China,Language,Language modeling,,33000000.0,2000000.0,,,,,,47.0,,,Unreleased,No,Open source,Confident,
notable,TransformerXL + spectrum control,2020-03-11,University of California Los Angeles (UCLA),"University of California Los Angeles (UCLA),JD.com",Industry-academia collaboration,Multinational,Language,Language modeling,2.6289761e+19,151000000.0,103000000.0,,219.0,9.125,2452.6211427753756,4.0,90.0,NVIDIA V100,NVIDIA V100,Unreleased,No,Unreleased,Speculative,
notable,Routing Transformer (WT-103),2020-03-12,Google Research,Google Research,Industry,United States of America,Language,Language modeling,,79500000.0,103000000.0,,,,,,754.0,,,Open weights (unrestricted),Yes,Unreleased,Confident,
notable,Tensor-Transformer(1core)+PN (WT103),2020-03-17,University of California (UC) Berkeley,University of California (UC) Berkeley,Academia,United States of America,Language,Language modeling,1.58e+18,85300000.0,103000000.0,,,,,,60.0,,,Open weights (unrestricted),Yes,Open source,Confident,
notable,ELECTRA,2020-03-23,Stanford University,"Stanford University,Google,Google Brain",Industry-academia collaboration,United States of America,Language,Text autocompletion,3.1e+21,335000000.0,33000000000.0,,,,,,2968.0,,,Open weights (unrestricted),Yes,Open source,Likely,
notable,MetNet,2020-03-24,Google,Google,Industry,United States of America,Earth science,Weather forecasting,9.510912e+18,225000000.0,7045120000.0,,,,235383.4758953672,256.0,345.0,Google TPU v3,Google TPU v3,Unreleased,No,Unreleased,Speculative,
notable,Agent57,2020-03-30,DeepMind,DeepMind,Industry,United Kingdom of Great Britain and Northern Ireland,Games,Atari,,,,,,,,,587.0,,,Unreleased,No,Unreleased,Unknown,
notable,CURL,2020-04-08,University of California (UC) Berkeley,University of California (UC) Berkeley,Academia,United States of America,Games,Atari,,907264.0,,,,,,,1280.0,,,Open weights (unrestricted),Yes,Open source,,
notable,Go-explore,2020-04-27,Uber AI,"Uber AI,OpenAI",Industry,United States of America,Games,Atari,,,40000000000.0,,,,,,436.0,,,Unreleased,No,Open (non-commercial),Unknown,
notable,Once for All,2020-04-29,MIT-IBM Watson AI Lab,"MIT-IBM Watson AI Lab,Massachusetts Institute of Technology (MIT),IBM",Industry-academia collaboration,United States of America,Vision,Image classification,6.237e+20,7700000.0,1280000.0,1753.9255676777682,,,,,1536.0,NVIDIA V100,NVIDIA V100,Open weights (unrestricted),Yes,Open source,Confident,
notable,UnifiedQA,2020-05-02,Allen Institute for AI,"Allen Institute for AI,University of Washington",Industry-academia collaboration,United States of America,Language,Question answering,1.65e+19,11000000000.0,,59.122086907352475,36.0,1.5,7349.34790019072,8.0,816.0,Google TPU v3,Google TPU v3,Open weights (unrestricted),Yes,Open source,Confident,
notable,NAS+ESS (23M),2020-05-06,Northeastern University (China),"Northeastern University (China),NiuTrans Research,Kingsoft",Industry-academia collaboration,China,Language,"Neural Architecture Search - NAS,Language modeling",,23000000.0,,,,,280.3988579029138,1.0,,NVIDIA GeForce GTX 1080 Ti,NVIDIA consumer / workstation GPU,Unreleased,No,Unreleased,Confident,
notable,ContextNet,2020-05-07,Google,Google,Industry,United States of America,Speech,Speech recognition (ASR),,112700000.0,349200000.0,,,,,,302.0,,,Unreleased,No,Unreleased,Likely,
notable,Conformer,2020-05-16,Google,Google,Industry,United States of America,Speech,Speech recognition (ASR),,118800000.0,,,,,,,4054.0,,,Unreleased,No,Unreleased,Confident,
notable,Retrieval-Augmented Generator,2020-05-22,Facebook,"Facebook,New York University (NYU),University College London (UCL)",Industry-academia collaboration,Multinational,Language,"Question answering,Retrieval-augmented generation",,626000000.0,3074560.0,,,,,,13907.0,NVIDIA Tesla V100 PCIe 32 GB,NVIDIA V100,Open weights (unrestricted),Yes,Unreleased,Confident,
notable,DETR,2020-05-26,Facebook,Facebook,Industry,United States of America,Vision,Object detection,4e+20,60000000.0,826000.0,959.9097627206426,,,,,18148.0,NVIDIA V100,NVIDIA V100,Open weights (unrestricted),Yes,Open source,Confident,
notable,GPT-3 175B (davinci),2020-05-28,OpenAI,OpenAI,Industry,United States of America,Language,"Text autocompletion,Language modeling/generation",3.14e+23,174600000000.0,238000000000.0,2116866.2428390156,355.2,14.799999999999999,5100759.605963441,10000.0,58240.0,NVIDIA Tesla V100 DGXS 32 GB,NVIDIA V100,API access,No,Unreleased,Confident,
notable,GShard (dense),2020-06-30,Google,Google,Industry,United States of America,Language,Translation,4.765e+22,2300000000.0,346666666667.0,266200.0315979732,1008.0,42.0,939481.3420790088,1024.0,1992.0,Google TPU v3,Google TPU v3,Unreleased,No,Open source,Confident,
notable,SemExp,2020-07-02,Carnegie Mellon University (CMU),"Carnegie Mellon University (CMU),Facebook AI Research",Industry-academia collaboration,Multinational,Robotics,Object detection,,,,,,,,,723.0,,,Open weights (unrestricted),Yes,Open source,Unknown,
notable,Hopfield Networks (2020),2020-07-16,Johannes Kepler University Linz,"Johannes Kepler University Linz,Institute of Advanced Research in Artificial Intelligence,University of Oslo",Academia,Multinational,Biology,"Drug discovery,Language modeling,Object recognition,Cancer diagnosis",,,,,,,,,634.0,,,Open weights (unrestricted),Yes,Unreleased,Unknown,
notable,EfficientDet,2020-07-27,Google Brain,Google Brain,Industry,United States of America,Vision,Object detection,,77000000.0,,,,,,,6849.0,,,Open weights (unrestricted),Yes,Open source,,
notable,DeLighT,2020-08-03,University of Washington,"University of Washington,Allen Institute for AI,Facebook AI Research",Industry-academia collaboration,Multinational,Language,"Language modeling,Translation",3.8016e+18,99000000.0,103000000.0,,30.0,1.25,4889.428515149248,8.0,98.0,NVIDIA V100,NVIDIA V100,Unreleased,No,Open source,Likely,
notable,ERNIE-GEN (large),2020-08-06,Baidu,Baidu,Industry,China,Language,"Language modeling,Language modeling/generation,Text summarization,Chat",2e+20,340000000.0,114666666666.66669,,,,,,133.0,,,Open weights (non-commercial),Yes,Open (non-commercial),Speculative,
notable,ProBERTa,2020-09-01,University of Illinois Urbana-Champaign (UIUC),"University of Illinois Urbana-Champaign (UIUC),Reed College",Academia,United States of America,Biology,"Proteins,Protein representation learning,Protein classification,Protein interaction prediction",9.72e+18,44000000.0,58320000.0,26.206992435694065,18.0,0.75,2443.135942042391,4.0,97.0,NVIDIA V100,NVIDIA V100,Open weights (non-commercial),Yes,Open (non-commercial),Confident,
notable,LUKE,2020-10-02,University of Washington,"University of Washington,National Institute of Informatics",Academia,Multinational,Language,"Question answering,Relation extraction,Named entity recognition (NER)",1.8144e+22,483000000.0,4666666667.0,4186.383565732907,720.0,30.0,9765.799615782104,16.0,766.0,NVIDIA V100,NVIDIA V100,Open weights (unrestricted),Yes,Open source,Likely,
notable,Conformer + Wav2vec 2.0 + Noisy Student,2020-10-20,Google,"Google,Google Research,Google Brain",Industry,United States of America,Speech,Speech recognition (ASR),7.6e+21,1000000000.0,,9449.541661137231,168.0,7.0,234285.25901630375,256.0,332.0,Google TPU v3,Google TPU v3,Unreleased,No,Unreleased,Confident,
notable,mT5-XXL,2020-10-20,Google,"Google,Google Research",Industry,United States of America,Language,"Language modeling,Translation,Language modeling/generation,Question answering",8.2e+22,13000000000.0,1000000000000.0,179442.0291399545,,,,,2892.0,,,Open weights (unrestricted),Yes,Open source,Confident,
notable,German ELECTRA Large,2020-10-21,deepset,"deepset,Bayerische Staatsbibliothek Muenchen",Industry-academia collaboration,Germany,Language,"Document classification,Named entity recognition (NER),Text classification",1.42829568e+21,335000000.0,36383733333.0,2392.2883349806307,168.0,7.0,58570.010422244966,64.0,333.0,Google TPU v3,Google TPU v3,Open weights (unrestricted),Yes,Unreleased,Confident,
notable,ViT-Base/32,2020-10-22,Google Brain,Google Brain,Industry,United States of America,Vision,Image representation,,86000000.0,303000000.0,,,,,,62651.0,,,Open weights (unrestricted),Yes,Open source,,
notable,ViT-Huge/14,2020-10-22,Google Brain,"Google Brain,Google Research",Industry,United States of America,Vision,Image representation,4.262e+21,632000000.0,303000000.0,6724.023241261178,,,,,62651.0,Google TPU v3,Google TPU v3,Open weights (unrestricted),Yes,Open source,Confident,
notable,wave2vec 2.0 LARGE,2020-10-22,Facebook,Facebook,Industry,United States of America,Speech,Speech completion,3.87072e+21,317000000.0,4598395200.0,5021.241075362514,,,,,8294.0,NVIDIA Tesla V100 DGXS 32 GB,NVIDIA V100,Open weights (unrestricted),Yes,Open source,Confident,
notable,KEPLER,2020-11-23,Tsinghua University,"Tsinghua University,Mila - Quebec AI (originally Montreal Institute for Learning Algorithms),HEC,CIFAR AI Research,Princeton University,University of Montreal / Université de Montréal",Industry-academia collaboration,Multinational,Language,Relation extraction,1.66e+21,125000000.0,3533640000.0,,,,,,819.0,,,Unreleased,No,Open source,Confident,
notable,AlphaFold 2,2020-11-30,DeepMind,DeepMind,Industry,United Kingdom of Great Britain and Northern Ireland,Biology,"Protein folding prediction,Proteins",2.99e+21,93000000.0,5724000000.0,3841.772612266474,264.0,11.0,,,31909.0,Google TPU v3,Google TPU v3,Open weights (unrestricted),Yes,Unreleased,Likely,
notable,CPM-Large,2020-12-01,Tsinghua University,"Tsinghua University,Beijing Academy of Artificial Intelligence / BAAI",Academia,China,Language,Language modeling,2.6052e+20,2600000000.0,16700000000.0,7340.099044719796,336.0,14.0,39011.038545758856,64.0,129.0,NVIDIA V100,NVIDIA V100,Open weights (unrestricted),Yes,Unreleased,Confident,
notable,ESM1b,2020-12-15,Facebook AI Research,"Facebook AI Research,New York University (NYU)",Industry-academia collaboration,Multinational,Biology,"Proteins,Protein or nucleotide language model (pLM/nLM)",5.1e+21,652400000.0,27750400000.0,924.3248891034536,,,77997.75584661258,128.0,2637.0,NVIDIA V100,NVIDIA V100,Open weights (unrestricted),Yes,Unreleased,Confident,
notable,VQGAN + CLIP,2020-12-17,Heidelberg University,Heidelberg University,Academia,Germany,Image generation,Text-to-image,,,251988480000.0,,,,,,4226.0,,,Open weights (unrestricted),Yes,Open source,Unknown,
notable,DensePhrases,2020-12-23,Korea University,"Korea University,Princeton University",Academia,Multinational,Language,Question answering,2.09952e+18,,58000000.0,,20.0,0.8333333333333334,4061.6594477324606,8.0,128.0,NVIDIA TITAN Xp,NVIDIA consumer / workstation GPU,Open weights (unrestricted),Yes,Open source,Speculative,
notable,CT-MoS (WT2),2020-12-25,Google,"Google,National Tsing Hua University",Industry-academia collaboration,Multinational,Language,Language modeling,5.4e+17,45000000.0,2000000.0,,,,2030.739275278243,4.0,36.0,NVIDIA GeForce GTX 1080 Ti,NVIDIA consumer / workstation GPU,Unreleased,No,Unreleased,Confident,
notable,ERNIE-Doc (247M),2020-12-31,Baidu,Baidu,Industry,China,Language,"Language modeling,Language modeling/generation",3.0302798e+19,247000000.00000003,103000000.0,,,,,,64.0,,,Open weights (unrestricted),Yes,Unreleased,Confident,
notable,CLIP (ResNet-50),2021-01-05,OpenAI,OpenAI,Industry,United States of America,Multimodal,"Zero-shot image classification,Character recognition (OCR),Video description",,88600000.0,400000000.0,,,,,,48743.0,,,Open weights (unrestricted),Yes,Unreleased,Likely,
notable,CLIP (ViT L/14@336px),2021-01-05,OpenAI,OpenAI,Industry,United States of America,Multimodal,"Zero-shot image classification,Character recognition (OCR),Video description",1.05e+22,370000000.0,400000000.0,24638.51841340951,288.0,12.0,155922.57638758916,256.0,48743.0,NVIDIA V100,NVIDIA V100,Open weights (unrestricted),Yes,Unreleased,Confident,
notable,DALL-E,2021-01-05,OpenAI,OpenAI,Industry,United States of America,Image generation,"Text-to-image,Image generation",4.7e+22,12000000000.0,320000000000.0,125818.6901,,,519741.92129196384,1024.0,6403.0,NVIDIA Tesla V100 DGXS 16 GB,NVIDIA V100,API access,No,Unreleased,Likely,
notable,BigSSL,2021-01-10,Google,"Google,Apple",Industry,United States of America,Speech,"Speech recognition (ASR),Audio classification",,8000000000.0,100530000000.0,,,,,,204.0,,,Unreleased,No,Unreleased,,
notable,Switch,2021-01-11,Google,Google,Industry,United States of America,Language,Text autocompletion,8.22e+22,1571000000000.0,86400000000.0,145100.89767585773,648.0,27.0,935410.4639575824,1024.0,3888.0,Google TPU v3,Google TPU v3,Open weights (unrestricted),Yes,Unreleased,Confident,
notable,DeiT-B,2021-01-15,Meta AI,"Meta AI,Sorbonne University",Industry-academia collaboration,Multinational,Vision,Image classification,7.884e+19,86000000.0,3840000.0,,53.0,2.2083333333333335,,,9077.0,NVIDIA V100,NVIDIA V100,Open weights (unrestricted),Yes,Open source,Confident,
notable,DLWP,2021-02-09,University of Washington,"University of Washington,Microsoft Research",Industry-academia collaboration,United States of America,Earth science,Weather forecasting,5.6845152e+18,2676376.0,,,168.0,7.0,278.6620974208019,1.0,,NVIDIA Tesla V100 DGXS 32 GB,NVIDIA V100,Unreleased,No,Unreleased,Confident,
notable,top-down frozen classifier,2021-02-09,University of Edinburgh,"University of Edinburgh,Toshiba Cambridge Research Laboratory",Industry-academia collaboration,United Kingdom of Great Britain and Northern Ireland,Speech,Speech recognition (ASR),,,3408000.0,,,,,,2.0,,,Unreleased,No,Unreleased,Unknown,
notable,MSA Transformer,2021-02-13,Facebook AI Research,"Facebook AI Research,University of California (UC) Berkeley,New York University (NYU)",Industry-academia collaboration,Multinational,Biology,"Proteins,Protein or nucleotide language model (pLM/nLM),Protein contact and distance prediction,Protein folding prediction",5.49e+21,100000000.0,1395000000000.0,13256.937301517895,,,16227.834954676886,32.0,644.0,NVIDIA Tesla V100 DGXS 32 GB,NVIDIA V100,Open weights (unrestricted),Yes,Unreleased,Likely,
notable,Rational DQN Average,2021-02-18,TU Darmstadt,TU Darmstadt,Academia,Germany,Games,Atari,,1683456.0,,,,,,,26.0,,,Unreleased,No,Open (non-commercial),,
notable,SRU++ Large,2021-02-24,ASAPP,ASAPP,Industry,United States of America,Language,Language modeling,2.1173704e+19,234000000.0,103000000.0,,,,,,54.0,NVIDIA V100,NVIDIA V100,Open weights (unrestricted),Yes,Open source,Confident,
notable,Meta Pseudo Labels,2021-03-01,Google Brain,"Google Brain,Google AI",Industry,United States of America,Vision,Image classification,4.79e+22,480000000.0,131280000.0,53844.28059190435,264.0,11.0,934390.3015161052,1024.0,766.0,Google TPU v3,Google TPU v3,Unreleased,No,Open source,Likely,
notable,Generative BST,2021-03-05,Facebook AI Research,Facebook AI Research,Industry,Multinational,Language,"Language modeling/generation,Chat,Question answering",1.449e+22,9431810048.0,56800000000.0,,,,,,1123.0,,,Open weights (unrestricted),Yes,Open source,Confident,
notable,M6-T,2021-03-05,Alibaba,Alibaba,Industry,China,Multimodal,"Chat,Image captioning",5.5e+21,1002700000000.0,111800000000.0,13156.86123531961,,,243309.1333554511,480.0,76.0,NVIDIA Tesla V100 DGXS 32 GB,NVIDIA V100,Unreleased,No,Unreleased,Likely,
notable,Unicorn,2021-03-24,Allen Institute for AI,Allen Institute for AI,Research collective,United States of America,Language,"Question answering,Language modeling/generation",,11000000000.0,,,3.0,0.125,,,,,,Open weights (unrestricted),Yes,Open source,Confident,
notable,PLUG,2021-04-19,Alibaba,Alibaba,Industry,China,Language,Language modeling/generation,3.5997696e+22,27000000000.0,60000000000.0,108672.69136370042,840.0,35.0,103707.91685199105,128.0,,NVIDIA A100,NVIDIA A100 / A800,Hosted access (no API),No,Unreleased,Confident,
notable,ProtBERT-BFD,2021-05-04,Technical University of Munich,"Technical University of Munich,NVIDIA,Seoul National University,Google,Oak Ridge National Laboratory,Med AI Technology",Industry-academia collaboration,Multinational,Biology,"Proteins,Protein or nucleotide language model (pLM/nLM)",3.9e+22,420000000.0,58950000000.0,45350.73595674403,,,933059.519872234,1024.0,,Google TPU v3,Google TPU v3,Open weights (unrestricted),Yes,Unreleased,Confident,
notable,ProtT5-XL-U50,2021-05-04,Technical University of Munich,"Technical University of Munich,Med AI Technology,NVIDIA,Oak Ridge National Laboratory,Google,Seoul National University",Industry-academia collaboration,Multinational,Biology,"Proteins,Protein or nucleotide language model (pLM/nLM),Protein contact and distance prediction",1.8704498688e+22,3000000000.0,19582371375.0,,,,,256.0,,,,Open weights (non-commercial),Yes,Unreleased,Confident,
notable,ADM,2021-05-11,OpenAI,OpenAI,Industry,United States of America,Image generation,"Image generation,Text-to-image",6.2e+21,559000000.0,130191200000000.0,11274.484326547095,,,,,11766.0,NVIDIA V100,NVIDIA V100,Open weights (non-commercial),Yes,Open source,Confident,
notable,MedBERT,2021-05-20,Peng Cheng Laboratory,"Peng Cheng Laboratory,University of Texas at Houston",Academia,Multinational,Medicine,"Medical diagnosis,Text classification,Prediction of hospital stay duration,Prediction of diabetic heart failure (DHF),Prediction of onset of pancreatic cancer (PaCa)",9.47e+18,17000000.0,14587212800.0,62.48645493610712,168.0,7.0,278.0422249147422,1.0,835.0,NVIDIA Tesla V100 DGXS 32 GB,NVIDIA V100,Unreleased,No,Open source,Likely,
notable,CogView,2021-05-26,Tsinghua University,"Tsinghua University,Alibaba DAMO Academy",Industry-academia collaboration,China,Image generation,"Text-to-image,Image generation",2.68e+22,4000000000.0,964800000000.0,60071.706664791694,,,259056.25043301377,512.0,979.0,NVIDIA Tesla V100 DGXS 16 GB,NVIDIA V100,Open weights (unrestricted),Yes,Open source,Likely,
notable,Transformer local-attention (NesT-B),2021-05-26,Google Cloud,"Google Cloud,Google Research",Industry,United States of America,Vision,"Image classification,Image generation",2.40576e+19,90100000.0,1280000.0,,,,,,5734.0,,,Open weights (unrestricted),Yes,Open source,Confident,
notable,ByT5-XXL,2021-05-28,Google,"Google,Google Research",Industry,United States of America,Language,Language modeling,8.1e+22,12900000000.0,1048576000000.0,92453.37635669748,,,,,688.0,Google TPU v3,Google TPU v3,Open weights (unrestricted),Yes,Open source,Likely,
notable,ViT-G/14,2021-06-08,Google Brain,"Google Brain,Google Research",Industry,United States of America,Vision,Image classification,5.85e+22,1843000000.0,3000000000.0,3847.8613922131217,,,1864665.1010174437,2048.0,1393.0,Google TPU v3,Google TPU v3,Unreleased,No,Open source,Confident,
notable,CoAtNet,2021-06-09,Google,"Google,Google Research,Google Brain",Industry,United States of America,Vision,Image classification,4.27e+22,2440000000.0,88779000000000.0,1887.1635925610951,,,,,1589.0,Google TPU v3,Google TPU v3,Unreleased,No,Unreleased,Confident,
notable,EMDR,2021-06-09,Mila - Quebec AI (originally Montreal Institute for Learning Algorithms),"Mila - Quebec AI (originally Montreal Institute for Learning Algorithms),McGill University,DeepMind",Industry-academia collaboration,Multinational,Language,Question answering,1.91e+21,440000000.0,171600000000.0,2773.312430781674,355.0,14.791666666666666,,,191.0,NVIDIA A100,NVIDIA A100 / A800,Open weights (unrestricted),Yes,Open source,Confident,
notable,DeBERTa,2021-06-10,Microsoft,Microsoft,Industry,United States of America,Language,"Language modeling/generation,Question answering",2.588e+22,1500000000.0,20800000000.0,6682.2289986716,720.0,30.0,155381.83775233384,256.0,3764.0,NVIDIA V100,NVIDIA V100,Open weights (unrestricted),Yes,Open source,Confident,
notable,ALIGN,2021-06-11,Google Research,Google Research,Industry,United States of America,Multimodal,"Representation learning,Image classification,Image representation",2.598670000001e+22,820000000.0,1800000000.0,32852.91660437908,347.3,14.470833333333333,466135.13260508416,512.0,5463.0,Google TPU v3,Google TPU v3,Unreleased,No,Unreleased,Confident,
notable,Denoising Diffusion Probabilistic Models (LSUN Bedroom),2021-06-11,University of California (UC) Berkeley,University of California (UC) Berkeley,Academia,United States of America,Vision,Image generation,7.840125000000001e+19,256000000.0,596320321536.0,436.308484475363,,,,,30642.0,Google TPU v3,Google TPU v3,Open weights (unrestricted),Yes,Open source,Confident,
notable,StyleGAN3-R,2021-06-21,NVIDIA,"NVIDIA,Aalto University",Industry-academia collaboration,Multinational,Image generation,Image generation,2.42784e+21,1580000.0,50000000.0,,2248.0,93.66666666666667,4854.493112492733,8.0,2031.0,NVIDIA V100,NVIDIA V100,Open weights (non-commercial),Yes,Open (non-commercial),Confident,
notable,StyleGAN3-T,2021-06-21,NVIDIA,"NVIDIA,Aalto University",Industry-academia collaboration,Multinational,Image generation,Image generation,1.70208e+21,2230000.0,50000000.0,,1576.0,65.66666666666667,4854.493112492733,8.0,2031.0,NVIDIA V100,NVIDIA V100,Open weights (non-commercial),Yes,Open (non-commercial),Confident,
notable,EfficientNetV2-XL,2021-06-23,Google,"Google,Google Brain",Industry,United States of America,Vision,"Image classification,Neural Architecture Search - NAS",9.56e+19,208000000.0,,104.34013401561587,45.0,1.875,14562.830712865913,16.0,4324.0,Google TPU v3,Google TPU v3,Open weights (unrestricted),Yes,Open source,Confident,
notable,Fold2Seq,2021-06-24,IBM,"IBM,Texas A&M",Industry-academia collaboration,United States of America,Biology,"Proteins,Protein generation,Protein inverse folding,Protein fold classification",1.4e+17,12427904.0,45995.0,,,,1213.542200949413,2.0,56.0,NVIDIA Tesla K80,NVIDIA datacenter (pre-Volta),Unreleased,No,Open source,Speculative,
notable,Adaptive Input Transformer + RD,2021-06-28,Microsoft Research Asia,"Microsoft Research Asia,Soochow University",Industry-academia collaboration,Multinational,Language,Language modeling,8.58e+19,247000000.00000003,103000000.0,,79.4,3.3083333333333336,4853.736425906205,8.0,538.0,NVIDIA V100,NVIDIA V100,Unreleased,No,Open source,Likely,
notable,ERNIE 3.0,2021-07-05,Baidu,Baidu,Industry,China,Language,"Language modeling,Language modeling/generation,Text classification,Question answering",2.25e+22,10000000000.0,375000000000.0,39104.26710360624,,,232943.03314881725,384.0,590.0,NVIDIA V100,NVIDIA V100,Open weights (unrestricted),Yes,Open source,Confident,
notable,Codex,2021-07-07,OpenAI,OpenAI,Industry,United States of America,Language,Code autocompletion,7.344e+22,12000000000.0,52788000000.0,,,,,,9577.0,,,API access,No,Unreleased,Likely,
notable,GOAT,2021-07-27,DeepMind,DeepMind,Industry,United Kingdom of Great Britain and Northern Ireland,Games,Open ended play,2.412e+22,3472816.0,798720000000000.0,84799.78517435073,,,,,228.0,Google TPU v3,Google TPU v3,Unreleased,No,Unreleased,Speculative,
notable,HuBERT,2021-07-27,Facebook AI Research,Facebook AI Research,Industry,Multinational,Speech,Speech recognition (ASR),5.54e+21,1000000000.0,864000000.0,,,,,,4518.0,,,Open weights (unrestricted),Yes,Open source,Speculative,
notable,SEER,2021-07-29,Facebook AI Research,"Facebook AI Research,INRIA",Industry-academia collaboration,Multinational,Vision,"Image embedding,Image classification",1.8e+22,1300000000.0,1000000000.0,34114.252463690456,195.5,8.145833333333334,310424.75538121304,512.0,301.0,NVIDIA V100,NVIDIA V100,Open weights (non-commercial),Yes,Open (non-commercial),Confident,
notable,6-Act Tether,2021-08-03,Facebook AI Research,"Facebook AI Research,Georgia Institute of Technology",Industry-academia collaboration,Multinational,Robotics,Object detection,,5000000.0,125000000.0,,,,,,140.0,,,Open weights (unrestricted),Yes,Open source,Confident,
notable,YOLOX-X,2021-08-06,Megvii Inc,Megvii Inc,Industry,China,Vision,Object detection,6.34275e+20,99100000.0,2500000.0,,,,4849.522759284234,8.0,5755.0,NVIDIA V100,NVIDIA V100,Open weights (unrestricted),Yes,Open source,Likely,
notable,W2v-BERT,2021-08-07,Google Brain,"Google Brain,Massachusetts Institute of Technology (MIT)",Industry-academia collaboration,United States of America,Speech,Speech recognition (ASR),,1000000000.0,,,,,,,534.0,,,Unreleased,No,Unreleased,Confident,
notable,Jurassic-1-Jumbo,2021-08-11,AI21 Labs,AI21 Labs,Industry,Israel,Language,"Language modeling/generation,Chat",3.7e+23,178000000000.0,300000000000.0,836700.050829598,,,,,55.0,NVIDIA A100,NVIDIA A100 / A800,API access,No,Unreleased,Confident,
notable,Zidong Taichu,2021-08-11,Chinese Academy of Sciences,"Chinese Academy of Sciences,Wuhan AI Computing Center",Industry-academia collaboration,China,Multimodal,"Language modeling/generation,Speech recognition (ASR),Image captioning",8.016e+20,3200000000.0,,,,,,,,,,Open weights (unrestricted),Yes,Unreleased,Confident,
notable,DNABERT,2021-08-15,Northeastern University,Northeastern University,Academia,United States of America,Biology,Protein or nucleotide language model (pLM/nLM),1.07e+20,110000000.0,1444128539.3656242,,600.0,25.0,,,958.0,NVIDIA GeForce RTX 2080 Ti 11GB,NVIDIA consumer / workstation GPU,Open weights (unrestricted),Yes,Open source,Confident,
notable,XLMR-XXL,2021-08-17,Facebook AI Research,Facebook AI Research,Industry,Multinational,Language,"Translation,Language modeling/generation",3.366e+22,10700000000.0,167000000000.0,,,,,,159.0,,,Open weights (unrestricted),Yes,Unreleased,Confident,
notable,FLAN 137B,2021-09-03,Google Research,Google Research,Industry,United States of America,Language,"Language modeling,Question answering,Language modeling/generation",2.047e+24,137000000000.0,2490000000000.0,,,,,,5011.0,Google TPU v3,Google TPU v3,Unreleased,No,Unreleased,Confident,
notable,MEB,2021-09-04,Microsoft,Microsoft,Industry,United States of America,Search,Search,,135000000000.0,500000000000.0,,,,,,26.0,,,Hosted access (no API),No,Unreleased,Confident,
notable,PermuteFormer,2021-09-06,Peking University,Peking University,Academia,China,Language,Language modeling,2.775e+18,149697024.0,103000000.0,,,,4846.17604411253,8.0,23.0,NVIDIA V100,NVIDIA V100,Unreleased,No,Open source,Speculative,
notable,HyperCLOVA 204B,2021-09-10,NAVER,NAVER,Industry,Korea (Republic of),Language,Language modeling/generation,2.0000000001e+23,204000000000.0,560000000000.0,441770.0038182093,,,,,92.0,NVIDIA A100,NVIDIA A100 / A800,Hosted access (no API),No,Unreleased,Speculative,
notable,PLATO-XL,2021-09-20,Baidu,Baidu,Industry,China,Language,Language modeling,9.9e+21,11000000000.0,150000000000.0,,,,155029.29220816068,256.0,69.0,NVIDIA V100,NVIDIA V100,Open weights (unrestricted),Yes,Unreleased,Confident,
notable,TrOCR,2021-09-21,Beihang University,"Beihang University,Microsoft Research Asia",Industry-academia collaboration,China,Vision,Character recognition (OCR),,558000000.0,,,,,19378.229980216885,32.0,616.0,NVIDIA V100,NVIDIA V100,Open weights (unrestricted),Yes,Open source,Confident,
notable,Turing ULRv5,2021-09-28,Microsoft,Microsoft,Industry,United States of America,Language,"Language modeling/generation,Question answering,Translation",2.8983951e+22,2200000000.0,,,336.0,14.0,206668.900572444,256.0,,NVIDIA A100,NVIDIA A100 / A800,Hosted access (no API),No,Unreleased,Confident,
notable,AlphaFold-Multimer,2021-10-04,Google DeepMind,"Google DeepMind,DeepMind",Industry,Multinational,Biology,"Protein folding prediction,Proteins",4.35e+21,,56573952.0,7966.2330131223,384.0,16.0,58117.86227766231,64.0,2694.0,Google TPU v3,Google TPU v3,Open weights (unrestricted),Yes,Unreleased,Confident,
notable,Megatron-Turing NLG 530B,2021-10-11,Microsoft,"Microsoft,NVIDIA",Industry,United States of America,Language,"Language modeling,Language modeling/generation,Question answering",8.586e+23,530000000000.0,270000000000.0,3848505.6256471737,770.0,32.083333333333336,3615658.868639838,4480.0,847.0,NVIDIA A100 SXM4 80 GB,NVIDIA A100 / A800,Unreleased,No,Unreleased,Confident,
notable,Yuan 1.0,2021-10-12,Inspur,Inspur,Industry,China,Language,Language modeling,3.5380000000001e+23,245730000000.0,180000000000.0,591664.5798708292,,,,2128.0,69.0,,,API access,No,Unreleased,Confident,
notable,base LM+GNN+kNN,2021-10-17,Shannon.AI,"Shannon.AI,Nanjing University,Nanyang Technological University,Zhejiang University (ZJU)",Industry-academia collaboration,Multinational,Language,Language modeling,5.2587456e+19,274000000.0,103000000.0,,,,,,46.0,,,Open weights (unrestricted),Yes,Open source,Confident,
notable,Eve,2021-10-27,Harvard Medical School,"Harvard Medical School,University of Oxford",Academia,Multinational,Biology,"Protein pathogenicity prediction,Proteins",,15010300.0,24167054120.0,,,,,,631.0,,,Unreleased,No,Open source,Likely,
notable,EfficientZero,2021-10-30,Tsinghua University,"Tsinghua University,University of California (UC) Berkeley,Shanghai Qi Zhi institute",Academia,Multinational,Games,Atari,,,100000.0,,,,,,324.0,,,Unreleased,No,Open source,Unknown,
notable,S4,2021-10-31,Stanford University,Stanford University,Academia,United States of America,Language,Language modeling/generation,7.8328627e+19,249000000.00000003,103000000.0,,,,6453.658675376135,8.0,3576.0,NVIDIA A100,NVIDIA A100 / A800,Open weights (unrestricted),Yes,Open source,Likely,
notable,CodeT5-base,2021-11-01,Salesforce,"Salesforce,Nanyang Technological University",Industry-academia collaboration,Multinational,Language,Code generation,1.56e+21,220000000.0,,3114.869094617447,288.0,12.0,,,1964.0,NVIDIA A100,NVIDIA A100 / A800,Open weights (unrestricted),Yes,Open source,Likely,
notable,Projected GAN,2021-11-01,Heidelberg University,Heidelberg University,Academia,Germany,Image generation,Image generation,1.05e+19,,3000000.0,,,,,,280.0,"NVIDIA V100,NVIDIA Quadro RTX 6000",NVIDIA V100,Open weights (unrestricted),Yes,Open source,Confident,
notable,Masked Autoencoders ViT-H,2021-11-11,Facebook AI Research,Facebook AI Research,Industry,Multinational,Vision,"Semantic segmentation,Image classification,Image generation",4.6e+20,632000000.0,,,69.0,2.875,,,11449.0,,,Open weights (non-commercial),Yes,Open (non-commercial),Speculative,
notable,ViT-G/14 (LiT),2021-11-15,Google Research,Google Research,Industry,United States of America,Vision,Image classification,,3005000000.0,1040000000000.0,,,,,,723.0,Google TPU v3,Google TPU v3,Unreleased,No,Open source,Confident,
notable,AliceMind-MMU,2021-11-17,Alibaba,Alibaba,Industry,China,,Image Understanding,,,12649000.0,,,,6451.215916135215,8.0,,NVIDIA A100,NVIDIA A100 / A800,Unreleased,No,,Likely,
notable,Swin Transformer V2 (SwinV2-G),2021-11-18,Microsoft Research Asia,Microsoft Research Asia,Industry,China,Vision,"Action recognition,Image classification",1.1e+21,3000000000.0,,2326.6636503781665,,,,,2736.0,NVIDIA A100 SXM4 40 GB,NVIDIA A100 / A800,Open weights (unrestricted),Yes,Open source,Confident,
notable,BASIC-L,2021-11-19,Google,Google,Industry,United States of America,Vision,Image classification,4.12e+22,3070000000.0,8905031712000.0,1684.770712126102,,,,,241.0,Google TPU v4,Google TPU v4,Unreleased,No,Unreleased,Likely,
notable,Florence,2021-11-22,Microsoft,Microsoft,Industry,United States of America,Vision,"Image captioning,Visual question answering,Image classification,Object detection",4.831e+22,893000000.0,7500000000.0,106950.61569328008,240.0,10.0,412831.8485448412,512.0,1122.0,NVIDIA A100 SXM4 40 GB,NVIDIA A100 / A800,Unreleased,No,Unreleased,Confident,
notable,NÜWA,2021-11-24,Microsoft Research,"Microsoft Research,Peking University",Industry-academia collaboration,Multinational,Multimodal,"Image generation,Video generation,Text-to-image,Text-to-video",7.24598784e+21,870000000.0,5547780000.0,,,,,,340.0,NVIDIA A100,NVIDIA A100 / A800,Unreleased,No,Unreleased,Confident,
notable,T-NLRv5 XXL,2021-12-03,Microsoft,Microsoft,Industry,United States of America,Language,,,5400000000.0,,,,,,,,,,Unreleased,No,Unreleased,Confident,
notable,Student of Games,2021-12-06,DeepMind,DeepMind,Industry,United Kingdom of Great Britain and Northern Ireland,Games,"Chess,Go,Poker",3.6679273004682862e+22,,245760000000.0,,,,,,32.0,,,Unreleased,No,Unreleased,Speculative,
notable,Gopher (280B),2021-12-08,DeepMind,DeepMind,Industry,United Kingdom of Great Britain and Northern Ireland,Language,"Language modeling,Question answering",6.31e+23,280000000000.0,300000000000.0,640616.8522346151,920.0,38.333333333333336,3714163.007906485,4096.0,1605.0,Google TPU v3,Google TPU v3,Unreleased,No,Unreleased,Confident,
notable,GLaM,2021-12-13,Google,Google,Industry,United States of America,Language,"Language modeling/generation,Question answering",3.6363112434e+23,1200000000000.0,600000000000.0,541437.4162400038,1366.0,56.916666666666664,701486.0111048243,1024.0,1198.0,Google TPU v4,Google TPU v4,Unreleased,No,Unreleased,Confident,
notable,LongT5,2021-12-15,Google Research,Google Research,Industry,United States of America,Language,Text summarization,,3000000000.0,524288000000.0,,,,116049.50214083788,128.0,400.0,Google TPU v3,Google TPU v3,Open weights (unrestricted),Yes,Open source,Confident,
notable,Contriever,2021-12-16,Meta AI,"Meta AI,University College London (UCL),PSL University,Université Grenoble Alpes",Industry-academia collaboration,Multinational,Language,Language modeling,1.57e+20,110000000.0,262144000000.0,,,,,,1477.0,,,Open weights (non-commercial),Yes,Open (non-commercial),Likely,
notable,LDM-1.45B,2021-12-20,Heidelberg University,"Heidelberg University,Runway",Industry-academia collaboration,Multinational,Image generation,"Image generation,Text-to-image",,1450000000.0,291985200000.0,,,,,,24523.0,NVIDIA A100,NVIDIA A100 / A800,Open weights (unrestricted),Yes,Open source,Confident,
notable,XGLM-7.5B,2021-12-20,Meta AI,"Meta AI,Facebook AI Research",Industry,Multinational,Language,"Translation,Question answering,Language modeling/generation",2.25e+22,7500000000.0,500000000000.0,104152.22590136188,504.0,21.0,206287.25531193183,256.0,381.0,NVIDIA A100,NVIDIA A100 / A800,Open weights (non-commercial),Yes,Unreleased,Confident,
notable,ERNIE 3.0 Titan,2021-12-23,Baidu,"Baidu,Peng Cheng Laboratory",Industry-academia collaboration,China,Language,"Language modeling,Language modeling/generation,Relation extraction,Sentiment classification,Text classification",1.0421e+24,260000000000.0,668000000000.0,,,,,1920.0,87.0,"NVIDIA Tesla V100 DGXS 32 GB,Huawei Ascend 910",NVIDIA V100,Hosted access (no API),No,Unreleased,Confident,
notable,ERNIE-ViLG,2021-12-31,Baidu,Baidu,Industry,China,Multimodal,"Vision-language generation,Image generation,Text-to-image,Image captioning,Language modeling/generation,Visual question answering",,10000000000.0,,,,,,,70.0,,,Unreleased,No,Unreleased,,
notable,Detic,2022-01-07,Meta AI,"Meta AI,University of Texas at Austin",Industry-academia collaboration,United States of America,Vision,"Object detection,Image classification",2.34399744e+19,88000000.0,,191.44581825616137,24.0,1.0,19331.67955389363,32.0,841.0,NVIDIA V100,NVIDIA V100,Open weights (unrestricted),Yes,Open source,Speculative,
notable,data2vec (language),2022-01-20,Meta AI,Meta AI,Industry,United States of America,Language,Language modeling/generation,,705134592.0,131072000000.0,,,,,,1021.0,,,Open weights (unrestricted),Yes,Open source,Likely,
notable,data2vec (speech),2022-01-20,Meta AI,Meta AI,Industry,United States of America,Speech,Speech recognition (ASR),,705134592.0,17510400.0,,,,,,1021.0,,,Open weights (unrestricted),Yes,Open source,,
notable,data2vec (vision),2022-01-20,Meta AI,Meta AI,Industry,United States of America,Vision,Image classification,,705134592.0,251108732.0,,,,,,1021.0,,,Open weights (unrestricted),Yes,Open source,,
notable,AbLang (heavy sequences),2022-01-22,University of Oxford,University of Oxford,Academia,United Kingdom of Great Britain and Northern Ireland,Biology,"Proteins,Antibody property prediction,Protein or nucleotide language model (pLM/nLM)",,355000000.0,,,,,,,176.0,,,Open weights (unrestricted),Yes,Unreleased,Confident,
notable,OntoProtein,2022-01-23,Zhejiang University (ZJU),Zhejiang University (ZJU),Academia,China,Biology,"Proteins,Protein or nucleotide language model (pLM/nLM),Protein interaction prediction,Protein function prediction,Protein representation learning",,420000000.0,2868520960.0,,,,,,,,,Open weights (unrestricted),Yes,Open source,Likely,
notable,InstructGPT 1.3B,2022-01-27,OpenAI,OpenAI,Industry,United States of America,Language,Language modeling/generation,,1300000000.0,,,,,,,20786.0,,,API access,No,Unreleased,Confident,
notable,InstructGPT 175B,2022-01-27,OpenAI,OpenAI,Industry,United States of America,Language,Language modeling/generation,3.19181e+23,175000000000.0,16969897.0,,,,,,20786.0,,,API access,No,Unreleased,Confident,
notable,InstructGPT 6B,2022-01-27,OpenAI,OpenAI,Industry,United States of America,Language,Language modeling/generation,,6000000000.0,,,,,,,20786.0,,,API access,No,Unreleased,Confident,
notable,AlphaCode,2022-02-02,DeepMind,DeepMind,Industry,United Kingdom of Great Britain and Northern Ireland,Language,Code generation,2.38010000000001e+23,41100000000.0,967000000000.0,,147.2,6.133333333333333,2566002.5357062262,3750.0,2162.0,Google TPU v4,Google TPU v4,Unreleased,No,Unreleased,Confident,
notable,RETRO-7B,2022-02-07,DeepMind,DeepMind,Industry,United Kingdom of Great Britain and Northern Ireland,Language,"Language modeling/generation,Language modeling",1.68e+22,7500000000.0,419430400000.0,,,,,,1665.0,,,Unreleased,No,Unreleased,Confident,
notable,MaskGIT (ImageNet),2022-02-08,Google Research,Google Research,Industry,United States of America,Image generation,"Image generation,Image-to-image",,227000000.0,,,,,,16.0,,,,,,,Confident,
notable,GPT-NeoX-20B,2022-02-09,EleutherAI,EleutherAI,Research collective,United States of America,Language,Language modeling/generation,9.31627008e+22,20000000000.0,341173367965.0,184272.80736002637,2160.0,90.0,77269.91251696396,96.0,998.0,NVIDIA A100 SXM4 40 GB,NVIDIA A100 / A800,Open weights (unrestricted),Yes,Open source,Confident,
notable,LaMDA,2022-02-10,Google,Google,Industry,United States of America,Language,Language modeling,3.55e+23,137000000000.0,2080000000000.0,229949.98625999544,1385.0,57.708333333333336,927218.301405043,1024.0,1863.0,Google TPU v3,Google TPU v3,Unreleased,No,Unreleased,Confident,
notable,ProteinBERT,2022-02-10,Hebrew University of Jerusalem,"Hebrew University of Jerusalem,Ben-Gurion University of the Negev,Deep Trading",Industry-academia collaboration,Multinational,Biology,"Proteins,Protein generation,Protein representation learning",6.5e+19,16000000.0,37598200000.0,,672.0,28.0,254.28806247515055,1.0,775.0,NVIDIA Quadro RTX 5000,NVIDIA consumer / workstation GPU,Open weights (unrestricted),Yes,Open source,Confident,
notable,Midjourney V1,2022-02-15,Midjourney,Midjourney,Industry,United States of America,Image generation,Image generation,,,,,,,,,,,,Hosted access (no API),No,Unreleased,Unknown,
notable,ST-MoE,2022-02-17,Google,"Google,Google Brain,Google Research",Industry,United States of America,Language,Language modeling/generation,2.9e+23,269000000000.0,1500000000000.0,,,,,,375.0,,,Unreleased,No,Open source,Likely,
notable,FourCastNet,2022-02-22,NVIDIA,"NVIDIA,NERSC, Lawrence Berkeley National Laboratory,University of Michigan,Rice University,California Institute of Technology,Purdue University",Industry-academia collaboration,United States of America,Earth science,Weather forecasting,3.4504704e+20,,,,16.0,0.6666666666666666,51498.36398258959,64.0,,NVIDIA A100,NVIDIA A100 / A800,Unreleased,No,Unreleased,Confident,
notable,PolyCoder,2022-02-26,Carnegie Mellon University (CMU),Carnegie Mellon University (CMU),Academia,United States of America,Language,Code generation,1.1e+21,2700000000.0,39300000000.0,,1000.0,41.666666666666664,,,860.0,NVIDIA Quadro RTX 8000,NVIDIA consumer / workstation GPU,Open weights (unrestricted),Yes,Unreleased,Likely,
notable,DeepNet,2022-03-01,Microsoft Research,Microsoft Research,Industry,United States of America,Language,"Language modeling,Translation,Language modeling/generation",,3200000000.0,272629760000.0,,,,,,244.0,,,Unreleased,No,Open source,Confident,
notable,Statement Curriculum Learning,2022-03-02,OpenAI,OpenAI,Industry,United States of America,Language,"Automated theorem proving,Language modeling/generation,Question answering,Mathematical reasoning",1.7901648e+22,774000000.0,372000000000.0,,,,,,161.0,NVIDIA A100,NVIDIA A100 / A800,API access,No,Unreleased,Likely,
notable,MegaSyn,2022-03-07,Collaborations Pharmaceuticals,Collaborations Pharmaceuticals,Industry,United States of America,Medicine,Drug discovery,,,,,,,,,148.0,,,Hosted access (no API),No,Unreleased,Unknown,
notable,ViT-G (model soup),2022-03-10,University of Washington,"University of Washington,Columbia University,Google,Meta AI,Tel Aviv University",Industry-academia collaboration,Multinational,Vision,Image classification,3.4e+21,1843000000.0,1752320000.0,,,,,,1499.0,,,Open weights (non-commercial),Yes,Unreleased,Confident,
notable,GPT-3.5 (davinci-002),2022-03-15,OpenAI,OpenAI,Industry,United States of America,Language,Language modeling,2.578e+24,,,4897551.634095244,,,,,,NVIDIA A100 SXM4 40 GB,NVIDIA A100 / A800,API access,No,Unreleased,Speculative,
notable,"Segatron-XL large, M=384 + HCP",2022-03-21,Microsoft Research,"Microsoft Research,University of Waterloo",Industry-academia collaboration,Multinational,Language,Language modeling,2.65e+19,256999999.99999997,103000000.0,,,,,,17.0,,,Unreleased,No,Open (non-commercial),Confident,
notable,Make-A-Scene,2022-03-24,Meta AI,Meta AI,Industry,United States of America,Image generation,"Image generation,Text-to-image",6.4172851e+21,4000000000.0,267386880000.0,,,,,,,,,Unreleased,No,Unreleased,Likely,
notable,Chinchilla,2022-03-29,DeepMind,DeepMind,Industry,United Kingdom of Great Britain and Northern Ireland,Language,Language modeling,5.76e+23,70000000000.0,1400000000000.0,,,,,,3188.0,"Google TPU v4,Google TPU v3",Google TPU v4,Unreleased,No,Unreleased,Confident,
notable,PaLM (540B),2022-04-04,Google Research,Google Research,Industry,United States of America,Language,"Language modeling,Code generation,Translation",2.5272e+24,540350000000.0,780000000000.0,3060364.5969860666,1536.0,64.0,4198431.396906301,6144.0,7999.0,Google TPU v4,Google TPU v4,Unreleased,No,Unreleased,Confident,
notable,DALL·E 2,2022-04-06,OpenAI,OpenAI,Industry,United States of America,Image generation,"Text-to-image,Image generation",3.3695784e+23,3500000000.0,167050000000.0,,,,,,8200.0,,,API access,No,Unreleased,Speculative,
notable,BERT-RBP,2022-04-07,Waseda University,Waseda University,Academia,Japan,Biology,"Proteins,Protein interaction prediction,RNA-Protein interaction prediction",1.4e+20,110000000.0,,,,,,,68.0,,,Open weights (non-commercial),Yes,Open (non-commercial),Confident,
notable,Stable Diffusion (LDM-KL-8-G),2022-04-13,Runway,"Runway,Ludwig Maximilian University of Munich,Heidelberg University",Industry-academia collaboration,Multinational,Image generation,"Image generation,Text-to-image",5e+22,1450000000.0,,111248.21698072633,585.9375,24.4140625,205764.21634205984,256.0,24523.0,NVIDIA A100,NVIDIA A100 / A800,Open weights (unrestricted),Yes,Open source,Confident,
notable,Sparse all-MLP,2022-04-14,Meta AI,Meta AI,Industry,United States of America,Language,Language modeling,5.32224e+20,9410000000.0,100000000000.0,,112.0,4.666666666666667,,,16.0,NVIDIA V100,NVIDIA V100,Unreleased,No,Unreleased,Confident,
notable,XMC-GAN,2022-04-14,Google Research,Google Research,Industry,United States of America,Image generation,"Image generation,Text-to-image",,,,,,,,,,,,Unreleased,No,Unreleased,Unknown,
notable,Flamingo,2022-04-29,DeepMind,DeepMind,Industry,United Kingdom of Great Britain and Northern Ireland,Multimodal,"Visual question answering,Image captioning",2.18972000000001e+23,80000000000.0,458333333333.0,183423.16330597224,360.0,15.0,1049023.659188776,1536.0,5793.0,Google TPU v4,Google TPU v4,Unreleased,No,Unreleased,Confident,
notable,OPT-175B,2022-05-02,Meta AI,Meta AI,Industry,United States of America,Language,"Language modeling,Chat,Language modeling/generation,Question answering",4.3e+23,175000000000.0,180000000000.0,733634.637,793.5,33.0625,822708.6888139298,1024.0,4716.0,NVIDIA A100 SXM4 80 GB,NVIDIA A100 / A800,Open weights (non-commercial),Yes,Open source,Confident,
notable,DeBERTaV3large + KEAR,2022-05-04,Microsoft,Microsoft,Industry,United States of America,Language,"Question answering,Language modeling/generation",,418000000.0,,,,,,,63.0,,,Unreleased,No,Open source,Confident,
notable,UL2,2022-05-10,Google Research,"Google Research,Google Brain",Industry,United States of America,Language,"Language modeling/generation,Question answering,Text summarization",1.2e+23,20000000000.0,1000000000000.0,126785.76203549476,744.0,31.0,349588.9061965891,512.0,387.0,Google TPU v4,Google TPU v4,Open weights (unrestricted),Yes,Unreleased,Confident,
notable,Gato,2022-05-12,DeepMind,DeepMind,Industry,United Kingdom of Great Britain and Northern Ireland,Multimodal,"Atari,Image captioning,Chat,Robotic manipulation",4.02e+21,1180000000.0,524288000000.0,3523.0649800752253,96.0,4.0,231335.2960762711,256.0,1064.0,Google TPU v3,Google TPU v3,Unreleased,No,Unreleased,Confident,
notable,SimCSE,2022-05-18,Princeton University,"Princeton University,Tsinghua University",Academia,Multinational,Language,Semantic embedding,,,27363505.0,,,,,,4419.0,,,Open weights (unrestricted),Yes,Open source,Likely,
notable,Imagen,2022-05-23,Google Brain,Google Brain,Industry,United States of America,Image generation,"Text-to-image,Image generation",1.46e+22,7762000000.0,,7915.823806150154,96.0,4.0,174743.8571090156,256.0,8259.0,Google TPU v4,Google TPU v4,API access,No,Unreleased,Likely,
notable,GPT-2 Medium (FlashAttention),2022-05-27,Stanford University,"Stanford University,University at Buffalo",Academia,United States of America,Language,Language modeling/generation,8.9280922e+20,355000000.0,10130000000.0,,165.6,6.8999999999999995,6423.834266872993,8.0,4295.0,NVIDIA A100 SXM4 40 GB,NVIDIA A100 / A800,Open weights (unrestricted),Yes,Open source,Confident,
notable,Tranception,2022-05-27,University of Oxford,"University of Oxford,Harvard Medical School,Cohere",Industry-academia collaboration,Multinational,Biology,"Proteins,Protein pathogenicity prediction",7.24e+21,700000000.0,48230400000.0,15247.43608848737,336.0,14.0,51390.67413498394,64.0,243.0,NVIDIA A100,NVIDIA A100 / A800,Open weights (unrestricted),Yes,Open source,Confident,
notable,CogVideo,2022-05-29,Tsinghua University,"Tsinghua University,Beijing Academy of Artificial Intelligence / BAAI",Academia,China,Video,"Video generation,Text-to-video",,9400000000.0,145000000000.0,,,,,,1058.0,,,Open weights (unrestricted),Yes,Open source,Speculative,
notable,Diffusion-GAN,2022-06-05,UT Austin,"UT Austin,Microsoft",Industry-academia collaboration,United States of America,Image generation,"Image generation,Text-to-image",,,,,,,,,327.0,NVIDIA V100,NVIDIA V100,Open weights (unrestricted),Yes,Open source,Unknown,
notable,DITTO,2022-06-06,Tsinghua University,"Tsinghua University,Apple,Westlake University,Chinese University of Hong Kong (CUHK)",Industry-academia collaboration,Multinational,Language,"Language modeling/generation,Text summarization",3.31776e+18,750000000.0,103000000.0,,,,4816.802908983849,8.0,109.0,NVIDIA V100,NVIDIA V100,Unreleased,No,Open source,Confident,
notable,MetaLM,2022-06-13,Microsoft Research,Microsoft Research,Industry,United States of America,Multimodal,"Language modeling,Visual question answering,Language modeling/generation,Image captioning",,,646707200000.0,,,,,,110.0,,,Unreleased,No,Unreleased,Speculative,
notable,CoCa,2022-06-14,Google Research,Google Research,Industry,United States of America,Vision,"Image classification,Visual question answering,Image captioning",7.3e+22,2100000000.0,1351680000000.0,78043.3756911775,120.0,5.0,1397266.1319117176,2048.0,1719.0,Google TPU v4,Google TPU v4,Unreleased,No,Unreleased,Confident,
notable,Parti,2022-06-22,Google Research,Google Research,Industry,United States of America,Image generation,"Text-to-image,Image generation",5.09607936e+23,20000000000.0,4718592000000.0,427178.712,,,,,1476.0,Google TPU v4,Google TPU v4,Unreleased,No,Unreleased,Confident,
notable,ProGen2-xlarge,2022-06-27,Salesforce Research,"Salesforce Research,Columbia University,Johns Hopkins University",Industry-academia collaboration,United States of America,Biology,"Proteins,Protein generation,Protein or nucleotide language model (pLM/nLM)",1.35e+22,6400000000.0,350000000000.0,11850.178410269727,,,,,507.0,Google TPU v3,Google TPU v3,Open weights (unrestricted),Yes,Unreleased,Confident,
notable,Minerva (540B),2022-06-29,Google,Google,Industry,United States of America,Language,"Quantitative reasoning,Mathematical reasoning,Language modeling/generation,Question answering",2.7415e+24,540350000000.0,26000000000.0,,696.0,29.0,698399.733142376,1024.0,1673.0,Google TPU v4,Google TPU v4,Unreleased,No,Unreleased,Confident,
notable,CodeT5-large,2022-07-05,Salesforce,Salesforce,Industry,United States of America,Language,Code generation,2.72e+21,770000000.0,10500000000.0,4478.145684414144,504.0,21.0,,,465.0,NVIDIA A100,NVIDIA A100 / A800,Open weights (unrestricted),Yes,Open source,Likely,
notable,NLLB,2022-07-06,Meta AI,Meta AI,Industry,United States of America,Language,Translation,1.751113728e+22,54500000000.0,300000000000.0,50667.25034038439,,,,,1569.0,NVIDIA A100 SXM4 80 GB,NVIDIA A100 / A800,Open weights (unrestricted),Yes,Open source,Confident,
notable,BLOOM-176B,2022-07-11,Hugging Face,"Hugging Face,BigScience",Industry-academia collaboration,Multinational,Language,"Language modeling,Translation,Code generation",3.65664e+23,176247271424.0,379000000000.0,995819.1171,2808.0,117.0,308035.2013244814,384.0,2917.0,NVIDIA A100 SXM4 80 GB,NVIDIA A100 / A800,Open weights (restricted use),Yes,Unreleased,Confident,
notable,ESM2-15B,2022-07-21,Meta AI,"Meta AI,New York University (NYU),Stanford University,Massachusetts Institute of Technology (MIT)",Industry-academia collaboration,United States of America,Biology,"Proteins,Protein or nucleotide language model (pLM/nLM),Protein folding prediction",7.35000000001e+22,15000000000.0,15360000000.0,163467.82019979745,1440.0,60.0,307966.61145938886,512.0,636.0,NVIDIA V100,NVIDIA V100,Open weights (unrestricted),Yes,Unreleased,Confident,
notable,OmegaPLM,2022-07-22,Massachusetts Institute of Technology (MIT),"Massachusetts Institute of Technology (MIT),Westlake University",Academia,Multinational,Biology,"Proteins,Protein folding prediction",1.03514112e+22,670000000.0,1258291200000.0,52400.32118528479,,,,,445.0,NVIDIA A100 SXM4 80 GB,NVIDIA A100 / A800,Unreleased,No,Unreleased,Confident,
notable,AlexaTM 20B,2022-08-02,Amazon,Amazon,Industry,United States of America,Language,"Language modeling,Translation,Question answering",2.04374016e+23,19750000000.0,1319000000000.0,267943.21130997164,2880.0,120.0,102628.10792703854,128.0,90.0,NVIDIA A100,NVIDIA A100 / A800,API access,No,Unreleased,Confident,
notable,GLM-130B,2022-08-04,Tsinghua University,Tsinghua University,Academia,China,Language,"Language modeling/generation,Translation",3.5490054945e+23,130000000000.0,152000000000.0,820296.6313095269,1440.0,60.0,615741.2226117075,768.0,1264.0,NVIDIA A100 SXM4 40 GB,NVIDIA A100 / A800,Open weights (non-commercial),Yes,Unreleased,Confident,
notable,BlenderBot 3,2022-08-10,McGill University,"McGill University,Meta AI,Mila - Quebec AI (originally Montreal Institute for Learning Algorithms)",Industry-academia collaboration,Multinational,Language,Chat,4.3e+23,175000000000.0,1300000000.0,,,,102609.82584809876,128.0,290.0,NVIDIA A100 SXM4 40 GB,NVIDIA A100 / A800,Open weights (non-commercial),Yes,Open source,Likely,
notable,BEIT-3,2022-08-22,Microsoft,Microsoft,Industry,United States of America,Multimodal,"Object detection,Semantic segmentation,Image classification,Visual question answering,Image captioning,Language generation",7e+19,1900000000.0,,,,,,,721.0,,,Open weights (unrestricted),Yes,Unreleased,Likely,
notable,PaLI,2022-09-14,Google,Google,Industry,United States of America,Multimodal,"Visual question answering,Language modeling/generation,Image captioning",1.69e+23,16900000000.0,143507000000.0,50878.10777366616,240.0,10.0,697203.184254025,1024.0,983.0,Google TPU v4,Google TPU v4,Unreleased,No,Unreleased,Likely,
notable,SauTech,2022-09-14,Saudi Data and Artificial Intelligence Authority,"Saudi Data and Artificial Intelligence Authority,Saudi Company for Artificial Intelligence",Industry-academia collaboration,Saudi Arabia,Speech,"Speech recognition (ASR),Speech-to-text",,,,,720.0,30.0,6408.117502334789,8.0,,NVIDIA A100,NVIDIA A100 / A800,Hosted access (no API),No,Unreleased,Unknown,
notable,Whisper,2022-09-21,OpenAI,OpenAI,Industry,United States of America,Speech,Speech recognition (ASR),4.2072663e+21,1550000000.0,12403200000.0,,,,,,7066.0,,,Open weights (unrestricted),Yes,Unreleased,Likely,
notable,Make-A-Video,2022-09-29,Meta AI,Meta AI,Industry,United States of America,Video,"Video generation,Text-to-video",,,,,,,,,2005.0,,,Hosted access (no API),No,Unreleased,Unknown,
notable,DiffDock,2022-10-04,Massachusetts Institute of Technology (MIT),Massachusetts Institute of Technology (MIT),Academia,United States of America,Biology,Proteins,7.2e+19,20240000.0,4352000.0,,432.0,18.0,,,731.0,NVIDIA RTX A6000,NVIDIA consumer / workstation GPU,Open weights (unrestricted),Yes,Open source,Likely,
notable,AlphaTensor,2022-10-05,DeepMind,DeepMind,Industry,United Kingdom of Great Britain and Northern Ireland,Other,,7.1414784e+20,,,,168.0,7.0,57646.09262932102,64.0,,Google TPU v3,Google TPU v3,Unreleased,No,Unreleased,Confident,
notable,Phenaki,2022-10-05,University College London (UCL),"University College London (UCL),University of Michigan,Google Brain",Industry-academia collaboration,Multinational,Video,"Video generation,Text-to-video",,1800000000.0,,,,,,,545.0,,,Unreleased,No,Unreleased,,
notable,Diplodocus,2022-10-11,Meta AI,"Meta AI,Massachusetts Institute of Technology (MIT)",Industry-academia collaboration,United States of America,Games,Diplomacy,,,,,,,,,65.0,,,Open weights (non-commercial),Yes,Open source,Unknown,
notable,GenSLM,2022-10-11,University of Chicago,"University of Chicago,NVIDIA,Harvard University,Cerebras Systems,Technical University of Munich,California Institute of Technology",Industry-academia collaboration,Multinational,Biology,Protein or nucleotide language model (pLM/nLM),1.42e+21,25000000000.0,225280000000.0,,,,,,114.0,,,Open weights (unrestricted),Yes,Open source,Confident,
notable,Flan-PaLM 540B,2022-10-20,Google,Google,Industry,United States of America,Language,"Language modeling/generation,Question answering,Mathematical reasoning",2.540000000001e+24,540000000000.0,1400000000.0,,37.0,1.5416666666666667,348322.23114529514,512.0,4129.0,Google TPU v4,Google TPU v4,Unreleased,No,Unreleased,Confident,
notable,LMSI-Palm,2022-10-20,Google,"Google,University of Illinois Urbana-Champaign (UIUC)",Industry-academia collaboration,United States of America,Language,"Language generation,Language modeling/generation,Question answering,Mathematical reasoning",,540000000000.0,1920000.0,,,,,,851.0,,,Unreleased,No,Unreleased,Confident,
notable,U-PaLM (540B),2022-10-20,Google,Google,Industry,United States of America,Language,"Language generation,Language modeling/generation,Question answering,Mathematical reasoning,Quantitative reasoning",2.53e+24,540000000000.0,1300000000.0,,120.0,5.0,348322.23114529514,512.0,76.0,Google TPU v4,Google TPU v4,Unreleased,No,Unreleased,Confident,
notable,EnCodec,2022-10-24,Meta AI,Meta AI,Industry,United States of America,Audio,Audio generation,,,,,,,,,1151.0,NVIDIA A100,NVIDIA A100 / A800,Open weights (non-commercial),Yes,Open source,Unknown,
notable,eDiff-I,2022-11-02,NVIDIA,NVIDIA,Industry,United States of America,Image generation,"Image generation,Text-to-image",5.46e+19,9100000000.0,1556275200000.0,,,,,,1046.0,NVIDIA A100,NVIDIA A100 / A800,Unreleased,No,Unreleased,Likely,
notable,Mogrifier RLSTM (WT2),2022-11-03,DeepMind,DeepMind,Industry,United Kingdom of Great Britain and Northern Ireland,Language,Language modeling,1.4e+17,35000000.0,2666667.0,,,,,,,,,Unreleased,No,Unreleased,Confident,
notable,mT0-13B,2022-11-03,Hugging Face,"Hugging Face,BigScience",Industry-academia collaboration,Multinational,Language,"Translation,Language modeling/generation",,13000000000.0,20000000000.0,,,,,,242.0,,,Open weights (unrestricted),Yes,Unreleased,Confident,
notable,InternImage,2022-11-10,Shanghai AI Lab,"Shanghai AI Lab,Tsinghua University,Nanjing University,SenseTime,Chinese University of Hong Kong (CUHK)",Industry-academia collaboration,Multinational,Vision,"Image classification,Object detection,Image segmentation",2.408e+21,1080000000.0,83692000000.0,,,,,,1087.0,,,Open weights (unrestricted),Yes,Open source,Confident,
notable,AltCLIP_M9,2022-11-12,Beijing Academy of Artificial Intelligence / BAAI,Beijing Academy of Artificial Intelligence / BAAI,Academia,China,Multimodal,"Language modeling/generation,Chat,Visual question answering,Image generation",,,,,,,,,113.0,,,Open weights (unrestricted),Yes,Open source,Unknown,
notable,EVA-01,2022-11-14,Beijing Academy of Artificial Intelligence / BAAI,"Beijing Academy of Artificial Intelligence / BAAI,Huazhong University of Science and Technology,Zhejiang University (ZJU),Beijing Institute of Technology",Academia,China,Vision,"Image classification,Object detection,Semantic segmentation,Video classification",1.501e+22,1011000000.0,7577600000.0,29374.46909439904,348.0,14.5,102390.69476171424,128.0,982.0,NVIDIA A100 SXM4 40 GB,NVIDIA A100 / A800,Open weights (unrestricted),Yes,Open source,Confident,
notable,Galactica,2022-11-16,Meta AI,Meta AI,Industry,United States of America,Language,"Language modeling,Question answering,Mathematical reasoning,Medical diagnosis,Language modeling/generation",3.24e+23,120000000000.0,106000000000.0,591076.8943544837,,,102386.13451047534,128.0,1017.0,NVIDIA A100 SXM4 80 GB,NVIDIA A100 / A800,Open weights (non-commercial),Yes,Unreleased,Likely,
notable,Fusion in Encoder,2022-11-18,Samsung,Samsung,Industry,Korea (Republic of),Language,"Question answering,Language modeling/generation",1.3e+20,330000000.0,960000.0,233.0630322095263,48.0,2.0,,,12.0,NVIDIA A100 SXM4 80 GB,NVIDIA A100 / A800,Unreleased,No,Unreleased,Likely,
notable,AR-LDM,2022-11-20,Alibaba,"Alibaba,University of Waterloo,Vector Institute",Industry-academia collaboration,Multinational,Image generation,Text-to-image,5.1e+20,1500000000.0,,745.8360575556148,194.0,8.083333333333334,,,86.0,NVIDIA A100,NVIDIA A100 / A800,Unreleased,No,Open (non-commercial),Confident,
notable,CICERO,2022-11-22,Meta AI,Meta AI,Industry,United States of America,Games,Diplomacy,,,,,,,,,459.0,,,Open weights (non-commercial),Yes,Open source,Unknown,
notable,ALM 1.0,2022-11-28,Beijing Academy of Artificial Intelligence / BAAI,Beijing Academy of Artificial Intelligence / BAAI,Academia,China,Language,Language modeling,,335000000.0,22696572400.0,,,,,,,,,Hosted access (no API),No,Unreleased,Speculative,
notable,DiT-XL/2 + Discriminator Guidance,2022-11-28,Korea Advanced Institute of Science and Technology (KAIST),"Korea Advanced Institute of Science and Technology (KAIST),NAVER",Industry-academia collaboration,Korea (Republic of),Image generation,"Image generation,Text-to-image",,,327978752.0,,,,,,110.0,NVIDIA A100,NVIDIA A100 / A800,Unreleased,No,Open (non-commercial),Unknown,
notable,Discriminator Guidance,2022-11-28,Korea Advanced Institute of Science and Technology (KAIST),"Korea Advanced Institute of Science and Technology (KAIST),NAVER",Industry-academia collaboration,Korea (Republic of),Image generation,Image generation,2.1570000001e+20,,327978752.0,337.8811363173893,481.0,20.041666666666668,,,110.0,NVIDIA A100 PCIe,NVIDIA A100 / A800,Open weights (non-commercial),Yes,Open (non-commercial),Confident,
notable,DeepNash,2022-12-01,DeepMind,DeepMind,Industry,United Kingdom of Great Britain and Northern Ireland,Games,Stratego,,,2109703680000.0,,,,,,245.0,,,Unreleased,No,Unreleased,Unknown,
notable,Vega v2,2022-12-04,Wuhan University,"Wuhan University,JD Explore Academy,Shanghai AI Lab,Nanyang Technological University,Washington University in St Louis,Chongqing University of Posts and Telecommunications,University of Sydney",Academia,Multinational,Language,"Language modeling,Question answering,Word sense disambiguation",7.76e+22,6000000000.0,6439999999.0,,720.0,30.0,255862.7534697245,320.0,42.0,NVIDIA A100,NVIDIA A100 / A800,Unreleased,No,Unreleased,Confident,
notable,TranceptEve,2022-12-10,University of Oxford,"University of Oxford,Harvard Medical School",Academia,Multinational,Biology,"Proteins,Protein pathogenicity prediction",,,,,,,,,,,,Unreleased,No,Unreleased,Unknown,
notable,RT-1,2022-12-13,Google,Google,Industry,United States of America,Robotics,Robotic manipulation,,35000000.0,,,,,,,2174.0,,,Open weights (unrestricted),Yes,Open source,Confident,
notable,CaLM,2022-12-19,University of Oxford,University of Oxford,Academia,United Kingdom of Great Britain and Northern Ireland,Biology,"Protein or nucleotide language model (pLM/nLM),Protein embedding,Protein property prediction,Protein localization prediction",2.9e+19,86000000.0,2523746560.0,,960.0,40.0,1278.886496016633,4.0,34.0,NVIDIA Quadro RTX 4000,NVIDIA consumer / workstation GPU,Unreleased,No,Open source,Likely,
notable,Hybrid H3-2.7B,2022-12-28,Stanford University,"Stanford University,University at Buffalo",Academia,United States of America,Language,"Language modeling/generation,Question answering",6.48e+21,2700000000.0,400000000000.0,,,,6393.151008587547,8.0,636.0,NVIDIA A100 SXM4 80 GB,NVIDIA A100 / A800,Open weights (unrestricted),Yes,Unreleased,Likely,
notable,VALL-E,2023-01-05,Microsoft,Microsoft,Industry,United States of America,Audio,"Speech synthesis,Text-to-speech (TTS)",1.01e+19,353000000.0,76800000000.0,11.40575196486363,,,,,1180.0,NVIDIA V100,NVIDIA V100,Unreleased,No,Unreleased,Speculative,
notable,DreamerV3,2023-01-10,DeepMind,"DeepMind,University of Toronto",Industry-academia collaboration,Multinational,Games,Open ended play,2.2032e+20,200000000.0,1600000000.0,,6528.0,272.0,9586.950671364422,16.0,1073.0,NVIDIA V100,NVIDIA V100,Unreleased,No,Open source,Likely,
notable,Nucleotide Transformer,2023-01-15,NVIDIA,"NVIDIA,Technical University of Munich,InstaDeep",Industry-academia collaboration,Multinational,Biology,"Protein or nucleotide language model (pLM/nLM),Nucleotide generation",8.08e+21,2500000000.0,300000000000.0,51064.70621394041,672.0,28.0,102249.42137571,128.0,22.0,NVIDIA A100,NVIDIA A100 / A800,Open weights (non-commercial),Yes,Unreleased,Likely,
notable,Ankh_large,2023-01-16,Technical University of Munich,"Technical University of Munich,Columbia University",Academia,Multinational,Biology,"Protein generation,Proteins,Protein or nucleotide language model (pLM/nLM),Protein contact and distance prediction,Protein classification,Protein localization prediction,Protein fold classification",6.5e+21,1900000000.0,14000000000.0,4802.398249072418,,,43455.036357563025,64.0,159.0,Google TPU v4,Google TPU v4,Open weights (non-commercial),Yes,Unreleased,Confident,
notable,MusicLM,2023-01-26,Google,Google,Industry,United States of America,Audio,Audio generation,,860000000.0,,,,,,,671.0,,,Unreleased,No,Unreleased,Confident,
notable,DDPM-IP (CelebA),2023-01-27,Utrecht University,Utrecht University,Academia,Netherlands,Image generation,"Image generation,Text-to-image",3.5e+20,295000000.0,831488000.0,390.4861317667304,120.0,5.0,,,102.0,NVIDIA V100,NVIDIA V100,Open weights (unrestricted),Yes,Open source,Likely,
notable,BLIP-2 (Q-Former),2023-01-30,Salesforce Research,Salesforce Research,Industry,United States of America,Vision,"Visual question answering,Image captioning",1.20000000001e+21,1480000000.0,2322000000.0,1960.8225382725811,200.0,8.333333333333334,12776.908953102382,16.0,8019.0,NVIDIA A100 SXM4 40 GB,NVIDIA A100 / A800,Open weights (unrestricted),Yes,Open source,Confident,
notable,Gen-1,2023-02-06,Runway,Runway,Industry,United States of America,Video,"Video generation,Text-to-video",,,,,,,,,734.0,,,API access,No,Unreleased,Unknown,
notable,ProteinDT,2023-02-09,University of California (UC) Berkeley,"University of California (UC) Berkeley,California Institute of Technology,University of Toronto,University of Wisconsin Madison,Texas A&M,NVIDIA,Mila - Quebec AI (originally Montreal Institute for Learning Algorithms)",Industry-academia collaboration,Multinational,Biology,"Proteins,Protein representation learning,Protein generation,Protein design",,,132303900.0,,,,,,,,,Open weights (unrestricted),Yes,Open source,Likely,
notable,ViT-22B,2023-02-10,Google,Google,Industry,United States of America,Vision,"Object detection,Image classification",1.93248e+23,21743000000.0,4000000000.0,285555.57016183576,347.4,14.475,694893.6029178143,1024.0,862.0,Google TPU v4,Google TPU v4,Unreleased,No,Unreleased,Confident,
notable,BASIC-L + Lion,2023-02-13,Google,"Google,University of California Los Angeles (UCLA)",Industry-academia collaboration,United States of America,Vision,Image classification,,3070000000.0,,,,,,,626.0,,,Unreleased,No,Open source,Confident,
notable,LLaMA-65B,2023-02-24,Meta AI,Meta AI,Industry,United States of America,Language,"Language modeling,Code generation",5.5e+23,65200000000.0,1400000000000.0,578026.3043,500.0,20.833333333333332,1634534.091472035,2048.0,19926.0,NVIDIA A100,NVIDIA A100 / A800,Open weights (non-commercial),Yes,Unreleased,Confident,
notable,DiT-XL/2,2023-03-02,New York University (NYU),"New York University (NYU),University of California (UC) Berkeley",Academia,United States of America,Image generation,Image generation,6e+20,675000000.0,,111048.19613085664,,,,,5753.0,Google TPU v3,Google TPU v3,Open weights (non-commercial),Yes,Open (non-commercial),Confident,
notable,AudioGen,2023-03-05,Meta AI,"Meta AI,Hebrew University of Jerusalem",Industry-academia collaboration,Multinational,Audio,Audio generation,9.5e+21,1000000000.0,230400000000.0,9429.74091062958,168.0,7.0,,,436.0,NVIDIA A100,NVIDIA A100 / A800,Open weights (non-commercial),Yes,Open source,Likely,
notable,PaLM-E,2023-03-06,Google,"Google,TU Berlin",Industry-academia collaboration,Multinational,Robotics,"Visual question answering,Robotic manipulation,Image captioning,Language generation",,562000000000.0,,,,,,,2645.0,,,Unreleased,No,Unreleased,Likely,
notable,Claude,2023-03-14,Anthropic,Anthropic,Industry,United States of America,Language,"Language modeling,Chat,Language modeling/generation,Question answering",,,,,,,,,,,,API access,No,Unreleased,Unknown,
notable,Falcon-40B,2023-03-15,Technology Innovation Institute,Technology Innovation Institute,Government,United Arab Emirates,Language,"Language modeling,Language modeling/generation,Question answering",2.4e+23,40000000000.0,1000000000000.0,319783.157242365,1440.0,60.0,306345.49441527214,384.0,,NVIDIA A100,NVIDIA A100 / A800,Open weights (unrestricted),Yes,Unreleased,Confident,
notable,GPT-4 (Mar 2023),2023-03-15,OpenAI,OpenAI,Industry,United States of America,Multimodal,"Language modeling,Language modeling/generation,Question answering,Visual question answering",2.1e+25,1800000000000.0,5416666666666.667,37334304.976625234,2280.0,95.0,19944368.12599428,25000.0,24490.0,NVIDIA A100 SXM4 40 GB,NVIDIA A100 / A800,API access,No,Unreleased,Likely,
notable,LEP-AD,2023-03-15,King Abdullah University of Science and Technology (KAUST),"King Abdullah University of Science and Technology (KAUST),Karolinska Institute",Academia,Multinational,Biology,"Proteins,Protein interaction prediction,Drug discovery,Protein-ligand binding affinity prediction",,3007381000.0,1244420.0,,,,,,1.0,,,Unreleased,No,Open (non-commercial),Confident,
notable,Gen-2,2023-03-20,Runway,Runway,Industry,United States of America,Video,"Video generation,Text-to-video,Image-to-video,Video-to-video",,,,,,,,,,,,API access,No,Unreleased,Unknown,
notable,PanGu-Σ,2023-03-20,Huawei Noah's Ark Lab,Huawei Noah's Ark Lab,Industry,China,Language,"Code generation,Language modeling,Translation,Question answering",4.67e+23,1085000000000.0,329000000000.0,,2400.0,100.0,316521.76523003745,512.0,78.0,Huawei Ascend 910,Huawei Ascend,Unreleased,No,Unreleased,Confident,
notable,Firefly,2023-03-21,Adobe,Adobe,Industry,United States of America,Image generation,"Image generation,Text-to-image",,,,,,,,,,,,Hosted access (no API),No,Unreleased,Unknown,
notable,SigLIP 400M,2023-03-27,Google DeepMind,Google DeepMind,Industry,United States of America,Vision,"Image classification,Image embedding",4.9467301e+21,400000000.0,6705000000000.0,,120.0,5.0,21693.674492506372,32.0,,Google TPU v4,Google TPU v4,Open weights (unrestricted),Yes,Unreleased,Confident,
notable,VideoMAE V2,2023-03-29,Nanjing University,"Nanjing University,Shenzhen Institute of Advanced Technology,Shanghai AI Lab",Academia,China,Video,Action recognition,9.7e+21,1000000000.0,1243350000.0,18339.96928068276,336.0,14.0,51041.66660009344,64.0,664.0,NVIDIA A100 SXM4 80 GB,NVIDIA A100 / A800,Open weights (unrestricted),Yes,Open source,Confident,
notable,BloombergGPT,2023-03-30,Bloomberg,"Bloomberg,Johns Hopkins University",Industry-academia collaboration,United States of America,Language,"Language modeling,Language modeling/generation,Question answering,Financial management,Text classification",2.36e+23,50558868480.0,569000000000.0,369586.1352802876,1270.0,52.916666666666664,408324.2395754059,512.0,1299.0,NVIDIA A100,NVIDIA A100 / A800,Unreleased,No,Unreleased,Confident,
notable,Segment Anything Model,2023-04-05,Meta AI,Meta AI,Industry,United States of America,Vision,Image segmentation,7.8e+21,636000000.0,1100000000.0,15888.411228475235,68.0,2.8333333333333335,204134.84223782964,256.0,13486.0,NVIDIA A100,NVIDIA A100 / A800,Open weights (unrestricted),Yes,Unreleased,Confident,
notable,Incoder-6.7B,2023-04-09,Facebook AI Research,"Facebook AI Research,University of Washington,University of California (UC) Berkeley,Carnegie Mellon University (CMU),Toyota Technological Institute at Chicago",Industry-academia collaboration,Multinational,Language,Code generation,3.00001e+21,6700000000.0,52000000000.0,3129.0771365574788,576.0,24.0,,,864.0,NVIDIA V100,NVIDIA V100,Open weights (non-commercial),Yes,Unreleased,Confident,
notable,DINOv2,2023-04-14,Facebook AI Research,"Facebook AI Research,INRIA",Industry-academia collaboration,Multinational,Vision,"Image representation,Image classification",7.41851136e+21,1140000000.0,36380002816.0,10203.60518105836,,,,,8133.0,NVIDIA A100 SXM4 40 GB,NVIDIA A100 / A800,Open weights (unrestricted),Yes,Open source,Confident,
notable,LLaVA,2023-04-17,University of Wisconsin Madison,"University of Wisconsin Madison,Microsoft Research,Columbia University",Industry-academia collaboration,United States of America,Multimodal,"Chat,Question answering,Visual question answering",7.8049e+22,13000000000.0,,42.46267260692187,10.0,0.4166666666666667,6377.509314719864,8.0,9391.0,NVIDIA A100,NVIDIA A100 / A800,Open weights (unrestricted),Yes,Open source,Confident,
notable,Agile Soccer Robot,2023-04-26,Google DeepMind,Google DeepMind,Industry,United States of America,Robotics,"Animal (human/non-human) imitation,Sports",,,3140000000.0,,240.0,10.0,,,262.0,,,Unreleased,No,Unreleased,Unknown,
notable,ImageBind,2023-05-09,Meta AI,Meta AI,Industry,United States of America,Multimodal,"Image classification,Speech recognition (ASR),Image generation,Language modeling/generation",,932000000.0,,,,,,,1515.0,"NVIDIA V100,NVIDIA A100",NVIDIA A100 / A800,Open weights (non-commercial),Yes,Open (non-commercial),Likely,
notable,StarCoder,2023-05-09,Hugging Face,"Hugging Face,ServiceNow,Northeastern University,Mila - Quebec AI (originally Montreal Institute for Learning Algorithms),Carnegie Mellon University (CMU),Johns Hopkins University,Leipzig University,ScaDS.AI,Queen Mary University of London,Roblox,Sea AI Lab,Technion - Israel Institute of Technology,Monash University,CSIRO,Data61,McGill University,Saama,University of British Columbia (UBC),Massachusetts Institute of Technology (MIT),Technical University of Munich,IBM,University of Vermont,UnfoldML,SAP,University of Notre Dame,Columbia University,New York University (NYU),University of Allahabad,Discover Dollar,Toloka,Telefonica,Stanford University,Weizmann Institute of Science,Alan Turing Institute,Wellesley College,EleutherAI,Forschungszentrum Julich",Industry-academia collaboration,Multinational,Language,Code generation,8.46e+22,15500000000.0,203750000000.0,212217.65075330864,625.5,26.0625,407960.6765621668,512.0,1181.0,NVIDIA A100 SXM4 80 GB,NVIDIA A100 / A800,Open weights (restricted use),Yes,Unreleased,Confident,
notable,PaLM 2,2023-05-10,Google,Google,Industry,United States of America,Language,"Language modeling,Language modeling/generation",7.34e+24,340000000000.0,3600000000000.0,5014266.983518871,,,,,1734.0,Google TPU v4,Google TPU v4,API access,No,Unreleased,Likely,
notable,InstructBLIP,2023-05-11,Salesforce Research,"Salesforce Research,Hong Kong University of Science and Technology (HKUST),Nanyang Technological University",Industry-academia collaboration,Multinational,Multimodal,"Visual question answering,Chat",1.94e+20,13000000000.0,,,36.0,1.5,12748.20334097663,16.0,3418.0,NVIDIA A100 SXM4 40 GB,NVIDIA A100 / A800,Open weights (non-commercial),Yes,Open (non-commercial),Confident,
notable,Med-PaLM 2,2023-05-16,Google Research,"Google Research,DeepMind",Industry,Multinational,Medicine,Question answering,,340000000000.0,16020450.0,,,,,,,,,Unreleased,No,Unreleased,Likely,
notable,CoEdiT-xxl,2023-05-17,University of Minnesota,"University of Minnesota,Grammarly",Industry-academia collaboration,United States of America,Language,Language generation,,11000000000.0,1093333.3333333333,,,,,,79.0,NVIDIA A100,NVIDIA A100 / A800,Open weights (non-commercial),Yes,Open (non-commercial),Likely,
notable,ONE-PEACE,2023-05-18,Alibaba,"Alibaba,Huazhong University of Science and Technology",Industry-academia collaboration,China,Multimodal,"Image classification,Speech recognition (ASR),Audio question answering,Audio classification,Semantic segmentation",1.8e+20,4000000000.0,490617000000.0,,,,,,160.0,,,Open weights (unrestricted),Yes,Open source,Speculative,
notable,CodeT5+,2023-05-20,Salesforce,Salesforce,Industry,United States of America,Language,"Code generation,Code autocompletion",,16000000000.0,51500000000.0,,,,,,699.0,NVIDIA A100,NVIDIA A100 / A800,Open weights (unrestricted),Yes,Open source,Confident,
notable,Goat-7B,2023-05-23,National University of Singapore,National University of Singapore,Academia,Singapore,Language,Quantitative reasoning,,7000000000.0,43700000.0,,,,,,107.0,NVIDIA A10 PCIe,NVIDIA A10 PCIe,Open weights (non-commercial),Yes,Open (non-commercial),Speculative,
notable,DPO on Pythia-2.8B,2023-05-29,Stanford University,"Stanford University,CZ Biohub Network",Academia,United States of America,Language,"Language modeling/generation,Question answering",,2800000000.0,,,,,,,,,,Unreleased,No,Open source,Confident,
notable,PaLI-X,2023-05-29,Google Research,Google Research,Industry,United States of America,Multimodal,"Image captioning,Video description,Character recognition (OCR),Visual question answering",5.6e+23,55000000000.0,,,,,,,282.0,,,Unreleased,No,Unreleased,Likely,
notable,LTM-1,2023-06-06,Magic,Magic,Industry,United States of America,Language,Code generation,,,,,,,,,,,,Unreleased,No,Unreleased,Unknown,
notable,MusicGen,2023-06-08,Meta AI,Meta AI,Industry,United States of America,Audio,Audio generation,,3359000000.0,14284800000000.0,,,,,,665.0,,,Open weights (non-commercial),Yes,Open source,Likely,
notable,GPT-3.5 Turbo,2023-06-13,OpenAI,OpenAI,Industry,United States of America,Language,"Language modeling/generation,Question answering,Chat",,20000000000.0,,,,,,,,,,API access,No,Unreleased,Likely,
notable,GPT-4 (Jun 2023),2023-06-13,OpenAI,OpenAI,Industry,United States of America,Multimodal,"Language modeling,Language modeling/generation,Question answering,Visual question answering",2.1e+25,1800000000000.0,5416666666666.667,,2280.0,95.0,19904434.788947295,25000.0,24490.0,NVIDIA A100 SXM4 40 GB,NVIDIA A100 / A800,API access,No,Unreleased,Likely,
notable,ERNIE 3.5,2023-06-27,Baidu,Baidu,Industry,China,Language,"Language modeling,Language modeling/generation",,,,,,,,,,,,Hosted access (no API),No,Unreleased,Unknown,
notable,HyenaDNA,2023-06-27,Stanford University,"Stanford University,Harvard University,Mila - Quebec AI (originally Montreal Institute for Learning Algorithms),University of Montreal / Université de Montréal",Academia,Multinational,Biology,Protein or nucleotide language model (pLM/nLM),1.811e+21,6600000.0,2945000000.0,5000.0,672.0,28.0,6367.433640556241,8.0,477.0,NVIDIA A100,NVIDIA A100 / A800,Open weights (restricted use),Yes,Open source,Confident,
notable,Stable Diffusion XL (SDXL),2023-07-04,Stability AI,Stability AI,Industry,United Kingdom of Great Britain and Northern Ireland,Image generation,"Image generation,Text-to-image",,3400000000.0,,,,,,,4666.0,,,Open weights (non-commercial),Yes,Unreleased,Speculative,
notable,Pangu-Weather,2023-07-05,Huawei,Huawei,Industry,China,Earth science,Weather forecasting,3.98e+22,256000000.0,24457821696000.0,51279.01751905432,1536.0,64.0,114593.38832967015,192.0,197.0,NVIDIA V100,NVIDIA V100,Open weights (non-commercial),Yes,Unreleased,Confident,
notable,InternLM,2023-07-06,Shanghai AI Lab,"Shanghai AI Lab,SenseTime",Industry-academia collaboration,Multinational,Language,Language modeling,9.984e+23,104000000000.0,1600000000000.0,1505257.378,,,,,,NVIDIA A100 SXM4 80 GB,NVIDIA A100 / A800,Unreleased,No,Unreleased,Confident,
notable,xTrimoPGLM -100B,2023-07-06,Tsinghua University,"Tsinghua University,BioMap Research",Industry-academia collaboration,China,Biology,"Proteins,Protein or nucleotide language model (pLM/nLM),Protein generation",6.2e+23,100000000000.0,275000000000.0,1823415.258,3912.0,163.0,611151.12765533,768.0,135.0,NVIDIA A100 SXM4 40 GB,NVIDIA A100 / A800,Unreleased,No,Unreleased,Confident,
notable,Claude 2,2023-07-11,Anthropic,Anthropic,Industry,United States of America,Language,"Language modeling,Chat,Language modeling/generation,Question answering",3.866e+24,,,4902644.123383027,,,,,,,,API access,No,Unreleased,Speculative,
notable,GPT3-2.7B (FlashAttention-2),2023-07-18,Stanford University,"Stanford University,Princeton University",Academia,United States of America,Language,Language modeling/generation,,2700000000.0,,,,,6364.456563115679,8.0,2682.0,NVIDIA A100 SXM4 80 GB,NVIDIA A100 / A800,Unreleased,No,,Confident,
notable,Llama 2-70B,2023-07-18,Meta AI,Meta AI,Industry,United States of America,Language,"Language modeling,Language modeling/generation,Question answering",8.1e+23,70000000000.0,2000000000000.0,1102561.194,1728.0,72.0,795557.0703894598,1000.0,16911.0,NVIDIA A100 SXM4 80 GB,NVIDIA A100 / A800,Open weights (restricted use),Yes,Unreleased,Confident,
notable,Llama 2-7B,2023-07-18,Meta AI,Meta AI,Industry,United States of America,Language,Language modeling,8.4e+22,7000000000.0,2000000000000.0,114259.38527188863,,,,,16911.0,NVIDIA A100 SXM4 80 GB,NVIDIA A100 / A800,Open weights (restricted use),Yes,Unreleased,Confident,
notable,AudioLM,2023-07-26,Google Research,Google Research,Industry,United States of America,Audio,Audio generation,3.9e+18,1500000000.0,135000000000.0,,,,,,917.0,Google TPU v4,Google TPU v4,Unreleased,No,Unreleased,Speculative,
notable,RT-2,2023-07-28,Google DeepMind,Google DeepMind,Industry,United States of America,Robotics,Robotic manipulation,,55000000000.0,,,,,,,3009.0,,,Unreleased,No,Unreleased,Confident,
notable,GGNN,2023-08-05,Westlake University,"Westlake University,Tsinghua University,Toyota Technological Institute at Chicago",Academia,Multinational,Biology,"Proteins,Protein interaction prediction,Protein protein binding affinity prediction,Protein representation learning",7.56e+21,,,,,,1590.4764725839211,2.0,43.0,NVIDIA A100 SXM4 80 GB,NVIDIA A100 / A800,Unreleased,No,Open source,Confident,
notable,Qwen-VL,2023-08-24,Alibaba,Alibaba,Industry,China,Multimodal,"Image captioning,Chat,Question answering,Visual question answering",,9600000000.0,500000000000.0,,,,,,1998.0,,,Open weights (restricted use),Yes,Unreleased,Likely,
notable,PeptideBERT,2023-08-28,Carnegie Mellon University (CMU),Carnegie Mellon University (CMU),Academia,United States of America,Biology,"Proteins,Protein property prediction",4.9e+16,,4160566.0,,4.067,0.16945833333333335,272.95021398005304,1.0,,NVIDIA GeForce GTX 1080 Ti,NVIDIA consumer / workstation GPU,Open weights (unrestricted),Yes,Open source,Confident,
notable,Jais,2023-08-29,Cerebras Systems,"Cerebras Systems,Mohamed bin Zayed University of Artificial Intelligence (MBZUAI),Inception G42",Industry-academia collaboration,Multinational,Language,"Language modeling,Chat,Translation,Language modeling/generation,Question answering",4.8946763e+22,13000000000.0,395000000000.0,,600.0,25.0,,16.0,74.0,Cerebras CS-2,Cerebras CS-2,Open weights (unrestricted),Yes,Unreleased,Confident,
notable,Swift,2023-08-30,Intel Labs,Intel Labs,Industry,United States of America,Robotics,Helicopter driving,5.337e+16,56804.0,120000000.0,,0.833,0.034708333333333334,382.113280348051,1.0,101.0,NVIDIA GeForce RTX 3090,NVIDIA consumer / workstation GPU,Unreleased,No,Unreleased,Likely,
notable,Falcon-180B,2023-09-06,Technology Innovation Institute,Technology Innovation Institute,Government,United Arab Emirates,Language,"Language modeling,Language modeling/generation,Question answering",3.76e+24,180000000000.0,3500000000000.0,10743500.868805485,4320.0,180.0,3254975.4289709153,4096.0,691.0,NVIDIA A100 SXM4 40 GB,NVIDIA A100 / A800,Open weights (restricted use),Yes,Unreleased,Confident,
notable,Robot Parkour,2023-09-12,Shanghai Qi Zhi institute,"Shanghai Qi Zhi institute,Stanford University,Carnegie Mellon University (CMU),Tsinghua University",Academia,Multinational,Robotics,Animal (human/non-human) imitation,,500000.0,,,,,,,274.0,NVIDIA GeForce RTX 3090,NVIDIA consumer / workstation GPU,Unreleased,No,Open source,Confident,
notable,AlphaMissense,2023-09-22,Google DeepMind,Google DeepMind,Industry,United States of America,Biology,"Protein pathogenicity prediction,Protein folding prediction,Proteins",,93000000.0,2304000000.0,,,,,,1226.0,,,Unreleased,No,Open source,Likely,
notable,GPT-4V,2023-09-25,OpenAI,OpenAI,Industry,United States of America,Multimodal,"Language modeling,Visual question answering",,,,,,,,,,,,API access,No,Unreleased,Unknown,
notable,Show-1,2023-09-27,National University of Singapore,National University of Singapore,Academia,Singapore,Video,"Video generation,Text-to-video",,,160358400000000.0,,,,,,,NVIDIA A100,NVIDIA A100 / A800,Open weights (non-commercial),Yes,Unreleased,Unknown,
notable,Amazon Titan,2023-09-28,Amazon,Amazon,Industry,United States of America,Language,"Semantic search,Image generation,Language modeling/generation,Code generation,Chat,Text-to-image,Translation",4.7999999999999996e+24,200000000000.0,4000000000000.0,7933464.673729055,1152.0,48.0,10929327.206416875,13760.0,,NVIDIA A100,NVIDIA A100 / A800,API access,No,Unreleased,Likely,
notable,GPT-3.5 Turbo Instruct,2023-09-28,OpenAI,OpenAI,Industry,United States of America,Language,"Language modeling/generation,Question answering,Chat",,20000000000.0,,,,,,,,,,API access,No,Unreleased,Likely,
notable,CTM (CIFAR-10),2023-10-01,Stanford University,"Stanford University,Sony",Industry-academia collaboration,Multinational,Image generation,"Image generation,Text-to-image",,,,,,,2382.6883131695167,4.0,387.0,NVIDIA V100,NVIDIA V100,Open weights (unrestricted),Yes,Open source,Unknown,
notable,FinGPT-13B,2023-10-07,University of California Los Angeles (UCLA),"University of California Los Angeles (UCLA),Columbia University,New York University (NYU)",Academia,United States of America,Language,"Named entity recognition (NER),Sentiment classification,Language modeling/generation,Financial management",1.6e+23,13000000000.0,76800.0,,17.25,0.71875,381.7900590727425,1.0,113.0,NVIDIA GeForce RTX 3090,NVIDIA consumer / workstation GPU,Open weights (unrestricted),Yes,Open source,Likely,
notable,RoseTTAFold All-Atom (RFAA),2023-10-09,University of Washington,"University of Washington,Seoul National University,University of Sheffield",Academia,Multinational,Biology,"Protein folding prediction,Proteins",2.14e+20,,63240960.0,,,,,,,NVIDIA RTX A6000,NVIDIA consumer / workstation GPU,Open weights (unrestricted),Yes,Open source,Confident,
notable,Ferret (13B),2023-10-11,Columbia University,"Columbia University,Apple",Industry-academia collaboration,United States of America,Multimodal,"Object recognition,Language modeling",,13000000000.0,172649572.0,,120.0,5.0,6352.420700106825,8.0,524.0,NVIDIA A100,NVIDIA A100 / A800,Open weights (non-commercial),Yes,Open (non-commercial),Confident,
notable,RT-2-X,2023-10-13,Google DeepMind,Google DeepMind,Industry,United States of America,Robotics,Robotic manipulation,,55000000000.0,,,,,,,951.0,,,Unreleased,No,Unreleased,Confident,
notable,ERNIE 4.0,2023-10-17,Baidu,Baidu,Industry,China,Multimodal,"Chat,Language modeling/generation,Video generation,Image generation",,,,,,,,,,,,API access,No,Unreleased,Unknown,
notable,PaLI-3,2023-10-17,Google DeepMind,"Google DeepMind,Google Research,Google Cloud",Industry,United States of America,Multimodal,"Visual question answering,Character recognition (OCR),Image captioning",,5000000000.0,,,,,,,,,,Unreleased,No,Unreleased,Confident,
notable,DALL·E 3,2023-10-19,OpenAI,OpenAI,Industry,United States of America,Image generation,"Image generation,Text-to-image",,,,,,,,,1448.0,,,API access,No,Unreleased,Unknown,
notable,CODEFUSION (Python),2023-10-26,Microsoft,"Microsoft,Microsoft Research",Industry,United States of America,Language,Code generation,7.92e+18,75000000.0,4390400.0,8.542235671062665,11.0,0.4583333333333333,2381.36215809478,4.0,57.0,NVIDIA V100,NVIDIA V100,Unreleased,No,Unreleased,Confident,
notable,DiT-XL/2 + CADS,2023-10-26,ETH Zurich,"ETH Zurich,Disney Research",Industry-academia collaboration,Multinational,Image generation,Image generation,,675000000.0,,,,,,,,,,Unreleased,No,Unreleased,Likely,
notable,ChatGLM3-6B,2023-10-27,Z.ai (Zhipu AI),Z.ai (Zhipu AI),Industry,China,Multimodal,"Chat,Visual question answering,Code generation",5.04e+22,6000000000.0,1400000000000.0,,,,,,,,,Open weights (restricted use),Yes,Unreleased,Speculative,
notable,Skywork-13B,2023-10-30,Kunlun Inc.,Kunlun Inc.,Industry,China,Language,"Language modeling,Language modeling/generation,Translation",2.5e+23,13000000000.0,3200000000000.0,,940.0,39.166666666666664,253989.3377909499,512.0,129.0,NVIDIA A800 PCIe 40 GB,NVIDIA A100 / A800,Open weights (restricted use),Yes,Open (restricted use),Confident,
notable,Cohere Embed,2023-11-02,Cohere,Cohere,Industry,Canada,Language,"Semantic embedding,Retrieval-augmented generation",,,,,,,,,,,,API access,No,Unreleased,Unknown,
notable,Yi-34B,2023-11-02,01.AI,01.AI,Industry,China,Language,"Chat,Language modeling/generation,Translation,Code generation",6.1e+23,34000000000.0,3100000000000.0,,,,101588.94792366636,128.0,,NVIDIA A100,NVIDIA A100 / A800,Open weights (restricted use),Yes,Unreleased,Confident,
notable,BLUUMI,2023-11-03,University of Turku,"University of Turku,Hugging Face",Industry-academia collaboration,Multinational,Language,Language modeling,,176000000000.0,38000000000.0,,,,,,70.0,AMD Radeon Instinct MI250X,AMD Instinct / Radeon,Open weights (restricted use),Yes,Unreleased,Likely,
notable,RT-Trajectory,2023-11-03,Google DeepMind,"Google DeepMind,University of California San Diego,Stanford University",Industry-academia collaboration,United States of America,Robotics,Robotic manipulation,,,,,,,,,138.0,,,Unreleased,No,Unreleased,Unknown,
notable,Grok-1,2023-11-04,xAI,xAI,Industry,United States of America,Language,"Language modeling,Chat",2.90000000001e+24,314000000000.0,6200000000000.0,,,,,,,,,Open weights (unrestricted),Yes,Unreleased,Likely,
notable,LLaVA 1.5,2023-11-05,University of Wisconsin Madison,"University of Wisconsin Madison,Microsoft Research",Industry-academia collaboration,United States of America,Multimodal,"Chat,Question answering,Visual question answering",7.807e+22,13000000000.0,,,24.0,1.0,6348.88507402357,8.0,5077.0,NVIDIA A100,NVIDIA A100 / A800,Open weights (restricted use),Yes,Open source,Confident,
notable,CogVLM-17B,2023-11-06,Tsinghua University,"Tsinghua University,Z.ai (Zhipu AI),Beihang University",Industry-academia collaboration,China,Multimodal,"Image captioning,Visual question answering,Chat",6.331e+22,17000000000.0,,,,,,,794.0,,,Open weights (restricted use),Yes,Unreleased,Confident,
notable,GPT-4 Turbo (Nov 2023),2023-11-06,OpenAI,OpenAI,Industry,United States of America,Multimodal,"Chat,Language modeling/generation,Image generation,Speech synthesis,Table tasks,Visual question answering,Image captioning",,,,,,,,,,,,API access,No,Unreleased,Unknown,
notable,OmniVec,2023-11-07,TensorTour,TensorTour,Industry,United States of America,Multimodal,"Image classification,Speech recognition (ASR)",,,,,,,,,89.0,,,Unreleased,No,Unreleased,Unknown,
notable,mPLUG-Owl2,2023-11-07,Alibaba,Alibaba,Industry,China,Multimodal,"Visual question answering,Image captioning,Language modeling/generation",,7120000000.0,182032793600.0,,,,,,,,,Open weights (unrestricted),Yes,Open source,Speculative,
notable,MultiBand Diffusion,2023-11-08,Meta AI,"Meta AI,Hebrew University of Jerusalem,LORIA",Industry-academia collaboration,Multinational,Audio,Audio generation,2.6e+19,,,22.81032329809286,48.0,2.0,,,43.0,NVIDIA V100,NVIDIA V100,Open weights (unrestricted),Yes,Open source,Confident,
notable,RoFormer,2023-11-08,Zhuiyi Technology,Zhuiyi Technology,Industry,China,Language,"Text classification,Language modeling/generation",2.162688e+18,110000000.0,3276800000.0,,,,2380.6728491831727,4.0,,NVIDIA V100,NVIDIA V100,Unreleased,No,Open source,Confident,
notable,SPHINX (Llama 2 13B),2023-11-13,Shanghai AI Lab,"Shanghai AI Lab,Chinese University of Hong Kong (CUHK),ShanghaiTech University",Academia,Multinational,Multimodal,"Visual question answering,Image captioning",3.04e+22,19900000000.0,,239188.6875340231,290.0,12.083333333333334,25391.01635736259,32.0,,NVIDIA A100 SXM4 40 GB,NVIDIA A100 / A800,Open weights (restricted use),Yes,Open (restricted use),Likely,
notable,Volcano 13B,2023-11-13,Korea University,"Korea University,Korea Advanced Institute of Science and Technology (KAIST),LG",Industry-academia collaboration,Korea (Republic of),Multimodal,"Language modeling/generation,Visual question answering",4.56e+22,13000000000.0,,,30.0,1.25,,,103.0,NVIDIA A100 SXM4 80 GB,NVIDIA A100 / A800,Open weights (non-commercial),Yes,Open (non-commercial),Likely,
notable,GraphCast,2023-11-14,Google DeepMind,Google DeepMind,Industry,United States of America,Earth science,Weather forecasting,2.1e+22,,,,,,,,,,,Open weights (non-commercial),Yes,Open source,Speculative,
notable,Qwen-Audio-Chat,2023-11-14,Alibaba,Alibaba,Industry,China,Language,"Audio question answering,Chat,Speech recognition (ASR),Translation,Transcription,Text classification,Question answering,Audio classification,Voice identification,Part-of-speech tagging,Speech-to-speech",,8460000000.0,,,,,,,743.0,,,Open weights (restricted use),Yes,Open (restricted use),Likely,
notable,Nemotron-3-8B,2023-11-15,NVIDIA,NVIDIA,Industry,United States of America,Language,"Chat,Language generation,Language modeling/generation,Translation,Code generation,Question answering",1.8e+23,8000000000.0,3800000000000.0,214467.02013524104,456.0,19.0,812476.3359553809,1024.0,,NVIDIA A100,NVIDIA A100 / A800,Open weights (restricted use),Yes,Unreleased,Confident,
notable,AndesGPT,2023-11-16,Oppo Mobile Telecommunications,Oppo Mobile Telecommunications,Industry,China,Language,"Language modeling/generation,Question answering",,,,,,,,,,,,Hosted access (no API),No,Unreleased,Unknown,
notable,Claude 2.1,2023-11-21,Anthropic,Anthropic,Industry,United States of America,Language,"Language modeling,Chat,Language modeling/generation,Question answering",,,,,,,,,,,,API access,No,Unreleased,Unknown,
notable,Inflection-2,2023-11-22,Inflection AI,Inflection AI,Industry,United States of America,Language,"Language modeling,Language modeling/generation,Chat,Question answering",1.001e+25,,,13461144.182562498,,,6941464.657305156,5000.0,,NVIDIA H100 SXM5 80GB,NVIDIA H100 / H800 / H200,Hosted access (no API),No,Unreleased,Confident,
notable,GNoME for crystal discovery,2023-11-29,Google DeepMind,Google DeepMind,Industry,United States of America,Materials science,Crystal discovery,,16240000.0,69000.0,,,,2696.8344078515975,4.0,,Google TPU v4,Google TPU v4,Unreleased,No,Unreleased,Likely,
notable,PPLX-70B-Online,2023-11-29,Perplexity,Perplexity,Industry,United States of America,Language,"Question answering,Chat,Language modeling/generation",,70000000000.0,,,,,,,,,,API access,No,Unreleased,Likely,
notable,Qwen-72B,2023-11-30,Alibaba,Alibaba,Industry,China,Language,"Chat,Code generation,Language modeling/generation,Question answering",1.3e+24,72000000000.0,3000000000000.0,,,,,,,,,Open weights (restricted use),Yes,Unreleased,Confident,
notable,Mamba-24M (SC09),2023-12-01,Carnegie Mellon University (CMU),"Carnegie Mellon University (CMU),Princeton University",Academia,United States of America,Speech,"Audio generation,Speech synthesis,Text-to-speech (TTS)",,23400000.0,96672.0,,,,,,7063.0,,,Unreleased,No,Unreleased,Confident,
notable,Gemini 1.0 Pro,2023-12-06,Google DeepMind,Google DeepMind,Industry,United States of America,Multimodal,"Language modeling,Visual question answering,Chat,Translation",,,,,,,,,633.0,Google TPU v4,Google TPU v4,API access,No,Unreleased,Speculative,
notable,Gemini 1.0 Ultra,2023-12-06,Google DeepMind,Google DeepMind,Industry,United States of America,Multimodal,"Language modeling,Visual question answering,Chat,Translation",5.0000000001e+25,,,30719419.93534952,2400.0,100.0,38423900.11232233,57000.0,633.0,Google TPU v4,Google TPU v4,API access,No,Unreleased,Speculative,
notable,Llama Guard,2023-12-07,Meta AI,Meta AI,Industry,United States of America,Language,Chat,1.6e+23,7000000000.0,4096000.0,,,,,,987.0,NVIDIA A100 SXM4 80 GB,NVIDIA A100 / A800,Open weights (restricted use),Yes,Unreleased,Confident,
notable,SeamlessM4T,2023-12-08,Facebook,"Facebook,INRIA,University of California (UC) Berkeley",Industry-academia collaboration,Multinational,Speech,"Translation,Speech synthesis,Speech recognition (ASR),Speech-to-text,Speech-to-speech",,2300000000.0,,,,,,,265.0,NVIDIA V100,NVIDIA V100,Open weights (unrestricted),Yes,Open source,Confident,
notable,Mixtral 8x7B,2023-12-11,Mistral AI,Mistral AI,Industry,France,Language,"Language modeling/generation,Question answering,Quantitative reasoning,Translation",7.74e+23,46700000000.0,,,,,,,,,,Open weights (unrestricted),Yes,Unreleased,Speculative,
notable,W.A.L.T,2023-12-11,Stanford University,"Stanford University,Google Research,Georgia Institute of Technology",Industry-academia collaboration,United States of America,Video,"Video generation,Text-to-video",,4719000000.0,,,,,,,,,,Unreleased,No,Unreleased,Confident,
notable,VILA-13B,2023-12-12,NVIDIA,"NVIDIA,Massachusetts Institute of Technology (MIT)",Industry-academia collaboration,United States of America,Multimodal,"Chat,Visual question answering,Image captioning,Language modeling/generation,Question answering",2.3003136e+21,13350839296.0,32430000000.0,,,,101498.495336141,128.0,827.0,NVIDIA A100 SXM4 80 GB,NVIDIA A100 / A800,Open weights (non-commercial),Yes,Open source,Confident,
notable,CogAgent,2023-12-14,Tsinghua University,"Tsinghua University,Z.ai (Zhipu AI)",Industry-academia collaboration,China,Vision,"Instruction interpretation,Visual question answering",6.707e+22,18000000000.0,,,,,,,731.0,,,Open weights (restricted use),Yes,Open source,Likely,
notable,FunSearch,2023-12-14,Google DeepMind,Google DeepMind,Industry,United States of America,Language,Code generation,3.87e+23,15000000000.0,,,48.0,2.0,,,593.0,,,Open weights (unrestricted),Yes,Unreleased,Speculative,
notable,Gemini Nano-1,2023-12-19,Google DeepMind,Google DeepMind,Industry,United States of America,Multimodal,"Chat,Image captioning,Speech recognition (ASR)",,1800000000.0,,,,,,,633.0,Google TPU v5e,Google TPU v5,API access,No,Unreleased,Confident,
notable,Gemini Nano-2,2023-12-19,Google DeepMind,Google DeepMind,Industry,United States of America,Multimodal,"Chat,Image captioning,Speech recognition (ASR)",,3250000000.0,,,,,,,633.0,Google TPU v5e,Google TPU v5,Unreleased,No,Unreleased,Confident,
notable,nekomata-14b,2023-12-21,rinna,rinna,Industry,Japan,Language,Language generation,2.5562e+23,14200000000.0,66000000000.0,,168.0,7.0,,256.0,35.0,Amazon Trainium1,AWS Trainium / Inferentia,Open weights (restricted use),Yes,Unreleased,Confident,
notable,GQA-8-XXL,2023-12-23,Google Research,Google Research,Industry,United States of America,Language,"Text summarization,Language modeling/generation,Translation",3.4912896e+22,11000000000.0,,,,,,,,Google TPU v3,Google TPU v3,Unreleased,No,Open source,Confident,
notable,CoRe,2023-12-29,Tsinghua University,Tsinghua University,Academia,China,Mathematics,"Quantitative reasoning,Language modeling/generation",,12400000000.0,,,,,,,109.0,NVIDIA A100 SXM4 40 GB,NVIDIA A100 / A800,Unreleased,No,Open (non-commercial),Speculative,
notable,Kimi Explorer,2024-01-01,Moonshot,Moonshot,Industry,China,Language,Language modeling/generation,,,,,,,,,,,,Hosted access (no API),No,Unreleased,Unknown,
notable,Palmyra X 003,2024-01-01,Writer,Writer,Industry,United States of America,Language,Language modeling/generation,,72000000000.0,,,,,,,,,,API access,No,Unreleased,,
notable,AlphaGeometry,2024-01-17,Google DeepMind,"Google DeepMind,New York University (NYU)",Industry-academia collaboration,United States of America,Mathematics,"Geometry,Mathematical reasoning",,151000000.0,,,,,,,574.0,Google TPU v3,Google TPU v3,Open weights (unrestricted),Yes,Open source,Confident,
notable,Qwen-VL-Max,2024-01-25,Alibaba,Alibaba,Industry,China,Multimodal,"Chat,Image captioning,Face recognition,Visual question answering",,7000000000.0,,,,,,,,,,API access,No,Unreleased,Confident,
notable,Qwen1.5-72B,2024-02-04,Alibaba,Alibaba,Industry,China,Language,"Chat,Language modeling/generation,Quantitative reasoning,Code generation,Translation",1.3e+24,72000000000.0,3000000000000.0,,,,,,,,,Open weights (restricted use),Yes,Unreleased,Confident,
notable,Aya,2024-02-12,Cohere for AI,"Cohere for AI,Brown University,Cohere,Carnegie Mellon University (CMU),Massachusetts Institute of Technology (MIT)",Industry-academia collaboration,Multinational,Language,"Language modeling/generation,Chat,Translation",,13000000000.0,1144220000000.0,,,,86154.6850166532,128.0,368.0,Google TPU v4,Google TPU v4,Open weights (unrestricted),Yes,Unreleased,Speculative,
notable,Gemini 1.5 Pro,2024-02-15,Google DeepMind,Google DeepMind,Industry,United States of America,Multimodal,"Language modeling,Visual question answering",,,,,,,,,,Google TPU v4,Google TPU v4,API access,No,Unreleased,Speculative,
notable,Sora,2024-02-15,OpenAI,OpenAI,Industry,United States of America,Video,"Video generation,Text-to-video,Image-to-video,Video-to-video",,,,,,,,,,,,Hosted access (no API),No,Unreleased,Unknown,
notable,Stable Diffusion 3,2024-02-22,Stability AI,Stability AI,Industry,United Kingdom of Great Britain and Northern Ireland,Image generation,"Image generation,Text-to-image",5e+22,8000000000.0,,,,,,,,,,API access,No,Unreleased,Confident,
notable,MegaScale (Production),2024-02-23,ByteDance,"ByteDance,Peking University",Industry-academia collaboration,China,Language,Language modeling/generation,3.9e+24,530000000000.0,,2614019.245,504.0,21.0,9728028.18454986,12288.0,302.0,NVIDIA A100,NVIDIA A100 / A800,Unreleased,No,Unreleased,Speculative,
notable,Mistral Large,2024-02-26,Mistral AI,Mistral AI,Industry,France,Language,Chat,,,,14110111.93,2500.0,104.16666666666667,,,,NVIDIA H100 SXM5 80GB,NVIDIA H100 / H800 / H200,API access,No,Unreleased,Speculative,
notable,Aramco Metabrain AI,2024-03-04,Saudi Aramco,Saudi Aramco,Industry-academia collaboration,Saudi Arabia,Language,Language modeling/generation,1.05e+25,250000000000.0,7000000000000.0,,,,,,,,,Unreleased,No,Unreleased,Likely,
notable,Claude 3 Opus,2024-03-04,Anthropic,Anthropic,Industry,United States of America,Multimodal,"Chat,Image captioning,Code generation,Language modeling/generation",,,,,,,,,,,,API access,No,Unreleased,Speculative,
notable,Claude 3 Sonnet,2024-03-04,Anthropic,Anthropic,Industry,United States of America,Multimodal,"Chat,Image captioning,Code generation,Language modeling/generation",,,,,,,,,,,,API access,No,Unreleased,Unknown,
notable,Inflection-2.5,2024-03-07,Inflection AI,Inflection AI,Industry,United States of America,Language,Chat,8.000001e+24,,,11804593.33,,,,,,NVIDIA H100 SXM5 80GB,NVIDIA H100 / H800 / H200,Hosted access (no API),No,Unreleased,Likely,
notable,ManiGaussian,2024-03-13,Tsinghua University,"Tsinghua University,Nanyang Technological University,Carnegie Mellon University (CMU)",Academia,Multinational,Robotics,Robotic manipulation,,,,,,,1780.5016389530874,2.0,129.0,NVIDIA GeForce RTX 4090,NVIDIA consumer / workstation GPU,Open weights (unrestricted),Yes,Open source,Confident,
notable,MM1-30B,2024-03-14,Apple,Apple,Industry,United States of America,Multimodal,"Chat,Image captioning,Visual question answering",4.86e+23,30000000000.0,,,,,,,266.0,,,Unreleased,No,Unreleased,Likely,
notable,DBRX,2024-03-27,Databricks,Databricks,Industry,United States of America,Language,"Chat,Code generation",2.6e+24,132000000000.0,12000000000000.0,,,,,,,NVIDIA H100 SXM5 80GB,NVIDIA H100 / H800 / H200,Open weights (restricted use),Yes,Unreleased,Confident,
notable,ReALM,2024-03-29,Apple,Apple,Industry,United States of America,Language,"Named entity recognition (NER),Language modeling,Part-of-speech tagging",,3000000000.0,134000000000.0,,,,,,,,,Unreleased,No,Unreleased,Confident,
notable,GPT-4 Turbo (Apr 2024),2024-04-09,OpenAI,OpenAI,Industry,United States of America,Multimodal,"Chat,Language modeling/generation,Image generation,Speech synthesis,Table tasks,Visual question answering,Image captioning",,,,,,,,,,,,API access,No,Unreleased,Unknown,
notable,Reka Core,2024-04-15,Reka AI,Reka AI,Industry,United States of America,Multimodal,"Chat,Language modeling/generation,Image captioning,Code generation,Code autocompletion,Question answering,Visual question answering,Video description,Speech recognition (ASR),Speech-to-text,Quantitative reasoning",8.400010000000001e+24,67000000000.0,,,,,,,,"NVIDIA A100,NVIDIA H100 SXM5 80GB",NVIDIA H100 / H800 / H200,API access,No,Unreleased,Speculative,
notable,Llama 3-70B,2024-04-18,Meta AI,Meta AI,Industry,United States of America,Language,"Chat,Language modeling/generation,Code generation",7.861e+24,70000000000.0,15000000000000.0,,,,,,,NVIDIA H100 SXM5 80GB,NVIDIA H100 / H800 / H200,Open weights (restricted use),Yes,Unreleased,Confident,
notable,GenCast,2024-05-01,Google DeepMind,Google DeepMind,Industry,United States of America,Earth science,Weather forecasting,8.169984e+20,,,,,,14228.47853322057,32.0,,Google TPU v5e,Google TPU v5,Open weights (non-commercial),Yes,Open source,Confident,
notable,VILA1.5-13B,2024-05-03,NVIDIA,"NVIDIA,Massachusetts Institute of Technology (MIT)",Industry-academia collaboration,United States of America,Multimodal,"Chat,Visual question answering,Image captioning,Language modeling/generation,Question answering",2.3003136e+21,13493916736.0,32430000000.0,,,,101175.78544917757,128.0,827.0,NVIDIA A100,NVIDIA A100 / A800,Open weights (non-commercial),Yes,Open source,Confident,
notable,AlphaFold 3,2024-05-08,Google DeepMind,"Google DeepMind,Isomorphic Labs",Industry,Multinational,Biology,"Protein folding prediction,Antibody property prediction,Protein-ligand contact prediction,RNA structure prediction,Protein interaction prediction",4.1405645e+22,,29491200000.0,,480.0,20.0,202329.0409413959,256.0,,NVIDIA A100,NVIDIA A100 / A800,Open weights (non-commercial),Yes,Unreleased,Confident,
notable,GPT-4o,2024-05-13,OpenAI,OpenAI,Industry,United States of America,Multimodal,"Chat,Image generation,Audio generation,Vision-language generation,Table tasks,Language modeling/generation,Question answering,Speech recognition (ASR),Speech-to-text",,,,,,,,,,,,API access,No,Unreleased,Speculative,
notable,Yi-Large,2024-05-13,01.AI,01.AI,Industry,China,Language,"Chat,Language modeling/generation",1.8e+24,100000000000.0,3000000000000.0,,,,,,,,,API access,No,Unreleased,Speculative,
notable,GLM-4 (0520),2024-05-20,Z.ai (Zhipu AI),Z.ai (Zhipu AI),Industry,China,Language,"Language modeling/generation,Question answering,Code generation,Quantitative reasoning,Translation",,,10000000000000.0,,,,,,,,,API access,No,Unreleased,Likely,
notable,Octo-Base,2024-05-20,University of California (UC) Berkeley,"University of California (UC) Berkeley,Stanford University,Carnegie Mellon University (CMU),DeepMind",Industry-academia collaboration,Multinational,Robotics,Robotic manipulation,5.85e+20,93000000.0,,,14.0,0.5833333333333334,85966.86619350823,128.0,1244.0,Google TPU v4,Google TPU v4,Open weights (unrestricted),Yes,Open source,Confident,
notable,ALLaM adapted 70B,2024-05-21,Saudi Data and Artificial Intelligence Authority,Saudi Data and Artificial Intelligence Authority,Industry-academia collaboration,Saudi Arabia,Language,"Language modeling/generation,Translation,Question answering",1.062e+24,70000000000.0,600000000000.0,,,,,,69.0,NVIDIA A100,NVIDIA A100 / A800,Unreleased,No,Unreleased,Confident,
notable,Qwen2-72B,2024-06-07,Alibaba,Alibaba,Industry,China,Language,"Chat,Language modeling/generation,Question answering",3.02e+24,72710000000.0,7000000000000.0,,,,,,,,,Open weights (unrestricted),Yes,Unreleased,Confident,
notable,OpenVLA,2024-06-13,Stanford University,"Stanford University,University of California (UC) Berkeley,Toyota Research Institute,Google DeepMind,Massachusetts Institute of Technology (MIT),Physical Intelligence",Industry-academia collaboration,United States of America,Robotics,Robotic manipulation,1.1e+23,7188100000.0,,,336.0,14.0,50541.724821294745,64.0,2123.0,NVIDIA A100,NVIDIA A100 / A800,Open weights (unrestricted),Yes,Open source,Confident,
notable,Nemotron-4 340B,2024-06-14,NVIDIA,NVIDIA,Industry,United States of America,Language,"Language modeling/generation,Chat,Question answering",1.7999999999999999e+25,340000000000.0,9000000000000.0,21271017.96222655,2200.0,91.66666666666667,8490820.682633882,6144.0,,NVIDIA H100 SXM5 80GB,NVIDIA H100 / H800 / H200,Open weights (unrestricted),Yes,Unreleased,Confident,
notable,DeepSeek-Coder-V2 236B,2024-06-17,DeepSeek,DeepSeek,Industry,China,Language,"Code generation,Code autocompletion",1.2852e+24,236000000000.0,3191000000000.0,,,,,,,,,Open weights (restricted use),Yes,Unreleased,Confident,
notable,Claude 3.5 Sonnet,2024-06-20,Anthropic,Anthropic,Industry,United States of America,Multimodal,"Chat,Image captioning,Code generation,Language modeling/generation",2.700000000000001e+25,,,25870993.12024943,,,,,,,,API access,No,Unreleased,Speculative,
notable,Cambrian-1-34B,2024-06-24,New York University (NYU),New York University (NYU),Academia,United States of America,Multimodal,"Image captioning,Visual question answering,Character recognition (OCR)",,34000000000.0,,,,,343599.54926952836,512.0,802.0,Google TPU v4,Google TPU v4,Open weights (unrestricted),Yes,Open source,Confident,
notable,ESM3 (98B),2024-06-25,EvolutionaryScale,"EvolutionaryScale,University of California (UC) Berkeley",Industry-academia collaboration,United States of America,Biology,Protein generation,1.07e+24,98500000000.0,771000000000.0,,,,,,,,,Unreleased,No,Unreleased,Confident,
notable,Ernie 4.0 Turbo,2024-06-28,Baidu,Baidu,Industry,China,Multimodal,"Vision-language generation,Language modeling/generation,Question answering,Chat,Visual question answering",,,,,,,,,,,,API access,No,Unreleased,Unknown,
notable,SenseChat 5.5,2024-07-06,SenseTime,SenseTime,Industry,Hong Kong,Multimodal,"Vision-language generation,Visual question answering,Language modeling/generation,Question answering,Chat,Quantitative reasoning",,600000000000.0,,,,,,,,,,Hosted access (no API),No,Unreleased,Confident,
notable,DeepL LLM,2024-07-16,DeepL,DeepL,Industry,Germany,Language,Translation,,,,,,,,,,,,Hosted access (no API),No,Unreleased,Unknown,
notable,Mathstral,2024-07-16,Mistral AI,Mistral AI,Industry,France,Mathematics,"Mathematical reasoning,Language modeling/generation,Quantitative reasoning",,7000000000.0,,,,,,,,,,Open weights (unrestricted),Yes,Unreleased,Confident,
notable,GPT-4o mini,2024-07-18,OpenAI,OpenAI,Industry,United States of America,Multimodal,"Chat,Language modeling/generation,Code generation,Visual question answering",,,,,,,,,,,,API access,No,Unreleased,Speculative,
notable,Llama 3.1-405B,2024-07-23,Meta AI,Meta AI,Industry,United States of America,Language,"Language modeling/generation,Question answering,Code generation,Mathematical reasoning",3.8e+25,405000000000.0,15600000000000.0,52885433.95402246,2142.0,89.25,22622532.159299143,16384.0,,NVIDIA H100 SXM5 80GB,NVIDIA H100 / H800 / H200,Open weights (restricted use),Yes,Open (restricted use),Confident,
notable,Mistral Large 2,2024-07-24,Mistral AI,Mistral AI,Industry,France,Language,"Language modeling/generation,Translation,Code generation",,123000000000.0,,,,,,,,,,Open weights (non-commercial),Yes,Unreleased,Likely,
notable,AFM-on-device,2024-07-29,Apple,Apple,Industry,United States of America,Language,Language modeling/generation,4.5126e+23,2730000000.0,7588000000000.0,,,,2181166.9994404097,2048.0,,Google TPU v5p,Google TPU v5,Hosted access (no API),No,Unreleased,Confident,
notable,AFM-server,2024-07-29,Apple,Apple,Industry,United States of America,Language,Language modeling/generation,4.3e+24,,7400000000000.0,,,,5493309.4800721435,8192.0,,Google TPU v4,Google TPU v4,Hosted access (no API),No,Unreleased,Likely,
notable,GPT-4o (Aug 2024),2024-08-06,OpenAI,OpenAI,Industry,United States of America,Multimodal,"Chat,Image generation,Audio generation,Vision-language generation,Table tasks,Language modeling/generation,Question answering,Speech recognition (ASR),Speech-to-text",,,,,,,,,,,,API access,No,Unreleased,Speculative,
notable,LLaVA-OV-72B,2024-08-06,ByteDance,"ByteDance,Nanyang Technological University,Chinese University of Hong Kong (CUHK),Hong Kong University of Science and Technology (HKUST)",Industry-academia collaboration,Multinational,Multimodal,"Image captioning,Visual question answering,Video description,Object recognition,Action recognition,Language modeling/generation",3.036551985824e+24,72000000000.0,38314782000.0,,,,,,2428.0,,,Open weights (unrestricted),Yes,Open source,Confident,
notable,Table Tennis Agent,2024-08-07,Google DeepMind,Google DeepMind,Industry,United States of America,Robotics,Sports,,185000.0,2400000000.0,,,,,,,,,Unreleased,No,Unreleased,Likely,
notable,Grok-2,2024-08-13,xAI,xAI,Industry,United States of America,Multimodal,"Chat,Language modeling/generation,Question answering,Code generation,Visual question answering",2.9599999999999996e+25,,,31602310.530835517,,,,,,NVIDIA H100 SXM5 80GB,NVIDIA H100 / H800 / H200,API access,No,Unreleased,Confident,
notable,Jamba 1.5-Large,2024-08-22,AI21 Labs,AI21 Labs,Industry,Israel,Language,"Language modeling/generation,Chat,Translation,Question answering",,398000000000.0,,,,,,,,NVIDIA H100 SXM5 80GB,NVIDIA H100 / H800 / H200,Open weights (restricted use),Yes,Unreleased,Confident,
notable,GLM-4-Plus,2024-08-29,Z.ai (Zhipu AI),Z.ai (Zhipu AI),Industry,China,Language,Language modeling,,,,,,,,,,,,API access,No,Unreleased,Speculative,
notable,Hairuo,2024-08-29,Inspur,Inspur,Industry,China,Language,"Language modeling/generation,Question answering",,,,,,,,,,,,Hosted access (no API),No,Unreleased,Unknown,
notable,AlphaProteo,2024-09-05,Google DeepMind,Google DeepMind,Industry,United States of America,Biology,"Protein generation,Proteins",,,,,,,,,,,,Unreleased,No,Unreleased,Unknown,
notable,Harrison.rad.1,2024-09-05,Harrison.ai,Harrison.ai,Industry,Australia,Multimodal,"Visual question answering,Medical diagnosis",,,,,,,,,,,,Unreleased,No,Unreleased,Unknown,
notable,Hunyuan Turbo,2024-09-05,Tencent,Tencent,Industry,China,Language,"Language modeling/generation,Question answering",,,,,,,,,,,,API access,No,Unreleased,Unknown,
notable,DeepSeek-V2.5,2024-09-06,DeepSeek,DeepSeek,Industry,China,Language,"Language modeling/generation,Chat,Code generation",1.7892e+24,236000000000.0,,,,,,,,,,Open weights (restricted use),Yes,Unreleased,Confident,
notable,o1-mini,2024-09-12,OpenAI,OpenAI,Industry,United States of America,Language,"Code generation,Language modeling/generation,Quantitative reasoning,Chat,Question answering,Translation",,,,,,,,,,,,API access,No,Unreleased,Unknown,
notable,o1-preview,2024-09-12,OpenAI,OpenAI,Industry,United States of America,Language,"Code generation,Language modeling/generation,Quantitative reasoning,Chat,Question answering,Translation",,,,,,,,,,,,API access,No,Unreleased,Unknown,
notable,Qwen2.5-32B,2024-09-17,Alibaba,Alibaba,Industry,China,Language,"Language modeling/generation,Question answering,Quantitative reasoning",3.51e+24,32500000000.0,18000000000000.0,,,,,,,,,Open weights (unrestricted),Yes,Unreleased,Confident,
notable,Oryx 34B,2024-09-19,Tsinghua University,"Tsinghua University,Tencent,Nanyang Technological University",Industry-academia collaboration,Multinational,Multimodal,"Visual question answering,Video compression,Image captioning,Video description,Language modeling/generation",,34000000000.0,,,,,50431.54291680728,64.0,161.0,NVIDIA A800 SXM,NVIDIA A100 / A800,Open weights (unrestricted),Yes,Open source,Confident,
notable,Qwen2.5 Instruct (72B),2024-09-19,Alibaba,Alibaba,Industry,China,Language,"Code generation,Code autocompletion,Quantitative reasoning,Question answering,Language modeling/generation",7.8516e+24,72700000000.0,,,,,,,,,,Open weights (restricted use),Yes,Unreleased,Confident,
notable,Qwen2.5-72B,2024-09-19,Alibaba,Alibaba,Industry,China,Language,"Language modeling/generation,Question answering,Quantitative reasoning",7.8e+24,72700000000.0,18000000000000.0,,,,,,,,,Open weights (unrestricted),Yes,Unreleased,Confident,
notable,Telechat2-115B,2024-09-20,China Telecom,China Telecom,Industry,China,Language,"Language modeling/generation,Question answering,Quantitative reasoning,Chat,Text summarization,Code generation",6.899999999999999e+24,115000000000.0,10000000000000.0,,,,,,,,,Open weights (restricted use),Yes,Open (restricted use),Confident,
notable,Llama 3.2 11B,2024-09-24,Meta AI,Meta AI,Industry,United States of America,Multimodal,"Visual question answering,Image captioning,Object detection",5.79e+23,10600000000.0,,,,,,,,NVIDIA H100 SXM5 80GB,NVIDIA H100 / H800 / H200,Open weights (restricted use),Yes,Unreleased,Confident,
notable,PixelDance,2024-09-24,ByteDance,ByteDance,Industry,China,Video,"Video generation,Text-to-video,Image-to-video",,,114229250000000.0,,,,,,,,,Hosted access (no API),No,Unreleased,Unknown,
notable,Movie Gen Video,2024-10-04,Meta AI,Meta AI,Industry,United States of America,Video,"Video generation,Text-to-video,Image-to-video",1.65e+24,30000000000.0,3400000000.0,,331.0,13.791666666666666,8469669.524206791,6144.0,,NVIDIA H100 SXM5 80GB,NVIDIA H100 / H800 / H200,Unreleased,No,Unreleased,Confident,
notable,GR-2,2024-10-08,ByteDance,ByteDance,Industry,China,Robotics,"Video,Action recognition,Video generation,Instruction interpretation,Robotic manipulation",,230000000.0,,,,,,,224.0,,,Unreleased,No,Unreleased,Confident,
notable,Palmyra X 004,2024-10-09,Writer,Writer,Industry,United States of America,Language,"Language modeling,Language modeling/generation,Question answering,Code generation,Retrieval-augmented generation",,150000000000.0,,,,,,,,,,API access,No,Unreleased,,
notable,RDT-1B,2024-10-10,Tsinghua University,Tsinghua University,Academia,China,Robotics,Robotic manipulation,4.06e+22,1200000000.0,,,720.0,30.0,33080.22622858553,48.0,579.0,NVIDIA H100 PCIe,NVIDIA H100 / H800 / H200,Open weights (unrestricted),Yes,Open source,Likely,
notable,Llama-3.1-Nemotron-70B-Instruct,2024-10-12,NVIDIA,"NVIDIA,Meta AI",Industry,United States of America,Language,Language modeling,7.929e+24,,,,96.0,4.0,,,,,,Open weights (restricted use),Yes,Unreleased,Confident,
notable,CHAI-1,2024-10-15,Chai discovery,Chai discovery,Industry,United States of America,Biology,"Protein folding prediction,Protein-ligand contact prediction",7.7605724e+21,,,,720.0,30.0,100804.70264211958,128.0,,NVIDIA A100,NVIDIA A100 / A800,Open weights (non-commercial),Yes,Open (non-commercial),Confident,
notable,Yi-Lightning,2024-10-18,01.AI,01.AI,Industry,China,Language,Language modeling/generation,1.5e+24,,,,720.0,30.0,2756194.445567179,2000.0,,NVIDIA H100 SXM5 80GB,NVIDIA H100 / H800 / H200,API access,No,Unreleased,Confident,
notable,NVLM-D 72B,2024-10-22,NVIDIA,NVIDIA,Industry,United States of America,Vision,"Language modeling/generation,Vision-language generation,Question answering,Code generation,Translation,Quantitative reasoning",3.02e+24,72000000000.0,57016320000.0,,,,176380.73226445544,128.0,,NVIDIA H100 SXM5 80GB,NVIDIA H100 / H800 / H200,Open weights (non-commercial),Yes,Open source,Confident,
notable,NVLM-H 72B,2024-10-22,NVIDIA,NVIDIA,Industry,United States of America,Vision,"Language modeling/generation,Vision-language generation,Question answering,Code generation,Translation,Quantitative reasoning",3.02e+24,72000000000.0,125829120000.0,,,,176380.73226445544,128.0,,NVIDIA H100 SXM5 80GB,NVIDIA H100 / H800 / H200,Unreleased,No,Unreleased,Likely,
notable,NVLM-X 72B,2024-10-22,NVIDIA,NVIDIA,Industry,United States of America,Vision,"Language modeling/generation,Vision-language generation,Question answering,Code generation,Translation,Quantitative reasoning",3.0398181e+24,72000000000.0,45875200000.0,,,,176380.73226445544,128.0,,NVIDIA H100 SXM5 80GB,NVIDIA H100 / H800 / H200,Unreleased,No,Unreleased,Likely,
notable,Doubao-pro,2024-10-28,ByteDance,ByteDance,Industry,China,Language,"Language modeling/generation,Question answering,Text summarization,Text classification",2.505e+25,500000000000.0,8350000000000.0,,,,,,,,,API access,No,Unreleased,Likely,
notable,Hunyuan-Large,2024-11-06,Tencent,Tencent,Industry,China,Language,"Language modeling/generation,Question answering,Code generation,Translation",3.49237e+24,389000000000.0,7000000000000.0,,,,,,,,,Open weights (restricted use),Yes,Open (restricted use),Confident,
notable,SeedEdit,2024-11-11,ByteDance,ByteDance,Industry,China,Vision,Image generation,,,,,,,,,,,,API access,No,Unreleased,Unknown,
notable,Gemini-Exp-1114,2024-11-15,Google DeepMind,Google DeepMind,Industry,United States of America,Language,Language modeling,,,,,,,,,,,,Hosted access (no API),No,Unreleased,Unknown,
notable,k0-math,2024-11-16,Moonshot,Moonshot,Industry,China,Mathematics,"Mathematical reasoning,Quantitative reasoning",,,,,,,,,,,,Unreleased,No,Unreleased,Unknown,
notable,Pixtral Large,2024-11-18,Mistral AI,Mistral AI,Industry,France,Multimodal,"Vision-language generation,Visual question answering,Mathematical reasoning,Character recognition (OCR),Language modeling/generation,Question answering",,124000000000.0,,,,,,,,,,Open weights (non-commercial),Yes,Unreleased,Confident,
notable,Suno v4,2024-11-19,Suno,Suno,Industry,United States of America,Audio,Audio generation,,,,,,,,,,,,Hosted access (no API),No,Unreleased,Unknown,
notable,GPT-4o (Nov 2024),2024-11-20,OpenAI,OpenAI,Industry,United States of America,Multimodal,"Chat,Image generation,Audio generation,Vision-language generation,Table tasks,Language modeling/generation,Question answering,Speech recognition (ASR),Speech-to-text",,,,,,,,,,,,API access,No,Unreleased,Speculative,
notable,Fugatto 1,2024-11-25,NVIDIA,NVIDIA,Industry,United States of America,Multimodal,Audio generation,,2500000000.0,,,,,25178.17637397875,32.0,,NVIDIA A100,NVIDIA A100 / A800,Unreleased,No,Unreleased,Confident,
notable,Amazon Nova Pro,2024-12-03,Amazon,Amazon,Industry,United States of America,Multimodal,"Language modeling/generation,Retrieval-augmented generation,Visual question answering,Image captioning,Video description,Character recognition (OCR),Code generation,Translation",6.000010000000001e+24,,,,,,,,,"Amazon Trainium1,NVIDIA A100,NVIDIA H100 SXM5 80GB",NVIDIA H100 / H800 / H200,API access,No,Unreleased,Speculative,
notable,Infinity,2024-12-05,ByteDance,ByteDance,Industry,China,Image generation,"Image generation,Text-to-image",,2000000000.0,,,,,,,170.0,,,Open weights (unrestricted),Yes,Open source,Confident,
notable,NVILA 15B,2024-12-05,NVIDIA,"NVIDIA,Massachusetts Institute of Technology (MIT),University of California (UC) Berkeley,University of California San Diego,University of Washington,Tsinghua University",Industry-academia collaboration,Multinational,Multimodal,"Visual question answering,Video description,Language modeling/generation,Question answering,Character recognition (OCR)",,15000000000.0,,,,,176207.9898367568,128.0,,NVIDIA H100 SXM5 80GB,NVIDIA H100 / H800 / H200,Open weights (non-commercial),Yes,,Confident,
notable,o1,2024-12-05,OpenAI,OpenAI,Industry,United States of America,Multimodal,"Code generation,Language modeling/generation,Quantitative reasoning,Chat,Question answering,Translation,Mathematical reasoning",,,,,,,,,,,,API access,No,Unreleased,Unknown,
notable,Llama 3.3 70B,2024-12-06,Meta AI,Meta AI,Industry,United States of America,Language,"Language modeling/generation,Question answering,Translation,Code generation",6.8649768e+24,70000000000.0,15000000000000.0,,,,,,,NVIDIA H100 SXM5 80GB,NVIDIA H100 / H800 / H200,Open weights (restricted use),Yes,Unreleased,Confident,
notable,EXAONE 3.5 32B,2024-12-09,LG AI Research,LG AI Research,Industry,Korea (Republic of),Language,"Language modeling/generation,Question answering,Translation",1.25e+24,32000000000.0,6500000000000.0,,,,,,,,,Open weights (non-commercial),Yes,Unreleased,Confident,
notable,Sora Turbo,2024-12-09,OpenAI,OpenAI,Industry,United States of America,Video,"Video generation,Text-to-video",,,,,,,,,,,,Hosted access (no API),No,Unreleased,Unknown,
notable,Gemini 2.0 Pro,2024-12-11,Google DeepMind,Google DeepMind,Industry,United States of America,Multimodal,"Code generation,Language modeling/generation,Question answering,Visual question answering,Speech recognition (ASR),Video description",,,,,,,,,,,,Hosted access (no API),No,Unreleased,Unknown,
notable,Apollo 7B,2024-12-13,Meta AI,"Meta AI,Stanford University",Industry-academia collaboration,United States of America,Multimodal,"Video,Visual question answering,Video description,Language modeling/generation",,7000000000.0,,,,,100672.34303072088,128.0,75.0,NVIDIA A100,NVIDIA A100 / A800,Unreleased,No,Unreleased,Confident,
notable,Veo 2,2024-12-16,Google DeepMind,Google DeepMind,Industry,United States of America,Video,"Video generation,Text-to-video,Image-to-video",,,,,,,,,,,,API access,No,Unreleased,Unknown,
notable,o3,2024-12-20,OpenAI,OpenAI,Industry,United States of America,Multimodal,"Language modeling/generation,Question answering,Quantitative reasoning,Code generation,Visual question answering,Search,Instruction interpretation,Visual puzzles",,,,,,,,,,,,API access,No,Unreleased,Unknown,
notable,DeepSeek-V3,2024-12-24,DeepSeek,DeepSeek,Industry,China,Language,"Language modeling/generation,Code generation,Quantitative reasoning,Question answering",3.3e+24,671000000000.0,14800000000000.0,5390000.0,,,2818135.1812142837,2048.0,,NVIDIA H800 SXM5,NVIDIA H100 / H800 / H200,Open weights (restricted use),Yes,Unreleased,Confident,
notable,STORM-B/8,2024-12-31,University of Southern California,"University of Southern California,Georgia Institute of Technology,Stanford University,NVIDIA",Industry-academia collaboration,United States of America,3D modeling,"3D reconstruction,3D segmentation",,100598707.0,,,,,12578.999592690692,16.0,38.0,NVIDIA A100,NVIDIA A100 / A800,,,,Confident,
notable,Stable Point Aware 3D (SPAR3D),2025-01-08,Stability AI,"Stability AI,University of Illinois Urbana-Champaign (UIUC)",Industry-academia collaboration,Multinational,3D modeling,3D reconstruction,,,,,,,,,,,,Open weights (restricted use),Yes,Unreleased,Unknown,
notable,INTELLECT-MATH,2025-01-17,Prime Intellect,Prime Intellect,Industry,United States of America,Mathematics,Mathematical reasoning,,7000000000.0,,,,,,,,,,Open weights (unrestricted),Yes,Open source,Confident,
notable,DeepSeek-R1,2025-01-20,DeepSeek,DeepSeek,Industry,China,Language,"Language modeling/generation,Code generation,Quantitative reasoning,Question answering",3.4999999999999997e+24,671000000000.0,14800000000000.0,6770000.0,,,,,,,,Open weights (unrestricted),Yes,Unreleased,Confident,
notable,Eagle 2,2025-01-20,NVIDIA,"NVIDIA,Nanjing University,Tsinghua University,Hong Kong Polytechnic University,Johns Hopkins University,New York University (NYU)",Industry-academia collaboration,Multinational,Vision,,4.7156e+22,8930000000.0,,,130.5,5.4375,352055.152733459,256.0,57.0,NVIDIA H100 SXM5 80GB,NVIDIA H100 / H800 / H200,Open weights (non-commercial),Yes,Unreleased,Confident,
notable,Doubao-1.5-pro,2025-01-22,ByteDance,ByteDance,Industry,China,Language,Language generation,,,9000000000000.0,,,,,,,,,Hosted access (no API),No,Unreleased,Confident,
notable,Kimi k1.5,2025-01-22,Moonshot,Moonshot,Industry,China,Multimodal,"Language modeling/generation,Code generation,Quantitative reasoning,Question answering,Visual question answering,Translation,Image captioning,Visual puzzles",,,,,,,,,913.0,,,API access,No,Unreleased,Unknown,
notable,Computer-Using Agent (CUA),2025-01-23,OpenAI,OpenAI,Industry,United States of America,Multimodal,"Instruction interpretation,System control",,,,,,,,,,,,Hosted access (no API),No,Unreleased,Unknown,
notable,GPT-4o (Jan 2025),2025-01-29,OpenAI,OpenAI,Industry,United States of America,Multimodal,"Chat,Image generation,Audio generation,Vision-language generation,Table tasks,Language modeling/generation,Question answering,Speech recognition (ASR),Speech-to-text",,,,,,,,,,,,API access,No,Unreleased,Speculative,
notable,o3-mini,2025-01-31,OpenAI,OpenAI,Industry,United States of America,Language,"Language modeling/generation,Question answering,Quantitative reasoning,Code generation",,,,,,,,,,,,API access,No,Unreleased,Unknown,
notable,Eurus-2-7B-PRIME,2025-02-03,Tsinghua University,"Tsinghua University,University of Illinois Urbana-Champaign (UIUC),Shanghai AI Lab,Peking University,Shanghai Jiao Tong University,CUHK Shenzhen Research Institute",Academia,Multinational,Mathematics,"Mathematical reasoning,Code generation",4.01915904e+20,7000000000.0,830000.0,,,,,,333.0,,,Open weights (unrestricted),Yes,Open source,Speculative,
notable,Grok 3,2025-02-17,xAI,xAI,Industry,United States of America,Multimodal,"Chat,Language modeling/generation,Question answering,Code generation,Visual question answering",3.5000000000000006e+26,3000000000000.0,,217835545.5267339,2160.0,90.0,109948656.20196916,80000.0,,NVIDIA H100 SXM5 80GB,NVIDIA H100 / H800 / H200,API access,No,Unreleased,Likely,
notable,Claude 3.7 Sonnet,2025-02-24,Anthropic,Anthropic,Industry,United States of America,Multimodal,"Language modeling/generation,Question answering,Code generation,Quantitative reasoning,Translation,Instruction interpretation,Visual question answering",3.3499999999999998e+25,,,,,,,,,,,API access,No,Unreleased,Likely,
notable,GPT-4.5,2025-02-27,OpenAI,OpenAI,Industry,United States of America,Multimodal,"Language modeling/generation,Question answering,Quantitative reasoning,Translation,Visual question answering,Code generation,Instruction interpretation",3.8e+26,,,366010627.6281514,3000.0,125.0,,,,,,API access,No,Unreleased,Likely,
notable,Mercury,2025-02-27,Inception Labs,Inception Labs,Industry,United States of America,Language,Code generation,,,,,,,,,,,,API access,No,Unreleased,Unknown,
notable,Mistral OCR,2025-03-06,Mistral AI,Mistral AI,Industry,France,Multimodal,"Character recognition (OCR),Chat,Language generation",,,,,,,,,,,,API access,No,Unreleased,Unknown,
notable,QwQ-32B,2025-03-06,Alibaba,Alibaba,Industry,China,Language,"Language modeling/generation,Question answering,Quantitative reasoning,Code generation",3.51e+24,32500000000.0,,,,,,,,,,Open weights (unrestricted),Yes,Unreleased,Speculative,
notable,Hunyuan-TurboS,2025-03-11,Tencent,Tencent,Industry,China,Language,"Language modeling/generation,Quantitative reasoning,Question answering,Code generation,Text summarization",5.4e+24,560000000000.0,16000000000000.0,,,,,,,,,API access,No,Unreleased,Confident,
notable,ERNIE-4.5-VL-424B-A47B (文心大模型4.5),2025-03-16,Baidu,Baidu,Industry,China,Multimodal,"Language modeling/generation,Visual question answering,Video description,Speech recognition (ASR),Quantitative reasoning,Code generation,Translation,Question answering,Character recognition (OCR)",,424000000000.0,,,,,,,,,,Open weights (unrestricted),Yes,Unreleased,Confident,
notable,EXAONE Deep 32B,2025-03-16,LG AI Research,LG AI Research,Industry,Korea (Republic of),Language,"Language modeling/generation,Question answering,Quantitative reasoning,Code generation",1.26e+24,32000000000.0,12000000000.0,,2160.0,90.0,703248.4282353076,512.0,,NVIDIA H100 SXM5 80GB,NVIDIA H100 / H800 / H200,Open weights (non-commercial),Yes,Unreleased,Confident,
notable,o1-pro,2025-03-19,OpenAI,OpenAI,Industry,United States of America,Multimodal,"Code generation,Language modeling/generation,Quantitative reasoning,Chat,Question answering,Translation,Mathematical reasoning",,,,,,,,,,,,API access,No,Unreleased,Likely,
notable,Diffusion Renderer,2025-03-22,NVIDIA,"NVIDIA,University of Toronto,Vector Institute,University of Illinois Urbana-Champaign (UIUC)",Industry-academia collaboration,Multinational,Video,"Video editing,Video-to-video,3D segmentation",,1100000000.0,,,48.0,2.0,25112.659611092717,32.0,,NVIDIA A100,NVIDIA A100 / A800,Open weights (non-commercial),Yes,Unreleased,Confident,
notable,DeepSeek-V3 (Mar 2025),2025-03-24,DeepSeek,DeepSeek,Industry,China,Language,"Language modeling/generation,Code generation,Quantitative reasoning,Question answering",3.3e+24,671000000000.0,14800000000000.0,5390000.0,,,2812492.608768545,2048.0,,NVIDIA H800 SXM5,NVIDIA H100 / H800 / H200,Open weights (restricted use),Yes,Unreleased,Confident,
notable,Gemini 2.5 Pro (Mar 2025),2025-03-25,Google DeepMind,Google DeepMind,Industry,United States of America,Multimodal,"Language modeling/generation,Question answering,Code generation,Quantitative reasoning,Visual question answering,Translation,Image captioning,Video description,Speech recognition (ASR)",,,,,,,,,,,,API access,No,Unreleased,Unknown,
notable,GPT-4o (Mar 2025),2025-03-27,OpenAI,OpenAI,Industry,United States of America,Multimodal,"Chat,Image generation,Audio generation,Vision-language generation,Table tasks,Language modeling/generation,Question answering,Speech recognition (ASR),Speech-to-text",,,,,,,,,,,,API access,No,Unreleased,Speculative,
notable,Llama 4 Behemoth (preview),2025-04-05,Meta AI,Meta AI,Industry,United States of America,Multimodal,"Chat,Code generation,Visual question answering,Translation,Language modeling/generation,Quantitative reasoning,Question answering",5.18400000000001e+25,2000000000000.0,30000000000000.0,44588963.624007165,,,43933454.99810563,32000.0,,NVIDIA H100 SXM5 80GB,NVIDIA H100 / H800 / H200,Unreleased,No,Unreleased,Likely,
notable,Llama 4 Maverick,2025-04-05,Meta AI,Meta AI,Industry,United States of America,Multimodal,"Chat,Code generation,Visual question answering,Language modeling/generation,Question answering",2.244000000001e+24,400000000000.0,30000000000000.0,,,,,,,,,Open weights (restricted use),Yes,Unreleased,Likely,
notable,Llama 4 Scout,2025-04-05,Meta AI,Meta AI,Industry,United States of America,Multimodal,"Chat,Code generation,Visual question answering,Language modeling/generation,Question answering",4.08e+24,109000000000.0,30000000000000.0,,,,,,,,,Open weights (restricted use),Yes,Unreleased,Likely,
notable,Pangu Ultra,2025-04-10,Huawei,Huawei,Industry,China,Language,"Code generation,Language modeling/generation",1.0692e+25,135000000000.0,13200000000000.0,,,,6426121.277196856,8192.0,16.0,Huawei Ascend 910B,Huawei Ascend,Hosted access (no API),No,Unreleased,Confident,
notable,gpt-image-1,2025-04-23,OpenAI,OpenAI,Industry,United States of America,Image generation,"Image generation,Text-to-image",,,,,,,,,,,,API access,No,Unreleased,Unknown,
notable,Qwen3-235B-A22B,2025-04-29,Alibaba,Alibaba,Industry,China,Language,"Language modeling/generation,Question answering,Mathematical reasoning,Quantitative reasoning,Code generation,Translation",4.752e+24,235000000000.0,36000000000000.0,,,,,,,,,Open weights (unrestricted),Yes,Unreleased,Likely,
notable,Gemini 2.5 Pro (May 2025),2025-05-06,Google DeepMind,Google DeepMind,Industry,United States of America,Multimodal,"Language modeling/generation,Question answering,Code generation,Quantitative reasoning,Visual question answering,Translation,Image captioning,Video description,Speech recognition (ASR)",,,,,,,,,,,,API access,No,Unreleased,Unknown,
notable,Seed1.5-VL,2025-05-11,ByteDance,ByteDance,Industry,China,Multimodal,"Visual question answering,Video description,Language modeling/generation,Question answering,Character recognition (OCR)",1.388556e+24,,3000000000000.0,,,,,,,NVIDIA H800 SXM5,NVIDIA H100 / H800 / H200,API access,No,Unreleased,Confident,
notable,Imagen 4,2025-05-20,Google,Google,Industry,United States of America,Image generation,"Image generation,Text-to-image",,,,,,,,,,,,API access,No,Unreleased,Unknown,
notable,Veo 3,2025-05-21,Google DeepMind,Google DeepMind,Industry,United States of America,Video,"Video generation,Image-to-video,Text-to-video",,,,,,,,,,,,API access,No,Unreleased,Unknown,
notable,Claude Opus 4,2025-05-22,Anthropic,Anthropic,Industry,United States of America,Multimodal,"Code generation,Language modeling/generation,Quantitative reasoning,Search,Visual question answering,Translation,Image captioning,Instruction interpretation,Mathematical reasoning,Visual puzzles,Code autocompletion,Chat,Character recognition (OCR),Language modeling,Language generation,Text autocompletion,Retrieval-augmented generation,System control",,,,,,,,,,,,API access,No,Unreleased,Unknown,
notable,Claude Sonnet 4,2025-05-22,Anthropic,Anthropic,Industry,United States of America,Multimodal,"Code generation,Language modeling/generation,Quantitative reasoning,Search,Visual question answering,Translation,Image captioning,Instruction interpretation,Mathematical reasoning,Visual puzzles,Code autocompletion,Chat,Character recognition (OCR),Language modeling,Language generation,Text autocompletion,Retrieval-augmented generation,System control",,,,,,,,,,,,API access,No,Unreleased,Unknown,
notable,DeepSeek-R1 (May 2025),2025-05-28,DeepSeek,DeepSeek,Industry,China,Language,"Language modeling/generation,Code generation,Quantitative reasoning,Question answering",4.020010000000001e+24,671000000000.0,14800000000000.0,6770000.0,,,,,,,,Open weights (unrestricted),Yes,Unreleased,Confident,
notable,Gemini 2.5 Pro (Jun 2025),2025-06-05,Google DeepMind,Google DeepMind,Industry,United States of America,Multimodal,"Language modeling/generation,Question answering,Code generation,Quantitative reasoning,Visual question answering,Translation,Image captioning,Video description,Speech recognition (ASR)",,,,,,,,,,,,API access,No,Unreleased,Unknown,
notable,Qwen3 Embedding,2025-06-05,Alibaba,Alibaba,Industry,China,Language,Semantic embedding,,8000000000.0,,,,,,,,,,Open weights (unrestricted),Yes,Unreleased,Confident,
notable,Seed-1.6-Thinking,2025-06-11,ByteDance,ByteDance,Industry,China,Multimodal,"Language modeling/generation,Vision-language generation",,230000000000.0,,,,,,,,,,API access,No,Unreleased,Confident,
notable,FGN,2025-06-12,Google DeepMind,Google DeepMind,Industry,United States of America,Earth science,Weather forecasting,9.61895088e+21,720000000.0,,,72.0,3.0,,,,"Google TPU v5p,Google TPU v6e Trillium",Google TPU v6,Unreleased,No,Unreleased,Confident,
notable,EXAONE Path 2.0,2025-07-09,LG AI Research,LG AI Research,Industry,Korea (Republic of),Vision,"Cancer diagnosis,Image classification,Medical diagnosis",,175000000.0,144450.0,,,,,,,,,Open weights (non-commercial),Yes,Unreleased,Confident,
notable,Grok 4,2025-07-09,xAI,xAI,Industry,United States of America,Multimodal,"Language modeling/generation,Question answering,Search,Visual question answering,Character recognition (OCR),Image captioning,Quantitative reasoning",5.0000000000001e+26,3000000000000.0,,387842678.08636147,,,,200000.0,,,,API access,No,Unreleased,Speculative,
notable,Grok 4 Heavy,2025-07-10,xAI,xAI,Industry,United States of America,Language,"Language modeling/generation,Question answering,Mathematical reasoning,Quantitative reasoning,Code generation",,,,,,,,,,,,Unreleased,No,Unreleased,Unknown,
notable,Kimi K2,2025-07-11,Moonshot,Moonshot,Industry,China,Language,"Language modeling/generation,Code generation,Question answering,Quantitative reasoning,Search,Table tasks",2.976e+24,1000000000000.0,15500000000000.0,,,,,,,NVIDIA H800 SXM5,NVIDIA H100 / H800 / H200,Open weights (restricted use),Yes,Unreleased,Confident,
notable,Gemini Embedding,2025-07-14,Google DeepMind,Google DeepMind,Industry,United States of America,Language,Semantic embedding,,,,,,,,,,,,API access,No,Unreleased,Unknown,
notable,EXAONE 4.0 (32B),2025-07-15,LG AI Research,LG AI Research,Industry,Korea (Republic of),Language,"Language modeling/generation,Question answering,Code generation,Quantitative reasoning,Translation",2.69000000000001e+24,32000000000.0,14000000000000.0,,3192.0,133.0,701356.0100875632,512.0,,NVIDIA H200 SXM,NVIDIA H100 / H800 / H200,Open weights (non-commercial),Yes,Unreleased,Confident,
notable,Qwen3-Coder-480B-A35B,2025-07-22,Alibaba,Alibaba,Industry,China,Language,"Language modeling/generation,Question answering,Code generation,System control",1.575e+24,480000000000.0,7500000000000.0,,,,,,,,,Open weights (unrestricted),Yes,Unreleased,Confident,
notable,Qwen3-235B-A22B (Jul 2025),2025-07-25,Alibaba,Alibaba,Industry,China,Language,"Language modeling/generation,Question answering,Mathematical reasoning,Quantitative reasoning,Code generation,Translation",4.752e+24,235000000000.0,36000000000000.0,,,,,,,,,Open weights (unrestricted),Yes,Unreleased,Likely,
notable,Qwen3-235B-A22B-Thinking (Jul 2025),2025-07-25,Alibaba,Alibaba,Industry,China,Language,"Language modeling/generation,Question answering,Mathematical reasoning,Quantitative reasoning,Code generation,Translation",4.752e+24,235000000000.0,36000000000000.0,,,,,,,,,Open weights (unrestricted),Yes,Unreleased,Likely,
notable,Gemini 2.5 Deep Think,2025-08-01,Google,"Google,Google DeepMind",Industry,United States of America,Multimodal,"Language modeling/generation,Mathematical reasoning,Code generation,Visual question answering,Question answering,Visual puzzles,Video description,Speech recognition (ASR),Speech-to-text",,,,,,,,,,,,Hosted access (no API),No,Unreleased,Unknown,
notable,MindLink-72B,2025-08-01,Kunlun Inc.,Kunlun Inc.,Industry,China,Language,"Code generation,Mathematical reasoning",,72000000000.0,,,,,,,,NVIDIA A800 PCIe 80 GB,NVIDIA A100 / A800,,,,Confident,
notable,Hierarchical Reasoning Model (HPM),2025-08-04,Sapient Intelligence,Sapient Intelligence,,Singapore,Multimodal,Visual puzzles,,27000000.0,,,,,,,,,,Unreleased,No,Open source,Confident,
notable,Qwen Image,2025-08-04,Alibaba,Alibaba,Industry,China,Image generation,"Image generation,Text-to-image,Image-to-image",,27000000000.0,,,,,,,,,,Open weights (unrestricted),Yes,Unreleased,Confident,
notable,Claude Opus 4.1,2025-08-05,Anthropic,Anthropic,Industry,United States of America,Multimodal,"Language modeling/generation,Question answering,System control,Code generation,Search,Quantitative reasoning,Mathematical reasoning,Visual question answering",,,,,,,,,,,,API access,No,Unreleased,Unknown,
notable,GLM-4.5,2025-08-05,Z.ai (Zhipu AI),"Z.ai (Zhipu AI),Tsinghua University",Industry-academia collaboration,China,Language,"Language modeling/generation,Question answering,Code generation,Quantitative reasoning",4.42e+24,355000000000.0,23100000000000.0,,,,,,,,,Open weights (unrestricted),Yes,Unreleased,Confident,
notable,gpt-oss-120b,2025-08-05,OpenAI,OpenAI,Industry,United States of America,Language,"Language modeling/generation,Question answering",4.94e+24,116830000000.0,,,,,,,,NVIDIA H100 SXM5 80GB,NVIDIA H100 / H800 / H200,Open weights (unrestricted),Yes,,Confident,
notable,gpt-oss-20b,2025-08-05,OpenAI,OpenAI,Industry,United States of America,Language,"Language modeling/generation,Question answering",5.49e+23,20910000000.0,,,,,,,,NVIDIA H100 SXM5 80GB,NVIDIA H100 / H800 / H200,Open weights (unrestricted),Yes,,Confident,
notable,GPT-5,2025-08-07,OpenAI,OpenAI,Industry,United States of America,Multimodal,"Language modeling/generation,Question answering",6.6e+25,,,,,,,,,,,API access,No,Unreleased,Speculative,
notable,GPT-5 mini,2025-08-07,OpenAI,OpenAI,Industry,United States of America,Multimodal,"Language modeling/generation,Question answering",,,,,,,,,,,,API access,No,Unreleased,Unknown,
notable,GPT-5 nano,2025-08-07,OpenAI,OpenAI,Industry,United States of America,Multimodal,"Language modeling/generation,Question answering",,,,,,,,,,,,API access,No,Unreleased,Unknown,
notable,Gemini 2.5 Flash Image (Nano Banana),2025-08-26,Google,Google,Industry,United States of America,Image generation,"Image generation,Text-to-image,Image-to-image",,,,,,,,,,,,API access,No,Unreleased,Unknown,
notable,LongCat-Flash,2025-09-01,Meituan Inc,Meituan Inc,Industry,China,Language,"Language modeling/generation,Question answering,Chat,Code generation,Quantitative reasoning,Instruction interpretation",3.726e+24,560000000000.0,23000000000000.0,,720.0,30.0,,,,,,Open weights (unrestricted),Yes,Unreleased,Likely,
notable,Qwen3-Max,2025-09-05,Alibaba,Alibaba,Industry,China,Language,"Language modeling/generation,Question answering,Mathematical reasoning,Code generation,Quantitative reasoning,Retrieval-augmented generation,Translation",1.512e+25,1000000000000.0,36000000000000.0,,,,,,,,,API access,No,Unreleased,Speculative,
notable,AgentFounder-30B,2025-09-16,Alibaba,Alibaba,Industry,China,Language,"Language modeling/generation,Question answering,System control,Quantitative reasoning,Mathematical reasoning,Code generation,Search",6.5367e+23,30000000000.0,315000000000.0,,,,,,,,,Open weights (unrestricted),Yes,Unreleased,Confident,
notable,Qwen3-Omni-30B-A3B,2025-09-22,Alibaba,Alibaba,Industry,China,Multimodal,"Language modeling/generation,Question answering,Visual question answering,Image captioning,Video description,Speech recognition (ASR),Speech synthesis,Speech-to-text,Text-to-speech (TTS)",3.6e+22,35300000000.0,2000000000000.0,,,,,,,,,Open weights (unrestricted),Yes,Unreleased,Confident,
notable,Gemini Robotics-ER 1.5,2025-09-25,Google DeepMind,Google DeepMind,Industry,United States of America,Vision,"Instruction interpretation,Robotic manipulation,Image captioning,Object detection,Search,Language modeling/generation,Question answering,Speech recognition (ASR)",,,,,,,,,,"Google TPU v4,Google TPU v5e,Google TPU v6e Trillium",Google TPU v6,API access,No,Unreleased,Unknown,
notable,Claude Sonnet 4.5,2025-09-29,Anthropic,Anthropic,Industry,United States of America,Multimodal,"Language modeling/generation,Code generation,System control,Question answering,Quantitative reasoning,Mathematical reasoning,Visual question answering",,,,,,,,,,,,API access,No,Unreleased,Unknown,
notable,GLM-4.6,2025-09-30,Z.ai (Zhipu AI),"Z.ai (Zhipu AI),Tsinghua University",Industry-academia collaboration,China,Language,"Language modeling/generation,Question answering,Code generation,Quantitative reasoning,System control",4.42e+24,357000000000.0,23000000000000.0,,2880.0,120.0,,,,,,Open weights (unrestricted),Yes,Unreleased,Likely,
notable,Sora 2.0,2025-09-30,OpenAI,OpenAI,Industry,United States of America,Video,"Video generation,Text-to-video",,,,,,,,,,,,Hosted access (no API),No,Unreleased,Unknown,
notable,GPT-5 Pro,2025-10-07,OpenAI,OpenAI,Industry,United States of America,Multimodal,"Language modeling/generation,Question answering",,,,,,,,,,,,API access,No,Unreleased,Unknown,
notable,Ling-1T,2025-10-10,Ant Group,Ant Group,Industry,China,Language,"Language modeling/generation,Question answering,Quantitative reasoning,Code generation,Mathematical reasoning",6.000001e+24,1000000000000.0,20000000000000.0,,,,,,,,,Open weights (unrestricted),Yes,Unreleased,Confident,
notable,Claude Haiku 4.5,2025-10-15,Anthropic,Anthropic,Industry,United States of America,Language,"Chat,Code generation,Language modeling/generation,Question answering",,,,,,,,,,,,API access,No,Unreleased,Unknown,
notable,Veo 3.1,2025-10-15,Google DeepMind,Google DeepMind,Industry,United States of America,Video,"Image-to-video,Video generation,Text-to-video,Audio generation",,,,,,,,,,,,API access,No,Unreleased,Unknown,
notable,MiniMax-M2,2025-10-27,MiniMax,MiniMax,Industry,China,Language,"Code generation,System control,Search,Language modeling/generation,Question answering",,229000000000.0,,,,,,,,,,Open weights (unrestricted),Yes,Unreleased,Confident,
notable,Tongyi DeepResearch,2025-10-28,Alibaba,Alibaba,Industry,China,Language,"Language modeling/generation,Question answering,Quantitative reasoning,Search,System control",,30500000000.0,,,,,,,,,,Open weights (unrestricted),Yes,Unreleased,Confident,
notable,Kimi K2 Thinking,2025-11-06,Moonshot,Moonshot,Industry,China,Language,"Language modeling/generation,Question answering,Search,Quantitative reasoning,Code generation",4.1999999999999997e+24,1000000000000.0,,,,,,,,,,Open weights (restricted use),Yes,Unreleased,Likely,
notable,Kaiju Large,2025-11-07,Character.ai,Character.ai,Industry,United States of America,Language,Language modeling/generation,,110000000000.0,,,,,,,,,,Hosted access (no API),No,,Likely,
notable,Kaiju Medium,2025-11-07,Character.ai,Character.ai,Industry,United States of America,Language,Language modeling/generation,,34000000000.0,,,,,,,,,,Hosted access (no API),No,,Likely,
notable,Kaiju Small,2025-11-07,Character.ai,Character.ai,Industry,United States of America,Language,Language modeling/generation,,13000000000.0,,,,,,,,,,Hosted access (no API),No,,Likely,
notable,Meta's Generative Ads Model (GEM),2025-11-10,Meta AI,Meta AI,Industry,United States of America,Recommendation,Recommender system,,,,,,,,,,,,Unreleased,No,,Likely,
notable,GPT-5.1-Codex,2025-11-12,OpenAI,OpenAI,Industry,United States of America,Language,Language modeling/generation,,,,,,,,,,,,API access,No,Unreleased,Unknown,
notable,GPT-5.1,2025-11-13,OpenAI,OpenAI,Industry,United States of America,Multimodal,"Language modeling/generation,Question answering",,,,,,,,,,,,API access,No,Unreleased,Unknown,
notable,GPT-5.1 Instant,2025-11-13,OpenAI,OpenAI,Industry,United States of America,Multimodal,"Language modeling/generation,Question answering",,,,,,,,,,,,API access,No,Unreleased,Unknown,
notable,Grok 4.1,2025-11-17,xAI,xAI,Industry,United States of America,Language,"Language modeling/generation,Question answering,Mathematical reasoning,Quantitative reasoning,Code generation",,,,,,,,,,,,API access,No,Unreleased,Unknown,
notable,P1-235B-A22B,2025-11-17,Shanghai AI Lab,Shanghai AI Lab,Academia,China,Language,Question answering,,235000000000.0,,,,,,,,,,Open weights (unrestricted),Yes,,Likely,
notable,π0.6 (pi-0.6),2025-11-17,Physical Intelligence,Physical Intelligence,Industry,United States of America,Robotics,Robotic manipulation,,5260000000.0,,,,,,,,,,Unreleased,No,,Confident,
notable,Gemini 3 Pro,2025-11-18,Google DeepMind,Google DeepMind,Industry,United States of America,Multimodal,Language modeling/generation,,,,,,,,,,Google TPU v7 Ironwood,Google TPU v7,API access,No,Unreleased,Unknown,
notable,GPT-5.1-Codex-Max,2025-11-19,OpenAI,OpenAI,Industry,United States of America,Language,Language modeling/generation,,,,,,,,,,,,API access,No,Unreleased,Unknown,
notable,Grok 4.1 Fast,2025-11-19,xAI,xAI,Industry,United States of America,Language,"Language modeling/generation,Question answering,Mathematical reasoning,Quantitative reasoning,Code generation",,,,,,,,,,,,API access,No,Unreleased,Unknown,
notable,Gemini 3 Pro Image (Nano Banana Pro),2025-11-20,Google DeepMind,Google DeepMind,Industry,United States of America,Image generation,Image generation,,,,,,,,,,,,API access,No,,Likely,
notable,Olmo 3,2025-11-20,Allen Institute for AI,Allen Institute for AI,Research collective,United States of America,Language,"Language modeling/generation,Chat,Reasoning,Code generation",1.0999999999999999e+24,32000000000.0,5500000000000.0,,1344.0,56.0,1398719.3115551586,1024.0,,NVIDIA H100 SXM5 80GB,NVIDIA H100 / H800 / H200,Open weights (unrestricted),Yes,Open source,Confident,
notable,Claude Opus 4.5,2025-11-24,Anthropic,Anthropic,Industry,United States of America,Multimodal,"Code generation,Language modeling/generation,Quantitative reasoning,Search,Visual question answering,Translation,Image captioning,Instruction interpretation,Mathematical reasoning,Visual puzzles,Code autocompletion,Chat,Character recognition (OCR),Language modeling,Language generation,Text autocompletion,Retrieval-augmented generation,System control",,,,,,,,,,,,API access,No,Unreleased,Unknown,
notable,DeepSeekMath-V2,2025-11-27,DeepSeek,DeepSeek,Industry,China,Language,"Mathematical reasoning,Theorem proving,Proof generation,Proof verification",,685000000000.0,,,,,,,,,,Open weights (unrestricted),Yes,Unreleased,Confident,
notable,SIMA 2,2025-12-04,Google DeepMind,Google DeepMind,Industry,United States of America,3D modeling,,,,,,,,,,,,,Unreleased,No,,Likely,
notable,GPT-5.2,2025-12-11,OpenAI,OpenAI,Industry,United States of America,,"Language modeling/generation,Question answering",,,,,,,,,,,,API access,No,Unreleased,Unknown,
notable,GPT-5.2 Pro,2025-12-11,OpenAI,OpenAI,Industry,United States of America,Multimodal,"Language modeling/generation,Question answering",,,,,,,,,,,,API access,No,Unreleased,Likely,
notable,Nemotron 3-Nano-30B-A3B,2025-12-15,NVIDIA,NVIDIA,Industry,United States of America,Language,Language modeling/generation,4.8e+23,31600000000.0,,,,,,,,NVIDIA H100 SXM5 80GB,NVIDIA H100 / H800 / H200,Open weights (restricted use),Yes,,Likely,
notable,GPT-5.2 Codex,2025-12-18,OpenAI,OpenAI,Industry,United States of America,Language,Language modeling/generation,,,,,,,,,,,,API access,No,Unreleased,Likely,
notable,GLM-4.7,2025-12-22,Z.ai (Zhipu AI),Z.ai (Zhipu AI),Industry,China,Language,"Language modeling/generation,Code generation",4.42e+24,358000000000.0,,,,,,,,,,Open weights (unrestricted),Yes,Unreleased,Likely,
notable,MiniMax-M2.1,2025-12-23,MiniMax,MiniMax,Industry,China,Language,"Chat,Language modeling/generation,Code generation,Tool use,Agentic workflows",,229000000000.0,,,,,,,,,,Open weights (restricted use),Yes,Unreleased,Confident,
notable,HyperCLOVA X SEED 32B Think,2025-12-29,NAVER,NAVER,Industry,Korea (Republic of),Multimodal,"Language modeling/generation,(Visual) Question answering,Image Understanding",,32000000000.0,,,,,,,,,,,,,Confident,
notable,A.X K1,2025-12-30,SK Telecom,SK Telecom,Industry,Korea (Republic of),Language,"Code generation,Language modeling/generation,Translation,Instruction interpretation,Mathematical reasoning,Chat,Language modeling,Language generation,Text autocompletion",,519000000000.0,,9642947.0,1536.0,64.0,,1536.0,,NVIDIA H200,NVIDIA H100 / H800 / H200,,,,Confident,
notable,VAETKI,2025-12-30,NC AI,NC AI,Industry,Korea (Republic of),Language,Language modeling/generation,,100000000000.0,,,3238.0,134.91666666666666,,1016.0,,Nvidia H100 80G,NVIDIA H100 / H800 / H200,Open weights (unrestricted),Yes,,Confident,
notable,K-EXAONE,2025-12-31,LG AI Research,LG AI Research,Industry,Korea (Republic of),Language,"Language modeling/generation,Chat,Question answering,Code generation,Mathematical reasoning,Instruction interpretation",1.52e+24,236000000000.0,11000000000000.0,,3240.0,135.0,,512.0,,NVIDIA B200 GPUs,NVIDIA Blackwell (B200 / GB200),Open weights (restricted use),Yes,Unreleased,Confident,
notable,Solar Open 100B,2025-12-31,Upstage,Upstage,Industry,Korea (Republic of),Language,"Language modeling/generation,Chat",1.3999999999999998e+24,102000000000.0,19700000000000.0,,1572.0,65.5,,,,,,Open weights (restricted use),Yes,,Confident,
notable,Qwen3-Max-Thinking,2026-01-25,Alibaba,Alibaba,Industry,China,Language,Language modeling/generation,,,,,,,,,,,,API access,No,,Likely,
notable,Kimi K2.5,2026-02-02,Moonshot,Moonshot,Industry,China,Language,Language modeling/generation,5.8e+24,1040000000000.0,,,,,,,,NVIDIA H800 SXM5,NVIDIA H100 / H800 / H200,Open weights (unrestricted),Yes,,Likely,
notable,Qwen3-Coder-Next,2026-02-02,Alibaba,Alibaba,Industry,China,Language,"Language modeling/generation,Coding",,80000000000.0,,,,,,,,,,Open weights (unrestricted),Yes,,Likely,
notable,GPT-5.3 Codex,2026-02-05,OpenAI,OpenAI,Industry,United States of America,Language,Language modeling/generation,,,,,,,,,,,,API access,No,Unreleased,Likely,
notable,Seedance 2.0,2026-02-12,ByteDance,ByteDance,Industry,China,Image generation,"Video generation,Audio generation",,,,,,,,,,,,Hosted access (no API),No,,Likely,
notable,Qwen3.5 397B-A17B,2026-02-13,Alibaba,Alibaba,Industry,China,Language,"Language modeling/generation,Vision-language generation",,397000000000.0,,,,,,,,,,Open weights (unrestricted),Yes,,Likely,
notable,GLM-5,2026-02-17,Z.ai (Zhipu AI),Z.ai (Zhipu AI),Industry,China,Language,Language modeling/generation,6.84e+24,744000000000.0,,,,,,,,Huawei Ascend 910C,Huawei Ascend,Open weights (unrestricted),Yes,,Likely,
notable,Grok 4.20,2026-02-17,xAI,xAI,Industry,United States of America,Language,Language modeling/generation,,500000000000.0,,,,,,,,,,API access,No,,Likely,
notable,Gemini 3.1 Pro,2026-02-19,Google DeepMind,Google DeepMind,Industry,United States of America,Language,Language modeling/generation,,,,,,,,,,,,API access,No,,Likely,
notable,Qwen3.5-122B-A10B,2026-02-24,Alibaba,Alibaba,Industry,China,Language,Language modeling/generation,,122000000000.0,,,,,,,,,,Open weights (restricted use),Yes,,Likely,
notable,SWE 1.6,2026-03-01,Cognition,Cognition,Industry,United States of America,Language,"Coding,Agentic tasks",,,,,,,4672690.306975335,2000.0,,NVIDIA GB200,NVIDIA Blackwell (B200 / GB200),Hosted access (no API),No,,Likely,
notable,Gemini 3.0 Flash-lite,2026-03-03,Google DeepMind,Google DeepMind,Industry,United States of America,Language,Language modeling/generation,,,,,,,,,,,,API access,No,,Likely,
notable,GPT-5.4,2026-03-05,OpenAI,OpenAI,Industry,United States of America,Multimodal,"Language modeling/generation,Question answering",,,,,,,,,,,,API access,No,Unreleased,Likely,
notable,GPT-5.4 Pro,2026-03-05,OpenAI,OpenAI,Industry,United States of America,Multimodal,"Language modeling/generation,Question answering",,,,,,,,,,,,API access,No,Unreleased,Likely,
notable,Nemotron 3 Super,2026-03-11,NVIDIA,NVIDIA,Industry,United States of America,Language,"Language modeling/generation,Coding",,120000000000.0,,,,,,,,,,,,,Likely,
notable,MiMo-V2-Pro,2026-03-18,Xiaomi Corp,Xiaomi Corp,Industry,China,Language,"Language modeling/generation,Question answering",,1020000000000.0,,,,,,,,,,,,,Confident,
notable,Composer 2,2026-03-19,Cursor,Cursor,Industry,United States of America,Language,Coding,2.32e+25,1040000000000.0,,,,,,,,NVIDIA B300 (Blackwell Ultra),NVIDIA Blackwell (B200 / GB200),API access,No,Unreleased,Confident,
notable,Qwen3.5-Omni-Flash,2026-03-29,Alibaba,Alibaba,Industry,China,Multimodal,Language modeling/generation,,,,,,,,,,,,API access,No,,Likely,
notable,Qwen3.5-Omni-Plus,2026-03-29,Alibaba,Alibaba,Industry,China,Multimodal,Language modeling/generation,,,,,,,,,,,,API access,No,,Likely,
notable,Qwen 3.6 Plus,2026-04-01,Alibaba,Alibaba,Industry,China,Multimodal,"Question answering,Language modeling/generation,Tool use",,,,,,,,,,,,API access,No,,Confident,
notable,MolmoAct 2,2026-04-05,Allen Institute for AI,"Allen Institute for AI,University of Washington,National University of Singapore,University of Pennsylvania,Johns Hopkins University,Amazon,Cortex AI",Industry-academia collaboration,Multinational,Vision,Robotic manipulation,1.1e+22,5485309424.0,,,2304.0,96.0,87155.59440596371,64.0,,NVIDIA H100 SXM5 80GB,NVIDIA H100 / H800 / H200,Open weights (unrestricted),Yes,,Likely,
notable,GLM-5.1,2026-04-07,Z.ai (Zhipu AI),Z.ai (Zhipu AI),Industry,China,Language,"Language modeling/generation,Question answering",,754000000000.0,,,,,,,,,,,,,Confident,
notable,Muse Spark,2026-04-08,Meta AI,Meta AI,Industry,United States of America,Multimodal,"Language modeling/generation,Question answering",,,,,,,,,,,,API access,No,Unreleased,Confident,
notable,EXAONE 4.5,2026-04-09,LG AI Research,LG AI Research,Industry,Korea (Republic of),Multimodal,"Language modeling/generation,Question answering",3.85e+24,33200000000.0,,,,,,,,,,Open weights (restricted use),Yes,,Confident,
notable,Gemini Flash 3.1 TTS,2026-04-15,Google DeepMind,Google DeepMind,Industry,United States of America,Audio,Audio generation,,,,,,,,,,,,API access,No,,Confident,
notable,Claude Opus 4.7,2026-04-16,Anthropic,Anthropic,Industry,United States of America,Language,"Question answering,Language modeling/generation",,,,,,,,,,,,API access,No,Unreleased,Likely,
notable,Kimi K2.6,2026-04-20,Moonshot,Moonshot,Industry,China,Language,Language modeling/generation,,1040000000000.0,,,,,,,,,,Open weights (unrestricted),Yes,,Confident,
notable,GPT Image 2,2026-04-21,OpenAI,OpenAI,Industry,United States of America,Image generation,Image generation,,,,,,,,,,,,API access,No,,Likely,
notable,GPT-5.5,2026-04-23,OpenAI,OpenAI,Industry,United States of America,Multimodal,"Language modeling/generation,Question answering",,,,,,,,,,"NVIDIA GB200,NVIDIA GB300 (Blackwell Ultra)",NVIDIA Blackwell (B200 / GB200),API access,No,Unreleased,Likely,
notable,GPT-5.5 Pro,2026-04-23,OpenAI,OpenAI,Industry,United States of America,Multimodal,"Language modeling/generation,Question answering",,,,,,,,,,,,API access,No,Unreleased,Likely,
notable,MiMo-V2.5-Pro,2026-04-23,Xiaomi Corp,Xiaomi Corp,Industry,China,Language,"Language modeling/generation,Question answering",6.804e+24,1020000000000.0,27000000000000.0,,,,,,,,,Open weights (unrestricted),Yes,,Likely,
notable,Tencent Hy3 preview,2026-04-23,Tencent,Tencent,Industry,China,Language,"Language modeling/generation,Question answering",,295000000000.0,,,,,,,,,,Open weights (restricted use),Yes,,Confident,
notable,DeepSeek-V4-Flash,2026-04-24,DeepSeek,DeepSeek,Industry,China,Language,"Language modeling/generation,Question answering",2.496e+24,284000000000.0,,,,,,,,,,Open weights (unrestricted),Yes,,Likely,
notable,DeepSeek-V4-Pro,2026-04-24,DeepSeek,DeepSeek,Industry,China,Language,"Language modeling/generation,Question answering",9.702e+24,1600000000000.0,,,,,,,,,,Open weights (unrestricted),Yes,,Likely,
notable,TML-Interaction-Small,2026-05-11,Thinking Machines,Thinking Machines,Industry,United States of America,Multimodal,"Language modeling/generation,Chat,Question answering",,276000000000.0,,,,,,,,,,Unreleased,No,,Confident,
notable,Composer 2.5,2026-05-18,Cursor,Cursor,Industry,United States of America,Language,Coding,3.87e+25,1040000000000.0,,,,,,,,NVIDIA B300 (Blackwell Ultra),NVIDIA Blackwell (B200 / GB200),,,,Likely,
notable,Gemini 3.5 Flash,2026-05-19,Google,Google,Industry,United States of America,Multimodal,"Language modeling/generation,Question answering",,,,,,,,,,,,API access,No,,Confident,
notable,Claude Opus 4.8,2026-05-28,Anthropic,Anthropic,Industry,United States of America,Language,Language modeling/generation,,,,,,,,,,,,API access,No,,Confident,
notable,MAI-Code-1-Flash,2026-06-02,Microsoft,Microsoft,Industry,United States of America,,"Coding,Language modeling/generation,Question answering",,,,,,,,,,,,API access,No,,Confident,
notable,MAI-Image-2.5,2026-06-02,Microsoft,Microsoft,Industry,United States of America,Image generation,"Image-to-image,Image generation",,,,,,,,,,,,API access,No,Unreleased,Confident,
notable,Nemotron 3 Ultra,2026-06-04,NVIDIA,NVIDIA,Industry,United States of America,Language,"Language modeling/generation,Question answering",6.6e+24,550000000000.0,,,,,,,,,,Open weights (unrestricted),Yes,,Likely,
notable,Claude Fable 5,2026-06-09,Anthropic,Anthropic,Industry,United States of America,Multimodal,"Language modeling/generation,Question answering",,,,,,,,,,,,API access,No,,Confident,
notable,Claude Mythos 5,2026-06-09,Anthropic,Anthropic,Industry,United States of America,Multimodal,"Language modeling/generation,Question answering",,,,,,,,,,,,Unreleased,No,,Confident,
notable,Solar Open2 250B,2026-06-28,Upstage,Upstage,Industry,Korea (Republic of),Language,"Language modeling,Reasoning,Tool use,Translation,Question answering",1.05e+24,250300000000.0,11000000000000.0,,1900.0,79.16666666666667,3215623.4309682944,1656.0,,"NVIDIA B200,NVIDIA H200",NVIDIA H100 / H800 / H200,Open weights (unrestricted),Yes,,Likely,
notable,Inkling,2026-07-15,Thinking Machines,Thinking Machines,Industry,United States of America,Multimodal,"Language modeling/generation,Chat",1.845e+24,975000000000.0,45000000000000.0,,,,,,,NVIDIA GB300 (Blackwell Ultra),NVIDIA Blackwell (B200 / GB200),Open weights (unrestricted),Yes,,Likely,
notable,Kimi K3,2026-07-16,Moonshot,Moonshot,Industry,China,Multimodal,Language modeling/generation,2.0001e+25,2800000000000.0,,,,,,,,,,Open weights (non-commercial),Yes,,Speculative,
notable,Qwen 3.8 Max,2026-07-19,Alibaba,Alibaba,Industry,China,Language,"Language modeling/generation,Question answering",,2400000000000.0,,,,,,,,,,API access,No,,Confident,
notable,Claude Opus 5,2026-07-24,Anthropic,Anthropic,Industry,United States of America,Multimodal,"Language modeling/generation,Chat",,,,,,,,,,,,API access,No,,Confident,
notable,A.X K2,2026-07-29,SK Telecom,SK Telecom,Industry,Korea (Republic of),Language,"Code generation,Language modeling/generation,Translation,Instruction interpretation,Mathematical reasoning,Chat,Language modeling,Language generation,Text autocompletion",1.8e+24,688000000000.0,,12400000.0,1680.0,70.0,,,,,,Open weights (unrestricted),Yes,,Confident,
notable,K-EXAONE 2.0,2026-07-31,LG AI Research,LG AI Research,Industry,Korea (Republic of),Language,"Language modeling/generation,Chat,Question answering,Code generation,Mathematical reasoning,Instruction interpretation",3.55e+24,750000000000.0,,,,,,,,,,Open weights (unrestricted),Yes,Unreleased,Confident,
