metric,group_kind,group,date,value
compute_h100e,owner,Alibaba,2023-01-01,0.0
compute_h100e,owner,Alibaba,2023-04-01,0.0
compute_h100e,owner,Alibaba,2023-07-01,0.0
compute_h100e,owner,Alibaba,2023-10-01,0.0
compute_h100e,owner,Alibaba,2024-01-01,0.0
compute_h100e,owner,Alibaba,2024-04-01,0.0
compute_h100e,owner,Alibaba,2024-07-01,0.0
compute_h100e,owner,Alibaba,2024-10-01,0.0
compute_h100e,owner,Alibaba,2025-01-01,0.0
compute_h100e,owner,Alibaba,2025-04-01,0.0
compute_h100e,owner,Alibaba,2025-07-01,0.0
compute_h100e,owner,Alibaba,2025-10-01,15967.660435
compute_h100e,owner,Alibaba,2026-01-01,15967.660435
compute_h100e,owner,Alibaba,2026-04-01,31884.790298
compute_h100e,owner,Alibaba,2026-07-01,31884.790298
compute_h100e,owner,Alibaba,2026-10-01,31884.790298
compute_h100e,owner,Alibaba,2027-01-01,31884.790298
compute_h100e,owner,Alibaba,2027-04-01,31884.790298
compute_h100e,owner,Alibaba,2027-07-01,31884.790298
compute_h100e,owner,Alibaba,2027-10-01,31884.790298
compute_h100e,owner,Alibaba,2028-01-01,31884.790298
compute_h100e,owner,Alibaba,2028-04-01,31884.790298
compute_h100e,owner,Alibaba,2028-07-01,31884.790298
compute_h100e,owner,Alibaba,2028-10-01,31884.790298
compute_h100e,owner,Alibaba,2029-01-01,31884.790298
compute_h100e,owner,Alibaba,2029-04-01,31884.790298
compute_h100e,owner,Alibaba,2029-07-01,31884.790298
compute_h100e,owner,Alibaba,2029-10-01,31884.790298
compute_h100e,owner,Alibaba,2030-01-01,31884.790298
compute_h100e,owner,Amazon,2023-01-01,0.0
compute_h100e,owner,Amazon,2023-04-01,0.0
compute_h100e,owner,Amazon,2023-07-01,0.0
compute_h100e,owner,Amazon,2023-10-01,0.0
compute_h100e,owner,Amazon,2024-01-01,0.0
compute_h100e,owner,Amazon,2024-04-01,0.0
compute_h100e,owner,Amazon,2024-07-01,0.0
compute_h100e,owner,Amazon,2024-10-01,0.0
compute_h100e,owner,Amazon,2025-01-01,0.0
compute_h100e,owner,Amazon,2025-04-01,0.0
compute_h100e,owner,Amazon,2025-07-01,514499.735258
compute_h100e,owner,Amazon,2025-10-01,514499.735258
compute_h100e,owner,Amazon,2026-01-01,685798.370933
compute_h100e,owner,Amazon,2026-04-01,900260.220352
compute_h100e,owner,Amazon,2026-07-01,1071558.856027
compute_h100e,owner,Amazon,2026-10-01,1071558.856027
compute_h100e,owner,Amazon,2027-01-01,1204075.278462
compute_h100e,owner,Amazon,2027-04-01,1332765.521226
compute_h100e,owner,Amazon,2027-07-01,1332765.521226
compute_h100e,owner,Amazon,2027-10-01,1332765.521226
compute_h100e,owner,Amazon,2028-01-01,1332765.521226
compute_h100e,owner,Amazon,2028-04-01,2474723.568764
compute_h100e,owner,Amazon,2028-07-01,2474723.568764
compute_h100e,owner,Amazon,2028-10-01,3048750.855272
compute_h100e,owner,Amazon,2029-01-01,3048750.855272
compute_h100e,owner,Amazon,2029-04-01,3048750.855272
compute_h100e,owner,Amazon,2029-07-01,3048750.855272
compute_h100e,owner,Amazon,2029-10-01,3048750.855272
compute_h100e,owner,Amazon,2030-01-01,3048750.855272
compute_h100e,owner,SpaceXAI,2023-01-01,0.0
compute_h100e,owner,SpaceXAI,2023-04-01,0.0
compute_h100e,owner,SpaceXAI,2023-07-01,0.0
compute_h100e,owner,SpaceXAI,2023-10-01,0.0
compute_h100e,owner,SpaceXAI,2024-01-01,0.0
compute_h100e,owner,SpaceXAI,2024-04-01,0.0
compute_h100e,owner,SpaceXAI,2024-07-01,0.0
compute_h100e,owner,SpaceXAI,2024-10-01,100000.0
compute_h100e,owner,SpaceXAI,2025-01-01,100000.0
compute_h100e,owner,SpaceXAI,2025-04-01,211470.439616
compute_h100e,owner,SpaceXAI,2025-07-01,211470.439616
compute_h100e,owner,SpaceXAI,2025-10-01,220595.5203
compute_h100e,owner,SpaceXAI,2026-01-01,565184.436584
compute_h100e,owner,SpaceXAI,2026-04-01,565184.436584
compute_h100e,owner,SpaceXAI,2026-07-01,1398938.858009
compute_h100e,owner,SpaceXAI,2026-10-01,1398938.858009
compute_h100e,owner,SpaceXAI,2027-01-01,1398938.858009
compute_h100e,owner,SpaceXAI,2027-04-01,2111419.909045
compute_h100e,owner,SpaceXAI,2027-07-01,2111419.909045
compute_h100e,owner,SpaceXAI,2027-10-01,2111419.909045
compute_h100e,owner,SpaceXAI,2028-01-01,2111419.909045
compute_h100e,owner,SpaceXAI,2028-04-01,2111419.909045
compute_h100e,owner,SpaceXAI,2028-07-01,2111419.909045
compute_h100e,owner,SpaceXAI,2028-10-01,2111419.909045
compute_h100e,owner,SpaceXAI,2029-01-01,2111419.909045
compute_h100e,owner,SpaceXAI,2029-04-01,2111419.909045
compute_h100e,owner,SpaceXAI,2029-07-01,2111419.909045
compute_h100e,owner,SpaceXAI,2029-10-01,2111419.909045
compute_h100e,owner,SpaceXAI,2030-01-01,2111419.909045
compute_h100e,owner,CoreWeave,2023-01-01,0.0
compute_h100e,owner,CoreWeave,2023-04-01,0.0
compute_h100e,owner,CoreWeave,2023-07-01,0.0
compute_h100e,owner,CoreWeave,2023-10-01,0.0
compute_h100e,owner,CoreWeave,2024-01-01,0.0
compute_h100e,owner,CoreWeave,2024-04-01,14805.457302
compute_h100e,owner,CoreWeave,2024-07-01,22081.859525
compute_h100e,owner,CoreWeave,2024-10-01,22081.859525
compute_h100e,owner,CoreWeave,2025-01-01,22081.859525
compute_h100e,owner,CoreWeave,2025-04-01,22081.859525
compute_h100e,owner,CoreWeave,2025-07-01,29863.567458
compute_h100e,owner,CoreWeave,2025-10-01,29863.567458
compute_h100e,owner,CoreWeave,2026-01-01,180242.546741
compute_h100e,owner,CoreWeave,2026-04-01,317584.638706
compute_h100e,owner,CoreWeave,2026-07-01,578854.446357
compute_h100e,owner,CoreWeave,2026-10-01,705180.873846
compute_h100e,owner,CoreWeave,2027-01-01,1002805.937009
compute_h100e,owner,CoreWeave,2027-04-01,1002805.937009
compute_h100e,owner,CoreWeave,2027-07-01,1245352.677787
compute_h100e,owner,CoreWeave,2027-10-01,1245352.677787
compute_h100e,owner,CoreWeave,2028-01-01,1671581.024771
compute_h100e,owner,CoreWeave,2028-04-01,1671581.024771
compute_h100e,owner,CoreWeave,2028-07-01,1671581.024771
compute_h100e,owner,CoreWeave,2028-10-01,1671581.024771
compute_h100e,owner,CoreWeave,2029-01-01,1831132.793008
compute_h100e,owner,CoreWeave,2029-04-01,1831132.793008
compute_h100e,owner,CoreWeave,2029-07-01,1831132.793008
compute_h100e,owner,CoreWeave,2029-10-01,1831132.793008
compute_h100e,owner,CoreWeave,2030-01-01,1831132.793008
compute_h100e,owner,Microsoft,2023-01-01,7882.769075
compute_h100e,owner,Microsoft,2023-04-01,7882.769075
compute_h100e,owner,Microsoft,2023-07-01,69732.187974
compute_h100e,owner,Microsoft,2023-10-01,69732.187974
compute_h100e,owner,Microsoft,2024-01-01,69732.187974
compute_h100e,owner,Microsoft,2024-04-01,69732.187974
compute_h100e,owner,Microsoft,2024-07-01,115108.640728
compute_h100e,owner,Microsoft,2024-10-01,115108.640728
compute_h100e,owner,Microsoft,2025-01-01,115108.640728
compute_h100e,owner,Microsoft,2025-04-01,259120.768065
compute_h100e,owner,Microsoft,2025-07-01,259120.768065
compute_h100e,owner,Microsoft,2025-10-01,406164.729661
compute_h100e,owner,Microsoft,2026-01-01,826435.708893
compute_h100e,owner,Microsoft,2026-04-01,858623.682617
compute_h100e,owner,Microsoft,2026-07-01,1685090.096513
compute_h100e,owner,Microsoft,2026-10-01,1685090.096513
compute_h100e,owner,Microsoft,2027-01-01,1685090.096513
compute_h100e,owner,Microsoft,2027-04-01,2128748.509853
compute_h100e,owner,Microsoft,2027-07-01,2128748.509853
compute_h100e,owner,Microsoft,2027-10-01,2982715.159677
compute_h100e,owner,Microsoft,2028-01-01,3836681.8095
compute_h100e,owner,Microsoft,2028-04-01,3836681.8095
compute_h100e,owner,Microsoft,2028-07-01,7474882.921172
compute_h100e,owner,Microsoft,2028-10-01,7474882.921172
compute_h100e,owner,Microsoft,2029-01-01,7474882.921172
compute_h100e,owner,Microsoft,2029-04-01,7474882.921172
compute_h100e,owner,Microsoft,2029-07-01,7474882.921172
compute_h100e,owner,Microsoft,2029-10-01,7474882.921172
compute_h100e,owner,Microsoft,2030-01-01,7474882.921172
compute_h100e,owner,Unknown,2023-01-01,0.0
compute_h100e,owner,Unknown,2023-04-01,0.0
compute_h100e,owner,Unknown,2023-07-01,0.0
compute_h100e,owner,Unknown,2023-10-01,0.0
compute_h100e,owner,Unknown,2024-01-01,0.0
compute_h100e,owner,Unknown,2024-04-01,33855.482567
compute_h100e,owner,Unknown,2024-07-01,67710.965134
compute_h100e,owner,Unknown,2024-10-01,128852.956038
compute_h100e,owner,Unknown,2025-01-01,163252.683173
compute_h100e,owner,Unknown,2025-04-01,273409.327943
compute_h100e,owner,Unknown,2025-07-01,331519.484588
compute_h100e,owner,Unknown,2025-10-01,331519.484588
compute_h100e,owner,Unknown,2026-01-01,477047.529055
compute_h100e,owner,Unknown,2026-04-01,821134.815563
compute_h100e,owner,Unknown,2026-07-01,1027956.442648
compute_h100e,owner,Unknown,2026-10-01,1027956.442648
compute_h100e,owner,Unknown,2027-01-01,2467098.353284
compute_h100e,owner,Unknown,2027-04-01,2583318.666573
compute_h100e,owner,Unknown,2027-07-01,2583318.666573
compute_h100e,owner,Unknown,2027-10-01,2699235.796437
compute_h100e,owner,Unknown,2028-01-01,5420572.994916
compute_h100e,owner,Unknown,2028-04-01,5420572.994916
compute_h100e,owner,Unknown,2028-07-01,5420572.994916
compute_h100e,owner,Unknown,2028-10-01,5420572.994916
compute_h100e,owner,Unknown,2029-01-01,5420572.994916
compute_h100e,owner,Unknown,2029-04-01,5420572.994916
compute_h100e,owner,Unknown,2029-07-01,5420572.994916
compute_h100e,owner,Unknown,2029-10-01,5420572.994916
compute_h100e,owner,Unknown,2030-01-01,5534620.493652
compute_h100e,owner,Fluidstack,2023-01-01,0.0
compute_h100e,owner,Fluidstack,2023-04-01,0.0
compute_h100e,owner,Fluidstack,2023-07-01,0.0
compute_h100e,owner,Fluidstack,2023-10-01,0.0
compute_h100e,owner,Fluidstack,2024-01-01,0.0
compute_h100e,owner,Fluidstack,2024-04-01,0.0
compute_h100e,owner,Fluidstack,2024-07-01,0.0
compute_h100e,owner,Fluidstack,2024-10-01,0.0
compute_h100e,owner,Fluidstack,2025-01-01,0.0
compute_h100e,owner,Fluidstack,2025-04-01,0.0
compute_h100e,owner,Fluidstack,2025-07-01,0.0
compute_h100e,owner,Fluidstack,2025-10-01,19858.514401
compute_h100e,owner,Fluidstack,2026-01-01,19858.514401
compute_h100e,owner,Fluidstack,2026-04-01,71753.410814
compute_h100e,owner,Fluidstack,2026-07-01,130368.873168
compute_h100e,owner,Fluidstack,2026-10-01,130368.873168
compute_h100e,owner,Fluidstack,2027-01-01,525517.938353
compute_h100e,owner,Fluidstack,2027-04-01,1045982.819606
compute_h100e,owner,Fluidstack,2027-07-01,1045982.819606
compute_h100e,owner,Fluidstack,2027-10-01,1045982.819606
compute_h100e,owner,Fluidstack,2028-01-01,1045982.819606
compute_h100e,owner,Fluidstack,2028-04-01,1045982.819606
compute_h100e,owner,Fluidstack,2028-07-01,1045982.819606
compute_h100e,owner,Fluidstack,2028-10-01,1045982.819606
compute_h100e,owner,Fluidstack,2029-01-01,1045982.819606
compute_h100e,owner,Fluidstack,2029-04-01,1045982.819606
compute_h100e,owner,Fluidstack,2029-07-01,1045982.819606
compute_h100e,owner,Fluidstack,2029-10-01,1045982.819606
compute_h100e,owner,Fluidstack,2030-01-01,1045982.819606
compute_h100e,owner,Google,2023-01-01,0.0
compute_h100e,owner,Google,2023-04-01,20970.186963
compute_h100e,owner,Google,2023-07-01,20970.186963
compute_h100e,owner,Google,2023-10-01,61748.357756
compute_h100e,owner,Google,2024-01-01,96311.268317
compute_h100e,owner,Google,2024-04-01,128852.956038
compute_h100e,owner,Google,2024-07-01,252362.657908
compute_h100e,owner,Google,2024-10-01,386319.201617
compute_h100e,owner,Google,2025-01-01,522600.151592
compute_h100e,owner,Google,2025-04-01,695717.887822
compute_h100e,owner,Google,2025-07-01,1276784.234462
compute_h100e,owner,Google,2025-10-01,1629992.92572
compute_h100e,owner,Google,2026-01-01,1884464.881253
compute_h100e,owner,Google,2026-04-01,1884464.881253
compute_h100e,owner,Google,2026-07-01,3076499.747347
compute_h100e,owner,Google,2026-10-01,4700046.993431
compute_h100e,owner,Google,2027-01-01,5731679.130874
compute_h100e,owner,Google,2027-04-01,6126797.877716
compute_h100e,owner,Google,2027-07-01,7234913.087418
compute_h100e,owner,Google,2027-10-01,9846332.996463
compute_h100e,owner,Google,2028-01-01,9846332.996463
compute_h100e,owner,Google,2028-04-01,14459774.128348
compute_h100e,owner,Google,2028-07-01,14459774.128348
compute_h100e,owner,Google,2028-10-01,14954973.724103
compute_h100e,owner,Google,2029-01-01,14954973.724103
compute_h100e,owner,Google,2029-04-01,14954973.724103
compute_h100e,owner,Google,2029-07-01,14954973.724103
compute_h100e,owner,Google,2029-10-01,14954973.724103
compute_h100e,owner,Google,2030-01-01,14954973.724103
compute_h100e,owner,Huawei,2023-01-01,0.0
compute_h100e,owner,Huawei,2023-04-01,0.0
compute_h100e,owner,Huawei,2023-07-01,0.0
compute_h100e,owner,Huawei,2023-10-01,0.0
compute_h100e,owner,Huawei,2024-01-01,0.0
compute_h100e,owner,Huawei,2024-04-01,0.0
compute_h100e,owner,Huawei,2024-07-01,0.0
compute_h100e,owner,Huawei,2024-10-01,0.0
compute_h100e,owner,Huawei,2025-01-01,0.0
compute_h100e,owner,Huawei,2025-04-01,0.0
compute_h100e,owner,Huawei,2025-07-01,46235.472461
compute_h100e,owner,Huawei,2025-10-01,46235.472461
compute_h100e,owner,Huawei,2026-01-01,46235.472461
compute_h100e,owner,Huawei,2026-04-01,72764.022233
compute_h100e,owner,Huawei,2026-07-01,117230.924709
compute_h100e,owner,Huawei,2026-10-01,117230.924709
compute_h100e,owner,Huawei,2027-01-01,117230.924709
compute_h100e,owner,Huawei,2027-04-01,117230.924709
compute_h100e,owner,Huawei,2027-07-01,117230.924709
compute_h100e,owner,Huawei,2027-10-01,117230.924709
compute_h100e,owner,Huawei,2028-01-01,117230.924709
compute_h100e,owner,Huawei,2028-04-01,117230.924709
compute_h100e,owner,Huawei,2028-07-01,117230.924709
compute_h100e,owner,Huawei,2028-10-01,117230.924709
compute_h100e,owner,Huawei,2029-01-01,117230.924709
compute_h100e,owner,Huawei,2029-04-01,117230.924709
compute_h100e,owner,Huawei,2029-07-01,117230.924709
compute_h100e,owner,Huawei,2029-10-01,117230.924709
compute_h100e,owner,Huawei,2030-01-01,117230.924709
compute_h100e,owner,Meta,2023-01-01,0.0
compute_h100e,owner,Meta,2023-04-01,0.0
compute_h100e,owner,Meta,2023-07-01,0.0
compute_h100e,owner,Meta,2023-10-01,0.0
compute_h100e,owner,Meta,2024-01-01,0.0
compute_h100e,owner,Meta,2024-04-01,0.0
compute_h100e,owner,Meta,2024-07-01,0.0
compute_h100e,owner,Meta,2024-10-01,0.0
compute_h100e,owner,Meta,2025-01-01,0.0
compute_h100e,owner,Meta,2025-04-01,0.0
compute_h100e,owner,Meta,2025-07-01,0.0
compute_h100e,owner,Meta,2025-10-01,0.0
compute_h100e,owner,Meta,2026-01-01,416567.530499
compute_h100e,owner,Meta,2026-04-01,917830.794774
compute_h100e,owner,Meta,2026-07-01,2053439.688154
compute_h100e,owner,Meta,2026-10-01,2776955.049419
compute_h100e,owner,Meta,2027-01-01,2776955.049419
compute_h100e,owner,Meta,2027-04-01,3088246.105507
compute_h100e,owner,Meta,2027-07-01,3088246.105507
compute_h100e,owner,Meta,2027-10-01,3088246.105507
compute_h100e,owner,Meta,2028-01-01,7341840.345022
compute_h100e,owner,Meta,2028-04-01,7341840.345022
compute_h100e,owner,Meta,2028-07-01,7341840.345022
compute_h100e,owner,Meta,2028-10-01,7341840.345022
compute_h100e,owner,Meta,2029-01-01,7341840.345022
compute_h100e,owner,Meta,2029-04-01,7341840.345022
compute_h100e,owner,Meta,2029-07-01,7341840.345022
compute_h100e,owner,Meta,2029-10-01,7341840.345022
compute_h100e,owner,Meta,2030-01-01,7341840.345022
compute_h100e,owner,Nebius,2023-01-01,0.0
compute_h100e,owner,Nebius,2023-04-01,0.0
compute_h100e,owner,Nebius,2023-07-01,0.0
compute_h100e,owner,Nebius,2023-10-01,0.0
compute_h100e,owner,Nebius,2024-01-01,0.0
compute_h100e,owner,Nebius,2024-04-01,0.0
compute_h100e,owner,Nebius,2024-07-01,0.0
compute_h100e,owner,Nebius,2024-10-01,0.0
compute_h100e,owner,Nebius,2025-01-01,0.0
compute_h100e,owner,Nebius,2025-04-01,0.0
compute_h100e,owner,Nebius,2025-07-01,0.0
compute_h100e,owner,Nebius,2025-10-01,0.0
compute_h100e,owner,Nebius,2026-01-01,0.0
compute_h100e,owner,Nebius,2026-04-01,0.0
compute_h100e,owner,Nebius,2026-07-01,56846.89237
compute_h100e,owner,Nebius,2026-10-01,56846.89237
compute_h100e,owner,Nebius,2027-01-01,56846.89237
compute_h100e,owner,Nebius,2027-04-01,56846.89237
compute_h100e,owner,Nebius,2027-07-01,56846.89237
compute_h100e,owner,Nebius,2027-10-01,56846.89237
compute_h100e,owner,Nebius,2028-01-01,56846.89237
compute_h100e,owner,Nebius,2028-04-01,56846.89237
compute_h100e,owner,Nebius,2028-07-01,56846.89237
compute_h100e,owner,Nebius,2028-10-01,56846.89237
compute_h100e,owner,Nebius,2029-01-01,56846.89237
compute_h100e,owner,Nebius,2029-04-01,56846.89237
compute_h100e,owner,Nebius,2029-07-01,56846.89237
compute_h100e,owner,Nebius,2029-10-01,56846.89237
compute_h100e,owner,Nebius,2030-01-01,56846.89237
compute_h100e,owner,Oracle,2023-01-01,0.0
compute_h100e,owner,Oracle,2023-04-01,0.0
compute_h100e,owner,Oracle,2023-07-01,0.0
compute_h100e,owner,Oracle,2023-10-01,0.0
compute_h100e,owner,Oracle,2024-01-01,0.0
compute_h100e,owner,Oracle,2024-04-01,0.0
compute_h100e,owner,Oracle,2024-07-01,0.0
compute_h100e,owner,Oracle,2024-10-01,0.0
compute_h100e,owner,Oracle,2025-01-01,0.0
compute_h100e,owner,Oracle,2025-04-01,0.0
compute_h100e,owner,Oracle,2025-07-01,40424.456796
compute_h100e,owner,Oracle,2025-10-01,167761.495705
compute_h100e,owner,Oracle,2026-01-01,295098.534613
compute_h100e,owner,Oracle,2026-04-01,295098.534613
compute_h100e,owner,Oracle,2026-07-01,593734.209197
compute_h100e,owner,Oracle,2026-10-01,593734.209197
compute_h100e,owner,Oracle,2027-01-01,1103082.364831
compute_h100e,owner,Oracle,2027-04-01,1103082.364831
compute_h100e,owner,Oracle,2027-07-01,1103082.364831
compute_h100e,owner,Oracle,2027-10-01,1458312.278929
compute_h100e,owner,Oracle,2028-01-01,2169277.412835
compute_h100e,owner,Oracle,2028-04-01,2881758.463871
compute_h100e,owner,Oracle,2028-07-01,3993431.025771
compute_h100e,owner,Oracle,2028-10-01,3993431.025771
compute_h100e,owner,Oracle,2029-01-01,16277412.834765
compute_h100e,owner,Oracle,2029-04-01,16277412.834765
compute_h100e,owner,Oracle,2029-07-01,16277412.834765
compute_h100e,owner,Oracle,2029-10-01,16277412.834765
compute_h100e,owner,Oracle,2030-01-01,16277412.834765
compute_h100e,owner,Softbank,2023-01-01,0.0
compute_h100e,owner,Softbank,2023-04-01,0.0
compute_h100e,owner,Softbank,2023-07-01,0.0
compute_h100e,owner,Softbank,2023-10-01,0.0
compute_h100e,owner,Softbank,2024-01-01,0.0
compute_h100e,owner,Softbank,2024-04-01,0.0
compute_h100e,owner,Softbank,2024-07-01,0.0
compute_h100e,owner,Softbank,2024-10-01,0.0
compute_h100e,owner,Softbank,2025-01-01,0.0
compute_h100e,owner,Softbank,2025-04-01,0.0
compute_h100e,owner,Softbank,2025-07-01,0.0
compute_h100e,owner,Softbank,2025-10-01,0.0
compute_h100e,owner,Softbank,2026-01-01,0.0
compute_h100e,owner,Softbank,2026-04-01,0.0
compute_h100e,owner,Softbank,2026-07-01,0.0
compute_h100e,owner,Softbank,2026-10-01,0.0
compute_h100e,owner,Softbank,2027-01-01,0.0
compute_h100e,owner,Softbank,2027-04-01,0.0
compute_h100e,owner,Softbank,2027-07-01,0.0
compute_h100e,owner,Softbank,2027-10-01,0.0
compute_h100e,owner,Softbank,2028-01-01,0.0
compute_h100e,owner,Softbank,2028-04-01,0.0
compute_h100e,owner,Softbank,2028-07-01,0.0
compute_h100e,owner,Softbank,2028-10-01,0.0
compute_h100e,owner,Softbank,2029-01-01,2496210.207175
compute_h100e,owner,Softbank,2029-04-01,2496210.207175
compute_h100e,owner,Softbank,2029-07-01,2496210.207175
compute_h100e,owner,Softbank,2029-10-01,2496210.207175
compute_h100e,owner,Softbank,2030-01-01,2496210.207175
compute_h100e,owner,G42,2023-01-01,0.0
compute_h100e,owner,G42,2023-04-01,0.0
compute_h100e,owner,G42,2023-07-01,0.0
compute_h100e,owner,G42,2023-10-01,0.0
compute_h100e,owner,G42,2024-01-01,0.0
compute_h100e,owner,G42,2024-04-01,0.0
compute_h100e,owner,G42,2024-07-01,0.0
compute_h100e,owner,G42,2024-10-01,0.0
compute_h100e,owner,G42,2025-01-01,0.0
compute_h100e,owner,G42,2025-04-01,0.0
compute_h100e,owner,G42,2025-07-01,0.0
compute_h100e,owner,G42,2025-10-01,0.0
compute_h100e,owner,G42,2026-01-01,0.0
compute_h100e,owner,G42,2026-04-01,0.0
compute_h100e,owner,G42,2026-07-01,0.0
compute_h100e,owner,G42,2026-10-01,0.0
compute_h100e,owner,G42,2027-01-01,252652.854977
compute_h100e,owner,G42,2027-04-01,252652.854977
compute_h100e,owner,G42,2027-07-01,252652.854977
compute_h100e,owner,G42,2027-10-01,252652.854977
compute_h100e,owner,G42,2028-01-01,2021222.839818
compute_h100e,owner,G42,2028-04-01,2021222.839818
compute_h100e,owner,G42,2028-07-01,2021222.839818
compute_h100e,owner,G42,2028-10-01,2021222.839818
compute_h100e,owner,G42,2029-01-01,2021222.839818
compute_h100e,owner,G42,2029-04-01,2021222.839818
compute_h100e,owner,G42,2029-07-01,2021222.839818
compute_h100e,owner,G42,2029-10-01,2021222.839818
compute_h100e,owner,G42,2030-01-01,2021222.839818
compute_h100e,owner,Firmus,2023-01-01,0.0
compute_h100e,owner,Firmus,2023-04-01,0.0
compute_h100e,owner,Firmus,2023-07-01,0.0
compute_h100e,owner,Firmus,2023-10-01,0.0
compute_h100e,owner,Firmus,2024-01-01,0.0
compute_h100e,owner,Firmus,2024-04-01,0.0
compute_h100e,owner,Firmus,2024-07-01,0.0
compute_h100e,owner,Firmus,2024-10-01,0.0
compute_h100e,owner,Firmus,2025-01-01,0.0
compute_h100e,owner,Firmus,2025-04-01,0.0
compute_h100e,owner,Firmus,2025-07-01,0.0
compute_h100e,owner,Firmus,2025-10-01,0.0
compute_h100e,owner,Firmus,2026-01-01,0.0
compute_h100e,owner,Firmus,2026-04-01,0.0
compute_h100e,owner,Firmus,2026-07-01,0.0
compute_h100e,owner,Firmus,2026-10-01,46488.125316
compute_h100e,owner,Firmus,2027-01-01,46488.125316
compute_h100e,owner,Firmus,2027-04-01,46488.125316
compute_h100e,owner,Firmus,2027-07-01,46488.125316
compute_h100e,owner,Firmus,2027-10-01,46488.125316
compute_h100e,owner,Firmus,2028-01-01,46488.125316
compute_h100e,owner,Firmus,2028-04-01,46488.125316
compute_h100e,owner,Firmus,2028-07-01,46488.125316
compute_h100e,owner,Firmus,2028-10-01,46488.125316
compute_h100e,owner,Firmus,2029-01-01,46488.125316
compute_h100e,owner,Firmus,2029-04-01,46488.125316
compute_h100e,owner,Firmus,2029-07-01,46488.125316
compute_h100e,owner,Firmus,2029-10-01,46488.125316
compute_h100e,owner,Firmus,2030-01-01,46488.125316
compute_h100e,owner,Nscale,2023-01-01,0.0
compute_h100e,owner,Nscale,2023-04-01,0.0
compute_h100e,owner,Nscale,2023-07-01,0.0
compute_h100e,owner,Nscale,2023-10-01,0.0
compute_h100e,owner,Nscale,2024-01-01,0.0
compute_h100e,owner,Nscale,2024-04-01,0.0
compute_h100e,owner,Nscale,2024-07-01,0.0
compute_h100e,owner,Nscale,2024-10-01,0.0
compute_h100e,owner,Nscale,2025-01-01,0.0
compute_h100e,owner,Nscale,2025-04-01,0.0
compute_h100e,owner,Nscale,2025-07-01,0.0
compute_h100e,owner,Nscale,2025-10-01,0.0
compute_h100e,owner,Nscale,2026-01-01,0.0
compute_h100e,owner,Nscale,2026-04-01,0.0
compute_h100e,owner,Nscale,2026-07-01,31834.259727
compute_h100e,owner,Nscale,2026-10-01,31834.259727
compute_h100e,owner,Nscale,2027-01-01,31834.259727
compute_h100e,owner,Nscale,2027-04-01,31834.259727
compute_h100e,owner,Nscale,2027-07-01,31834.259727
compute_h100e,owner,Nscale,2027-10-01,540677.109651
compute_h100e,owner,Nscale,2028-01-01,540677.109651
compute_h100e,owner,Nscale,2028-04-01,540677.109651
compute_h100e,owner,Nscale,2028-07-01,540677.109651
compute_h100e,owner,Nscale,2028-10-01,540677.109651
compute_h100e,owner,Nscale,2029-01-01,540677.109651
compute_h100e,owner,Nscale,2029-04-01,540677.109651
compute_h100e,owner,Nscale,2029-07-01,540677.109651
compute_h100e,owner,Nscale,2029-10-01,540677.109651
compute_h100e,owner,Nscale,2030-01-01,540677.109651
compute_h100e,owner,VNET,2023-01-01,0.0
compute_h100e,owner,VNET,2023-04-01,0.0
compute_h100e,owner,VNET,2023-07-01,0.0
compute_h100e,owner,VNET,2023-10-01,0.0
compute_h100e,owner,VNET,2024-01-01,0.0
compute_h100e,owner,VNET,2024-04-01,0.0
compute_h100e,owner,VNET,2024-07-01,0.0
compute_h100e,owner,VNET,2024-10-01,0.0
compute_h100e,owner,VNET,2025-01-01,0.0
compute_h100e,owner,VNET,2025-04-01,0.0
compute_h100e,owner,VNET,2025-07-01,20970.186963
compute_h100e,owner,VNET,2025-10-01,20970.186963
compute_h100e,owner,VNET,2026-01-01,122789.287519
compute_h100e,owner,VNET,2026-04-01,122789.287519
compute_h100e,owner,VNET,2026-07-01,122789.287519
compute_h100e,owner,VNET,2026-10-01,122789.287519
compute_h100e,owner,VNET,2027-01-01,122789.287519
compute_h100e,owner,VNET,2027-04-01,122789.287519
compute_h100e,owner,VNET,2027-07-01,122789.287519
compute_h100e,owner,VNET,2027-10-01,388074.785245
compute_h100e,owner,VNET,2028-01-01,388074.785245
compute_h100e,owner,VNET,2028-04-01,388074.785245
compute_h100e,owner,VNET,2028-07-01,388074.785245
compute_h100e,owner,VNET,2028-10-01,388074.785245
compute_h100e,owner,VNET,2029-01-01,388074.785245
compute_h100e,owner,VNET,2029-04-01,388074.785245
compute_h100e,owner,VNET,2029-07-01,388074.785245
compute_h100e,owner,VNET,2029-10-01,388074.785245
compute_h100e,owner,VNET,2030-01-01,388074.785245
compute_h100e,country,China,2023-01-01,0.0
compute_h100e,country,China,2023-04-01,0.0
compute_h100e,country,China,2023-07-01,0.0
compute_h100e,country,China,2023-10-01,0.0
compute_h100e,country,China,2024-01-01,0.0
compute_h100e,country,China,2024-04-01,0.0
compute_h100e,country,China,2024-07-01,0.0
compute_h100e,country,China,2024-10-01,0.0
compute_h100e,country,China,2025-01-01,0.0
compute_h100e,country,China,2025-04-01,0.0
compute_h100e,country,China,2025-07-01,67205.659424
compute_h100e,country,China,2025-10-01,83173.319859
compute_h100e,country,China,2026-01-01,184992.420414
compute_h100e,country,China,2026-04-01,227438.100051
compute_h100e,country,China,2026-07-01,271905.002527
compute_h100e,country,China,2026-10-01,271905.002527
compute_h100e,country,China,2027-01-01,271905.002527
compute_h100e,country,China,2027-04-01,271905.002527
compute_h100e,country,China,2027-07-01,271905.002527
compute_h100e,country,China,2027-10-01,537190.500253
compute_h100e,country,China,2028-01-01,537190.500253
compute_h100e,country,China,2028-04-01,537190.500253
compute_h100e,country,China,2028-07-01,537190.500253
compute_h100e,country,China,2028-10-01,537190.500253
compute_h100e,country,China,2029-01-01,537190.500253
compute_h100e,country,China,2029-04-01,537190.500253
compute_h100e,country,China,2029-07-01,537190.500253
compute_h100e,country,China,2029-10-01,537190.500253
compute_h100e,country,China,2030-01-01,537190.500253
compute_h100e,country,United States,2023-01-01,7882.769075
compute_h100e,country,United States,2023-04-01,28852.956038
compute_h100e,country,United States,2023-07-01,90702.374937
compute_h100e,country,United States,2023-10-01,131480.54573
compute_h100e,country,United States,2024-01-01,166043.456291
compute_h100e,country,United States,2024-04-01,247246.083881
compute_h100e,country,United States,2024-07-01,457264.123295
compute_h100e,country,United States,2024-10-01,752362.657908
compute_h100e,country,United States,2025-01-01,888643.607883
compute_h100e,country,United States,2025-04-01,1427400.555836
compute_h100e,country,United States,2025-07-01,2588858.502313
compute_h100e,country,United States,2025-10-01,3121631.890223
compute_h100e,country,United States,2026-01-01,5152073.970103
compute_h100e,country,United States,2026-04-01,6186040.619926
compute_h100e,country,United States,2026-07-01,11183431.717673
compute_h100e,country,United States,2026-10-01,13656820.75251
compute_h100e,country,United States,2027-01-01,17160067.160366
compute_h100e,country,United States,2027-04-01,19787991.86498
compute_h100e,country,United States,2027-07-01,21138653.81546
compute_h100e,country,United States,2027-10-01,25075187.41829
compute_h100e,country,United States,2028-01-01,34041278.986997
compute_h100e,country,United States,2028-04-01,40509159.217455
compute_h100e,country,United States,2028-07-01,45259032.891027
compute_h100e,country,United States,2028-10-01,46328259.773291
compute_h100e,country,United States,2029-01-01,61268003.557698
compute_h100e,country,United States,2029-04-01,61268003.557698
compute_h100e,country,United States,2029-07-01,61268003.557698
compute_h100e,country,United States,2029-10-01,61268003.557698
compute_h100e,country,United States,2030-01-01,61382051.056434
compute_h100e,country,Malaysia,2023-01-01,0.0
compute_h100e,country,Malaysia,2023-04-01,0.0
compute_h100e,country,Malaysia,2023-07-01,0.0
compute_h100e,country,Malaysia,2023-10-01,0.0
compute_h100e,country,Malaysia,2024-01-01,0.0
compute_h100e,country,Malaysia,2024-04-01,0.0
compute_h100e,country,Malaysia,2024-07-01,0.0
compute_h100e,country,Malaysia,2024-10-01,0.0
compute_h100e,country,Malaysia,2025-01-01,34399.727135
compute_h100e,country,Malaysia,2025-04-01,34399.727135
compute_h100e,country,Malaysia,2025-07-01,34399.727135
compute_h100e,country,Malaysia,2025-10-01,34399.727135
compute_h100e,country,Malaysia,2026-01-01,34399.727135
compute_h100e,country,Malaysia,2026-04-01,281670.439616
compute_h100e,country,Malaysia,2026-07-01,281670.439616
compute_h100e,country,Malaysia,2026-10-01,281670.439616
compute_h100e,country,Malaysia,2027-01-01,583836.786256
compute_h100e,country,Malaysia,2027-04-01,583836.786256
compute_h100e,country,Malaysia,2027-07-01,583836.786256
compute_h100e,country,Malaysia,2027-10-01,583836.786256
compute_h100e,country,Malaysia,2028-01-01,583836.786256
compute_h100e,country,Malaysia,2028-04-01,583836.786256
compute_h100e,country,Malaysia,2028-07-01,583836.786256
compute_h100e,country,Malaysia,2028-10-01,583836.786256
compute_h100e,country,Malaysia,2029-01-01,583836.786256
compute_h100e,country,Malaysia,2029-04-01,583836.786256
compute_h100e,country,Malaysia,2029-07-01,583836.786256
compute_h100e,country,Malaysia,2029-10-01,583836.786256
compute_h100e,country,Malaysia,2030-01-01,583836.786256
compute_h100e,country,United Kingdom,2023-01-01,0.0
compute_h100e,country,United Kingdom,2023-04-01,0.0
compute_h100e,country,United Kingdom,2023-07-01,0.0
compute_h100e,country,United Kingdom,2023-10-01,0.0
compute_h100e,country,United Kingdom,2024-01-01,0.0
compute_h100e,country,United Kingdom,2024-04-01,0.0
compute_h100e,country,United Kingdom,2024-07-01,0.0
compute_h100e,country,United Kingdom,2024-10-01,0.0
compute_h100e,country,United Kingdom,2025-01-01,0.0
compute_h100e,country,United Kingdom,2025-04-01,0.0
compute_h100e,country,United Kingdom,2025-07-01,0.0
compute_h100e,country,United Kingdom,2025-10-01,123799.898939
compute_h100e,country,United Kingdom,2026-01-01,123799.898939
compute_h100e,country,United Kingdom,2026-04-01,123799.898939
compute_h100e,country,United Kingdom,2026-07-01,123799.898939
compute_h100e,country,United Kingdom,2026-10-01,123799.898939
compute_h100e,country,United Kingdom,2027-01-01,123799.898939
compute_h100e,country,United Kingdom,2027-04-01,123799.898939
compute_h100e,country,United Kingdom,2027-07-01,123799.898939
compute_h100e,country,United Kingdom,2027-10-01,123799.898939
compute_h100e,country,United Kingdom,2028-01-01,123799.898939
compute_h100e,country,United Kingdom,2028-04-01,123799.898939
compute_h100e,country,United Kingdom,2028-07-01,123799.898939
compute_h100e,country,United Kingdom,2028-10-01,123799.898939
compute_h100e,country,United Kingdom,2029-01-01,123799.898939
compute_h100e,country,United Kingdom,2029-04-01,123799.898939
compute_h100e,country,United Kingdom,2029-07-01,123799.898939
compute_h100e,country,United Kingdom,2029-10-01,123799.898939
compute_h100e,country,United Kingdom,2030-01-01,123799.898939
compute_h100e,country,United Arab Emirates,2023-01-01,0.0
compute_h100e,country,United Arab Emirates,2023-04-01,0.0
compute_h100e,country,United Arab Emirates,2023-07-01,0.0
compute_h100e,country,United Arab Emirates,2023-10-01,0.0
compute_h100e,country,United Arab Emirates,2024-01-01,0.0
compute_h100e,country,United Arab Emirates,2024-04-01,0.0
compute_h100e,country,United Arab Emirates,2024-07-01,0.0
compute_h100e,country,United Arab Emirates,2024-10-01,0.0
compute_h100e,country,United Arab Emirates,2025-01-01,0.0
compute_h100e,country,United Arab Emirates,2025-04-01,0.0
compute_h100e,country,United Arab Emirates,2025-07-01,0.0
compute_h100e,country,United Arab Emirates,2025-10-01,0.0
compute_h100e,country,United Arab Emirates,2026-01-01,0.0
compute_h100e,country,United Arab Emirates,2026-04-01,0.0
compute_h100e,country,United Arab Emirates,2026-07-01,0.0
compute_h100e,country,United Arab Emirates,2026-10-01,0.0
compute_h100e,country,United Arab Emirates,2027-01-01,252652.854977
compute_h100e,country,United Arab Emirates,2027-04-01,252652.854977
compute_h100e,country,United Arab Emirates,2027-07-01,252652.854977
compute_h100e,country,United Arab Emirates,2027-10-01,252652.854977
compute_h100e,country,United Arab Emirates,2028-01-01,2021222.839818
compute_h100e,country,United Arab Emirates,2028-04-01,2021222.839818
compute_h100e,country,United Arab Emirates,2028-07-01,2021222.839818
compute_h100e,country,United Arab Emirates,2028-10-01,2021222.839818
compute_h100e,country,United Arab Emirates,2029-01-01,2021222.839818
compute_h100e,country,United Arab Emirates,2029-04-01,2021222.839818
compute_h100e,country,United Arab Emirates,2029-07-01,2021222.839818
compute_h100e,country,United Arab Emirates,2029-10-01,2021222.839818
compute_h100e,country,United Arab Emirates,2030-01-01,2021222.839818
compute_h100e,country,Indonesia,2023-01-01,0.0
compute_h100e,country,Indonesia,2023-04-01,0.0
compute_h100e,country,Indonesia,2023-07-01,0.0
compute_h100e,country,Indonesia,2023-10-01,0.0
compute_h100e,country,Indonesia,2024-01-01,0.0
compute_h100e,country,Indonesia,2024-04-01,0.0
compute_h100e,country,Indonesia,2024-07-01,0.0
compute_h100e,country,Indonesia,2024-10-01,0.0
compute_h100e,country,Indonesia,2025-01-01,0.0
compute_h100e,country,Indonesia,2025-04-01,0.0
compute_h100e,country,Indonesia,2025-07-01,40424.456796
compute_h100e,country,Indonesia,2025-10-01,40424.456796
compute_h100e,country,Indonesia,2026-01-01,40424.456796
compute_h100e,country,Indonesia,2026-04-01,40424.456796
compute_h100e,country,Indonesia,2026-07-01,84386.053562
compute_h100e,country,Indonesia,2026-10-01,84386.053562
compute_h100e,country,Indonesia,2027-01-01,84386.053562
compute_h100e,country,Indonesia,2027-04-01,84386.053562
compute_h100e,country,Indonesia,2027-07-01,84386.053562
compute_h100e,country,Indonesia,2027-10-01,84386.053562
compute_h100e,country,Indonesia,2028-01-01,84386.053562
compute_h100e,country,Indonesia,2028-04-01,84386.053562
compute_h100e,country,Indonesia,2028-07-01,84386.053562
compute_h100e,country,Indonesia,2028-10-01,84386.053562
compute_h100e,country,Indonesia,2029-01-01,84386.053562
compute_h100e,country,Indonesia,2029-04-01,84386.053562
compute_h100e,country,Indonesia,2029-07-01,84386.053562
compute_h100e,country,Indonesia,2029-10-01,84386.053562
compute_h100e,country,Indonesia,2030-01-01,84386.053562
compute_h100e,country,Australia,2023-01-01,0.0
compute_h100e,country,Australia,2023-04-01,0.0
compute_h100e,country,Australia,2023-07-01,0.0
compute_h100e,country,Australia,2023-10-01,0.0
compute_h100e,country,Australia,2024-01-01,0.0
compute_h100e,country,Australia,2024-04-01,0.0
compute_h100e,country,Australia,2024-07-01,0.0
compute_h100e,country,Australia,2024-10-01,0.0
compute_h100e,country,Australia,2025-01-01,0.0
compute_h100e,country,Australia,2025-04-01,0.0
compute_h100e,country,Australia,2025-07-01,0.0
compute_h100e,country,Australia,2025-10-01,0.0
compute_h100e,country,Australia,2026-01-01,0.0
compute_h100e,country,Australia,2026-04-01,0.0
compute_h100e,country,Australia,2026-07-01,0.0
compute_h100e,country,Australia,2026-10-01,46488.125316
compute_h100e,country,Australia,2027-01-01,46488.125316
compute_h100e,country,Australia,2027-04-01,46488.125316
compute_h100e,country,Australia,2027-07-01,46488.125316
compute_h100e,country,Australia,2027-10-01,46488.125316
compute_h100e,country,Australia,2028-01-01,46488.125316
compute_h100e,country,Australia,2028-04-01,46488.125316
compute_h100e,country,Australia,2028-07-01,46488.125316
compute_h100e,country,Australia,2028-10-01,46488.125316
compute_h100e,country,Australia,2029-01-01,46488.125316
compute_h100e,country,Australia,2029-04-01,46488.125316
compute_h100e,country,Australia,2029-07-01,46488.125316
compute_h100e,country,Australia,2029-10-01,46488.125316
compute_h100e,country,Australia,2030-01-01,46488.125316
compute_h100e,country,Portugal,2023-01-01,0.0
compute_h100e,country,Portugal,2023-04-01,0.0
compute_h100e,country,Portugal,2023-07-01,0.0
compute_h100e,country,Portugal,2023-10-01,0.0
compute_h100e,country,Portugal,2024-01-01,0.0
compute_h100e,country,Portugal,2024-04-01,0.0
compute_h100e,country,Portugal,2024-07-01,0.0
compute_h100e,country,Portugal,2024-10-01,0.0
compute_h100e,country,Portugal,2025-01-01,0.0
compute_h100e,country,Portugal,2025-04-01,0.0
compute_h100e,country,Portugal,2025-07-01,0.0
compute_h100e,country,Portugal,2025-10-01,0.0
compute_h100e,country,Portugal,2026-01-01,0.0
compute_h100e,country,Portugal,2026-04-01,0.0
compute_h100e,country,Portugal,2026-07-01,31834.259727
compute_h100e,country,Portugal,2026-10-01,31834.259727
compute_h100e,country,Portugal,2027-01-01,31834.259727
compute_h100e,country,Portugal,2027-04-01,31834.259727
compute_h100e,country,Portugal,2027-07-01,31834.259727
compute_h100e,country,Portugal,2027-10-01,540677.109651
compute_h100e,country,Portugal,2028-01-01,540677.109651
compute_h100e,country,Portugal,2028-04-01,540677.109651
compute_h100e,country,Portugal,2028-07-01,540677.109651
compute_h100e,country,Portugal,2028-10-01,540677.109651
compute_h100e,country,Portugal,2029-01-01,540677.109651
compute_h100e,country,Portugal,2029-04-01,540677.109651
compute_h100e,country,Portugal,2029-07-01,540677.109651
compute_h100e,country,Portugal,2029-10-01,540677.109651
compute_h100e,country,Portugal,2030-01-01,540677.109651
it_power_mw,owner,Alibaba,2023-01-01,0.0
it_power_mw,owner,Alibaba,2023-04-01,0.0
it_power_mw,owner,Alibaba,2023-07-01,0.0
it_power_mw,owner,Alibaba,2023-10-01,0.0
it_power_mw,owner,Alibaba,2024-01-01,0.0
it_power_mw,owner,Alibaba,2024-04-01,0.0
it_power_mw,owner,Alibaba,2024-07-01,0.0
it_power_mw,owner,Alibaba,2024-10-01,0.0
it_power_mw,owner,Alibaba,2025-01-01,0.0
it_power_mw,owner,Alibaba,2025-04-01,0.0
it_power_mw,owner,Alibaba,2025-07-01,0.0
it_power_mw,owner,Alibaba,2025-10-01,85.0
it_power_mw,owner,Alibaba,2026-01-01,85.0
it_power_mw,owner,Alibaba,2026-04-01,169.0
it_power_mw,owner,Alibaba,2026-07-01,169.0
it_power_mw,owner,Alibaba,2026-10-01,169.0
it_power_mw,owner,Alibaba,2027-01-01,169.0
it_power_mw,owner,Alibaba,2027-04-01,169.0
it_power_mw,owner,Alibaba,2027-07-01,169.0
it_power_mw,owner,Alibaba,2027-10-01,169.0
it_power_mw,owner,Alibaba,2028-01-01,169.0
it_power_mw,owner,Alibaba,2028-04-01,169.0
it_power_mw,owner,Alibaba,2028-07-01,169.0
it_power_mw,owner,Alibaba,2028-10-01,169.0
it_power_mw,owner,Alibaba,2029-01-01,169.0
it_power_mw,owner,Alibaba,2029-04-01,169.0
it_power_mw,owner,Alibaba,2029-07-01,169.0
it_power_mw,owner,Alibaba,2029-10-01,169.0
it_power_mw,owner,Alibaba,2030-01-01,169.0
it_power_mw,owner,Amazon,2023-01-01,0.0
it_power_mw,owner,Amazon,2023-04-01,0.0
it_power_mw,owner,Amazon,2023-07-01,0.0
it_power_mw,owner,Amazon,2023-10-01,0.0
it_power_mw,owner,Amazon,2024-01-01,0.0
it_power_mw,owner,Amazon,2024-04-01,0.0
it_power_mw,owner,Amazon,2024-07-01,0.0
it_power_mw,owner,Amazon,2024-10-01,0.0
it_power_mw,owner,Amazon,2025-01-01,0.0
it_power_mw,owner,Amazon,2025-04-01,0.0
it_power_mw,owner,Amazon,2025-07-01,682.0
it_power_mw,owner,Amazon,2025-10-01,682.0
it_power_mw,owner,Amazon,2026-01-01,910.0
it_power_mw,owner,Amazon,2026-04-01,1194.0
it_power_mw,owner,Amazon,2026-07-01,1422.0
it_power_mw,owner,Amazon,2026-10-01,1422.0
it_power_mw,owner,Amazon,2027-01-01,1549.0
it_power_mw,owner,Amazon,2027-04-01,1605.0
it_power_mw,owner,Amazon,2027-07-01,1605.0
it_power_mw,owner,Amazon,2027-10-01,1605.0
it_power_mw,owner,Amazon,2028-01-01,1605.0
it_power_mw,owner,Amazon,2028-04-01,2892.0
it_power_mw,owner,Amazon,2028-07-01,2892.0
it_power_mw,owner,Amazon,2028-10-01,3448.0
it_power_mw,owner,Amazon,2029-01-01,3448.0
it_power_mw,owner,Amazon,2029-04-01,3448.0
it_power_mw,owner,Amazon,2029-07-01,3448.0
it_power_mw,owner,Amazon,2029-10-01,3448.0
it_power_mw,owner,Amazon,2030-01-01,3448.0
it_power_mw,owner,SpaceXAI,2023-01-01,0.0
it_power_mw,owner,SpaceXAI,2023-04-01,0.0
it_power_mw,owner,SpaceXAI,2023-07-01,0.0
it_power_mw,owner,SpaceXAI,2023-10-01,0.0
it_power_mw,owner,SpaceXAI,2024-01-01,0.0
it_power_mw,owner,SpaceXAI,2024-04-01,0.0
it_power_mw,owner,SpaceXAI,2024-07-01,0.0
it_power_mw,owner,SpaceXAI,2024-10-01,139.0
it_power_mw,owner,SpaceXAI,2025-01-01,139.0
it_power_mw,owner,SpaceXAI,2025-04-01,295.32971
it_power_mw,owner,SpaceXAI,2025-07-01,295.32971
it_power_mw,owner,SpaceXAI,2025-10-01,285.32971
it_power_mw,owner,SpaceXAI,2026-01-01,596.32971
it_power_mw,owner,SpaceXAI,2026-04-01,596.32971
it_power_mw,owner,SpaceXAI,2026-07-01,1303.32971
it_power_mw,owner,SpaceXAI,2026-10-01,1303.32971
it_power_mw,owner,SpaceXAI,2027-01-01,1303.32971
it_power_mw,owner,SpaceXAI,2027-04-01,1888.32971
it_power_mw,owner,SpaceXAI,2027-07-01,1888.32971
it_power_mw,owner,SpaceXAI,2027-10-01,1888.32971
it_power_mw,owner,SpaceXAI,2028-01-01,1888.32971
it_power_mw,owner,SpaceXAI,2028-04-01,1888.32971
it_power_mw,owner,SpaceXAI,2028-07-01,1888.32971
it_power_mw,owner,SpaceXAI,2028-10-01,1888.32971
it_power_mw,owner,SpaceXAI,2029-01-01,1888.32971
it_power_mw,owner,SpaceXAI,2029-04-01,1888.32971
it_power_mw,owner,SpaceXAI,2029-07-01,1888.32971
it_power_mw,owner,SpaceXAI,2029-10-01,1888.32971
it_power_mw,owner,SpaceXAI,2030-01-01,1888.32971
it_power_mw,owner,CoreWeave,2023-01-01,0.0
it_power_mw,owner,CoreWeave,2023-04-01,0.0
it_power_mw,owner,CoreWeave,2023-07-01,0.0
it_power_mw,owner,CoreWeave,2023-10-01,0.0
it_power_mw,owner,CoreWeave,2024-01-01,0.0
it_power_mw,owner,CoreWeave,2024-04-01,18.0
it_power_mw,owner,CoreWeave,2024-07-01,27.0
it_power_mw,owner,CoreWeave,2024-10-01,27.0
it_power_mw,owner,CoreWeave,2025-01-01,27.0
it_power_mw,owner,CoreWeave,2025-04-01,27.0
it_power_mw,owner,CoreWeave,2025-07-01,35.0
it_power_mw,owner,CoreWeave,2025-10-01,35.0
it_power_mw,owner,CoreWeave,2026-01-01,162.0
it_power_mw,owner,CoreWeave,2026-04-01,290.0
it_power_mw,owner,CoreWeave,2026-07-01,506.0
it_power_mw,owner,CoreWeave,2026-10-01,637.0
it_power_mw,owner,CoreWeave,2027-01-01,727.0
it_power_mw,owner,CoreWeave,2027-04-01,727.0
it_power_mw,owner,CoreWeave,2027-07-01,1070.0
it_power_mw,owner,CoreWeave,2027-10-01,1070.0
it_power_mw,owner,CoreWeave,2028-01-01,1417.0
it_power_mw,owner,CoreWeave,2028-04-01,1417.0
it_power_mw,owner,CoreWeave,2028-07-01,1417.0
it_power_mw,owner,CoreWeave,2028-10-01,1417.0
it_power_mw,owner,CoreWeave,2029-01-01,1549.0
it_power_mw,owner,CoreWeave,2029-04-01,1549.0
it_power_mw,owner,CoreWeave,2029-07-01,1549.0
it_power_mw,owner,CoreWeave,2029-10-01,1549.0
it_power_mw,owner,CoreWeave,2030-01-01,1549.0
it_power_mw,owner,Microsoft,2023-01-01,48.0
it_power_mw,owner,Microsoft,2023-04-01,48.0
it_power_mw,owner,Microsoft,2023-07-01,135.0
it_power_mw,owner,Microsoft,2023-10-01,135.0
it_power_mw,owner,Microsoft,2024-01-01,135.0
it_power_mw,owner,Microsoft,2024-04-01,135.0
it_power_mw,owner,Microsoft,2024-07-01,201.0
it_power_mw,owner,Microsoft,2024-10-01,201.0
it_power_mw,owner,Microsoft,2025-01-01,201.0
it_power_mw,owner,Microsoft,2025-04-01,337.0
it_power_mw,owner,Microsoft,2025-07-01,337.0
it_power_mw,owner,Microsoft,2025-10-01,458.0
it_power_mw,owner,Microsoft,2026-01-01,807.0
it_power_mw,owner,Microsoft,2026-04-01,835.0
it_power_mw,owner,Microsoft,2026-07-01,1519.0
it_power_mw,owner,Microsoft,2026-10-01,1519.0
it_power_mw,owner,Microsoft,2027-01-01,1519.0
it_power_mw,owner,Microsoft,2027-04-01,1887.0
it_power_mw,owner,Microsoft,2027-07-01,1887.0
it_power_mw,owner,Microsoft,2027-10-01,2223.0
it_power_mw,owner,Microsoft,2028-01-01,2559.0
it_power_mw,owner,Microsoft,2028-04-01,2559.0
it_power_mw,owner,Microsoft,2028-07-01,4085.0
it_power_mw,owner,Microsoft,2028-10-01,4085.0
it_power_mw,owner,Microsoft,2029-01-01,4085.0
it_power_mw,owner,Microsoft,2029-04-01,4085.0
it_power_mw,owner,Microsoft,2029-07-01,4085.0
it_power_mw,owner,Microsoft,2029-10-01,4085.0
it_power_mw,owner,Microsoft,2030-01-01,4085.0
it_power_mw,owner,Unknown,2023-01-01,0.0
it_power_mw,owner,Unknown,2023-04-01,0.0
it_power_mw,owner,Unknown,2023-07-01,0.0
it_power_mw,owner,Unknown,2023-10-01,0.0
it_power_mw,owner,Unknown,2024-01-01,0.0
it_power_mw,owner,Unknown,2024-04-01,47.0
it_power_mw,owner,Unknown,2024-07-01,94.0
it_power_mw,owner,Unknown,2024-10-01,179.0
it_power_mw,owner,Unknown,2025-01-01,229.0
it_power_mw,owner,Unknown,2025-04-01,349.0
it_power_mw,owner,Unknown,2025-07-01,397.0
it_power_mw,owner,Unknown,2025-10-01,397.0
it_power_mw,owner,Unknown,2026-01-01,517.0
it_power_mw,owner,Unknown,2026-04-01,787.0
it_power_mw,owner,Unknown,2026-07-01,983.0
it_power_mw,owner,Unknown,2026-10-01,983.0
it_power_mw,owner,Unknown,2027-01-01,1664.0
it_power_mw,owner,Unknown,2027-04-01,1760.0
it_power_mw,owner,Unknown,2027-07-01,1760.0
it_power_mw,owner,Unknown,2027-10-01,1856.0
it_power_mw,owner,Unknown,2028-01-01,2804.0
it_power_mw,owner,Unknown,2028-04-01,2804.0
it_power_mw,owner,Unknown,2028-07-01,2804.0
it_power_mw,owner,Unknown,2028-10-01,2804.0
it_power_mw,owner,Unknown,2029-01-01,2804.0
it_power_mw,owner,Unknown,2029-04-01,2804.0
it_power_mw,owner,Unknown,2029-07-01,2804.0
it_power_mw,owner,Unknown,2029-10-01,2804.0
it_power_mw,owner,Unknown,2030-01-01,2960.0
it_power_mw,owner,Fluidstack,2023-01-01,0.0
it_power_mw,owner,Fluidstack,2023-04-01,0.0
it_power_mw,owner,Fluidstack,2023-07-01,0.0
it_power_mw,owner,Fluidstack,2023-10-01,0.0
it_power_mw,owner,Fluidstack,2024-01-01,0.0
it_power_mw,owner,Fluidstack,2024-04-01,0.0
it_power_mw,owner,Fluidstack,2024-07-01,0.0
it_power_mw,owner,Fluidstack,2024-10-01,0.0
it_power_mw,owner,Fluidstack,2025-01-01,0.0
it_power_mw,owner,Fluidstack,2025-04-01,0.0
it_power_mw,owner,Fluidstack,2025-07-01,0.0
it_power_mw,owner,Fluidstack,2025-10-01,16.0
it_power_mw,owner,Fluidstack,2026-01-01,16.0
it_power_mw,owner,Fluidstack,2026-04-01,58.0
it_power_mw,owner,Fluidstack,2026-07-01,100.0
it_power_mw,owner,Fluidstack,2026-10-01,100.0
it_power_mw,owner,Fluidstack,2027-01-01,268.0
it_power_mw,owner,Fluidstack,2027-04-01,436.0
it_power_mw,owner,Fluidstack,2027-07-01,436.0
it_power_mw,owner,Fluidstack,2027-10-01,436.0
it_power_mw,owner,Fluidstack,2028-01-01,436.0
it_power_mw,owner,Fluidstack,2028-04-01,436.0
it_power_mw,owner,Fluidstack,2028-07-01,436.0
it_power_mw,owner,Fluidstack,2028-10-01,436.0
it_power_mw,owner,Fluidstack,2029-01-01,436.0
it_power_mw,owner,Fluidstack,2029-04-01,436.0
it_power_mw,owner,Fluidstack,2029-07-01,436.0
it_power_mw,owner,Fluidstack,2029-10-01,436.0
it_power_mw,owner,Fluidstack,2030-01-01,436.0
it_power_mw,owner,Google,2023-01-01,0.0
it_power_mw,owner,Google,2023-04-01,79.0
it_power_mw,owner,Google,2023-07-01,79.0
it_power_mw,owner,Google,2023-10-01,160.0
it_power_mw,owner,Google,2024-01-01,228.0
it_power_mw,owner,Google,2024-04-01,293.0
it_power_mw,owner,Google,2024-07-01,539.0
it_power_mw,owner,Google,2024-10-01,829.0
it_power_mw,owner,Google,2025-01-01,987.0
it_power_mw,owner,Google,2025-04-01,1129.0
it_power_mw,owner,Google,2025-07-01,1556.0
it_power_mw,owner,Google,2025-10-01,1807.0
it_power_mw,owner,Google,2026-01-01,1989.0
it_power_mw,owner,Google,2026-04-01,1989.0
it_power_mw,owner,Google,2026-07-01,2634.0
it_power_mw,owner,Google,2026-10-01,3340.0
it_power_mw,owner,Google,2027-01-01,3780.0
it_power_mw,owner,Google,2027-04-01,3970.0
it_power_mw,owner,Google,2027-07-01,4279.0
it_power_mw,owner,Google,2027-10-01,5221.0
it_power_mw,owner,Google,2028-01-01,5221.0
it_power_mw,owner,Google,2028-04-01,5990.0
it_power_mw,owner,Google,2028-07-01,5990.0
it_power_mw,owner,Google,2028-10-01,6069.0
it_power_mw,owner,Google,2029-01-01,6069.0
it_power_mw,owner,Google,2029-04-01,6069.0
it_power_mw,owner,Google,2029-07-01,6069.0
it_power_mw,owner,Google,2029-10-01,6069.0
it_power_mw,owner,Google,2030-01-01,6069.0
it_power_mw,owner,Huawei,2023-01-01,0.0
it_power_mw,owner,Huawei,2023-04-01,0.0
it_power_mw,owner,Huawei,2023-07-01,0.0
it_power_mw,owner,Huawei,2023-10-01,0.0
it_power_mw,owner,Huawei,2024-01-01,0.0
it_power_mw,owner,Huawei,2024-04-01,0.0
it_power_mw,owner,Huawei,2024-07-01,0.0
it_power_mw,owner,Huawei,2024-10-01,0.0
it_power_mw,owner,Huawei,2025-01-01,0.0
it_power_mw,owner,Huawei,2025-04-01,0.0
it_power_mw,owner,Huawei,2025-07-01,95.3
it_power_mw,owner,Huawei,2025-10-01,95.3
it_power_mw,owner,Huawei,2026-01-01,95.3
it_power_mw,owner,Huawei,2026-04-01,150.2
it_power_mw,owner,Huawei,2026-07-01,241.8
it_power_mw,owner,Huawei,2026-10-01,241.8
it_power_mw,owner,Huawei,2027-01-01,241.8
it_power_mw,owner,Huawei,2027-04-01,241.8
it_power_mw,owner,Huawei,2027-07-01,241.8
it_power_mw,owner,Huawei,2027-10-01,241.8
it_power_mw,owner,Huawei,2028-01-01,241.8
it_power_mw,owner,Huawei,2028-04-01,241.8
it_power_mw,owner,Huawei,2028-07-01,241.8
it_power_mw,owner,Huawei,2028-10-01,241.8
it_power_mw,owner,Huawei,2029-01-01,241.8
it_power_mw,owner,Huawei,2029-04-01,241.8
it_power_mw,owner,Huawei,2029-07-01,241.8
it_power_mw,owner,Huawei,2029-10-01,241.8
it_power_mw,owner,Huawei,2030-01-01,241.8
it_power_mw,owner,Meta,2023-01-01,0.0
it_power_mw,owner,Meta,2023-04-01,0.0
it_power_mw,owner,Meta,2023-07-01,0.0
it_power_mw,owner,Meta,2023-10-01,0.0
it_power_mw,owner,Meta,2024-01-01,0.0
it_power_mw,owner,Meta,2024-04-01,0.0
it_power_mw,owner,Meta,2024-07-01,0.0
it_power_mw,owner,Meta,2024-10-01,0.0
it_power_mw,owner,Meta,2025-01-01,0.0
it_power_mw,owner,Meta,2025-04-01,0.0
it_power_mw,owner,Meta,2025-07-01,0.0
it_power_mw,owner,Meta,2025-10-01,0.0
it_power_mw,owner,Meta,2026-01-01,361.0
it_power_mw,owner,Meta,2026-04-01,780.0
it_power_mw,owner,Meta,2026-07-01,1751.0
it_power_mw,owner,Meta,2026-10-01,2374.0
it_power_mw,owner,Meta,2027-01-01,2374.0
it_power_mw,owner,Meta,2027-04-01,2647.0
it_power_mw,owner,Meta,2027-07-01,2647.0
it_power_mw,owner,Meta,2027-10-01,2647.0
it_power_mw,owner,Meta,2028-01-01,4323.0
it_power_mw,owner,Meta,2028-04-01,4323.0
it_power_mw,owner,Meta,2028-07-01,4323.0
it_power_mw,owner,Meta,2028-10-01,4323.0
it_power_mw,owner,Meta,2029-01-01,4323.0
it_power_mw,owner,Meta,2029-04-01,4323.0
it_power_mw,owner,Meta,2029-07-01,4323.0
it_power_mw,owner,Meta,2029-10-01,4323.0
it_power_mw,owner,Meta,2030-01-01,4323.0
it_power_mw,owner,Nebius,2023-01-01,0.0
it_power_mw,owner,Nebius,2023-04-01,0.0
it_power_mw,owner,Nebius,2023-07-01,0.0
it_power_mw,owner,Nebius,2023-10-01,0.0
it_power_mw,owner,Nebius,2024-01-01,0.0
it_power_mw,owner,Nebius,2024-04-01,0.0
it_power_mw,owner,Nebius,2024-07-01,0.0
it_power_mw,owner,Nebius,2024-10-01,0.0
it_power_mw,owner,Nebius,2025-01-01,0.0
it_power_mw,owner,Nebius,2025-04-01,0.0
it_power_mw,owner,Nebius,2025-07-01,0.0
it_power_mw,owner,Nebius,2025-10-01,0.0
it_power_mw,owner,Nebius,2026-01-01,0.0
it_power_mw,owner,Nebius,2026-04-01,0.0
it_power_mw,owner,Nebius,2026-07-01,50.0
it_power_mw,owner,Nebius,2026-10-01,50.0
it_power_mw,owner,Nebius,2027-01-01,50.0
it_power_mw,owner,Nebius,2027-04-01,50.0
it_power_mw,owner,Nebius,2027-07-01,50.0
it_power_mw,owner,Nebius,2027-10-01,50.0
it_power_mw,owner,Nebius,2028-01-01,50.0
it_power_mw,owner,Nebius,2028-04-01,50.0
it_power_mw,owner,Nebius,2028-07-01,50.0
it_power_mw,owner,Nebius,2028-10-01,50.0
it_power_mw,owner,Nebius,2029-01-01,50.0
it_power_mw,owner,Nebius,2029-04-01,50.0
it_power_mw,owner,Nebius,2029-07-01,50.0
it_power_mw,owner,Nebius,2029-10-01,50.0
it_power_mw,owner,Nebius,2030-01-01,50.0
it_power_mw,owner,Oracle,2023-01-01,0.0
it_power_mw,owner,Oracle,2023-04-01,0.0
it_power_mw,owner,Oracle,2023-07-01,0.0
it_power_mw,owner,Oracle,2023-10-01,0.0
it_power_mw,owner,Oracle,2024-01-01,0.0
it_power_mw,owner,Oracle,2024-04-01,0.0
it_power_mw,owner,Oracle,2024-07-01,0.0
it_power_mw,owner,Oracle,2024-10-01,0.0
it_power_mw,owner,Oracle,2025-01-01,0.0
it_power_mw,owner,Oracle,2025-04-01,0.0
it_power_mw,owner,Oracle,2025-07-01,33.0
it_power_mw,owner,Oracle,2025-10-01,138.0
it_power_mw,owner,Oracle,2026-01-01,244.0
it_power_mw,owner,Oracle,2026-04-01,244.0
it_power_mw,owner,Oracle,2026-07-01,493.0
it_power_mw,owner,Oracle,2026-10-01,493.0
it_power_mw,owner,Oracle,2027-01-01,915.0
it_power_mw,owner,Oracle,2027-04-01,915.0
it_power_mw,owner,Oracle,2027-07-01,915.0
it_power_mw,owner,Oracle,2027-10-01,1055.0
it_power_mw,owner,Oracle,2028-01-01,1335.0
it_power_mw,owner,Oracle,2028-04-01,1615.0
it_power_mw,owner,Oracle,2028-07-01,1895.0
it_power_mw,owner,Oracle,2028-10-01,1895.0
it_power_mw,owner,Oracle,2029-01-01,5955.0
it_power_mw,owner,Oracle,2029-04-01,5955.0
it_power_mw,owner,Oracle,2029-07-01,5955.0
it_power_mw,owner,Oracle,2029-10-01,5955.0
it_power_mw,owner,Oracle,2030-01-01,5955.0
it_power_mw,owner,Softbank,2023-01-01,0.0
it_power_mw,owner,Softbank,2023-04-01,0.0
it_power_mw,owner,Softbank,2023-07-01,0.0
it_power_mw,owner,Softbank,2023-10-01,0.0
it_power_mw,owner,Softbank,2024-01-01,0.0
it_power_mw,owner,Softbank,2024-04-01,0.0
it_power_mw,owner,Softbank,2024-07-01,0.0
it_power_mw,owner,Softbank,2024-10-01,0.0
it_power_mw,owner,Softbank,2025-01-01,0.0
it_power_mw,owner,Softbank,2025-04-01,0.0
it_power_mw,owner,Softbank,2025-07-01,0.0
it_power_mw,owner,Softbank,2025-10-01,0.0
it_power_mw,owner,Softbank,2026-01-01,0.0
it_power_mw,owner,Softbank,2026-04-01,0.0
it_power_mw,owner,Softbank,2026-07-01,0.0
it_power_mw,owner,Softbank,2026-10-01,0.0
it_power_mw,owner,Softbank,2027-01-01,0.0
it_power_mw,owner,Softbank,2027-04-01,0.0
it_power_mw,owner,Softbank,2027-07-01,0.0
it_power_mw,owner,Softbank,2027-10-01,0.0
it_power_mw,owner,Softbank,2028-01-01,0.0
it_power_mw,owner,Softbank,2028-04-01,0.0
it_power_mw,owner,Softbank,2028-07-01,0.0
it_power_mw,owner,Softbank,2028-10-01,0.0
it_power_mw,owner,Softbank,2029-01-01,857.0
it_power_mw,owner,Softbank,2029-04-01,857.0
it_power_mw,owner,Softbank,2029-07-01,857.0
it_power_mw,owner,Softbank,2029-10-01,857.0
it_power_mw,owner,Softbank,2030-01-01,857.0
it_power_mw,owner,G42,2023-01-01,0.0
it_power_mw,owner,G42,2023-04-01,0.0
it_power_mw,owner,G42,2023-07-01,0.0
it_power_mw,owner,G42,2023-10-01,0.0
it_power_mw,owner,G42,2024-01-01,0.0
it_power_mw,owner,G42,2024-04-01,0.0
it_power_mw,owner,G42,2024-07-01,0.0
it_power_mw,owner,G42,2024-10-01,0.0
it_power_mw,owner,G42,2025-01-01,0.0
it_power_mw,owner,G42,2025-04-01,0.0
it_power_mw,owner,G42,2025-07-01,0.0
it_power_mw,owner,G42,2025-10-01,0.0
it_power_mw,owner,G42,2026-01-01,0.0
it_power_mw,owner,G42,2026-04-01,0.0
it_power_mw,owner,G42,2026-07-01,0.0
it_power_mw,owner,G42,2026-10-01,0.0
it_power_mw,owner,G42,2027-01-01,200.0
it_power_mw,owner,G42,2027-04-01,200.0
it_power_mw,owner,G42,2027-07-01,200.0
it_power_mw,owner,G42,2027-10-01,200.0
it_power_mw,owner,G42,2028-01-01,1000.0
it_power_mw,owner,G42,2028-04-01,1000.0
it_power_mw,owner,G42,2028-07-01,1000.0
it_power_mw,owner,G42,2028-10-01,1000.0
it_power_mw,owner,G42,2029-01-01,1000.0
it_power_mw,owner,G42,2029-04-01,1000.0
it_power_mw,owner,G42,2029-07-01,1000.0
it_power_mw,owner,G42,2029-10-01,1000.0
it_power_mw,owner,G42,2030-01-01,1000.0
it_power_mw,owner,Firmus,2023-01-01,0.0
it_power_mw,owner,Firmus,2023-04-01,0.0
it_power_mw,owner,Firmus,2023-07-01,0.0
it_power_mw,owner,Firmus,2023-10-01,0.0
it_power_mw,owner,Firmus,2024-01-01,0.0
it_power_mw,owner,Firmus,2024-04-01,0.0
it_power_mw,owner,Firmus,2024-07-01,0.0
it_power_mw,owner,Firmus,2024-10-01,0.0
it_power_mw,owner,Firmus,2025-01-01,0.0
it_power_mw,owner,Firmus,2025-04-01,0.0
it_power_mw,owner,Firmus,2025-07-01,0.0
it_power_mw,owner,Firmus,2025-10-01,0.0
it_power_mw,owner,Firmus,2026-01-01,0.0
it_power_mw,owner,Firmus,2026-04-01,0.0
it_power_mw,owner,Firmus,2026-07-01,0.0
it_power_mw,owner,Firmus,2026-10-01,41.0
it_power_mw,owner,Firmus,2027-01-01,41.0
it_power_mw,owner,Firmus,2027-04-01,41.0
it_power_mw,owner,Firmus,2027-07-01,41.0
it_power_mw,owner,Firmus,2027-10-01,41.0
it_power_mw,owner,Firmus,2028-01-01,41.0
it_power_mw,owner,Firmus,2028-04-01,41.0
it_power_mw,owner,Firmus,2028-07-01,41.0
it_power_mw,owner,Firmus,2028-10-01,41.0
it_power_mw,owner,Firmus,2029-01-01,41.0
it_power_mw,owner,Firmus,2029-04-01,41.0
it_power_mw,owner,Firmus,2029-07-01,41.0
it_power_mw,owner,Firmus,2029-10-01,41.0
it_power_mw,owner,Firmus,2030-01-01,41.0
it_power_mw,owner,Nscale,2023-01-01,0.0
it_power_mw,owner,Nscale,2023-04-01,0.0
it_power_mw,owner,Nscale,2023-07-01,0.0
it_power_mw,owner,Nscale,2023-10-01,0.0
it_power_mw,owner,Nscale,2024-01-01,0.0
it_power_mw,owner,Nscale,2024-04-01,0.0
it_power_mw,owner,Nscale,2024-07-01,0.0
it_power_mw,owner,Nscale,2024-10-01,0.0
it_power_mw,owner,Nscale,2025-01-01,0.0
it_power_mw,owner,Nscale,2025-04-01,0.0
it_power_mw,owner,Nscale,2025-07-01,0.0
it_power_mw,owner,Nscale,2025-10-01,0.0
it_power_mw,owner,Nscale,2026-01-01,0.0
it_power_mw,owner,Nscale,2026-04-01,0.0
it_power_mw,owner,Nscale,2026-07-01,33.0
it_power_mw,owner,Nscale,2026-10-01,33.0
it_power_mw,owner,Nscale,2027-01-01,33.0
it_power_mw,owner,Nscale,2027-04-01,33.0
it_power_mw,owner,Nscale,2027-07-01,33.0
it_power_mw,owner,Nscale,2027-10-01,233.0
it_power_mw,owner,Nscale,2028-01-01,233.0
it_power_mw,owner,Nscale,2028-04-01,233.0
it_power_mw,owner,Nscale,2028-07-01,233.0
it_power_mw,owner,Nscale,2028-10-01,233.0
it_power_mw,owner,Nscale,2029-01-01,233.0
it_power_mw,owner,Nscale,2029-04-01,233.0
it_power_mw,owner,Nscale,2029-07-01,233.0
it_power_mw,owner,Nscale,2029-10-01,233.0
it_power_mw,owner,Nscale,2030-01-01,233.0
it_power_mw,owner,VNET,2023-01-01,0.0
it_power_mw,owner,VNET,2023-04-01,0.0
it_power_mw,owner,VNET,2023-07-01,0.0
it_power_mw,owner,VNET,2023-10-01,0.0
it_power_mw,owner,VNET,2024-01-01,0.0
it_power_mw,owner,VNET,2024-04-01,0.0
it_power_mw,owner,VNET,2024-07-01,0.0
it_power_mw,owner,VNET,2024-10-01,0.0
it_power_mw,owner,VNET,2025-01-01,0.0
it_power_mw,owner,VNET,2025-04-01,0.0
it_power_mw,owner,VNET,2025-07-01,38.0
it_power_mw,owner,VNET,2025-10-01,38.0
it_power_mw,owner,VNET,2026-01-01,221.0
it_power_mw,owner,VNET,2026-04-01,221.0
it_power_mw,owner,VNET,2026-07-01,221.0
it_power_mw,owner,VNET,2026-10-01,221.0
it_power_mw,owner,VNET,2027-01-01,221.0
it_power_mw,owner,VNET,2027-04-01,221.0
it_power_mw,owner,VNET,2027-07-01,221.0
it_power_mw,owner,VNET,2027-10-01,700.0
it_power_mw,owner,VNET,2028-01-01,700.0
it_power_mw,owner,VNET,2028-04-01,700.0
it_power_mw,owner,VNET,2028-07-01,700.0
it_power_mw,owner,VNET,2028-10-01,700.0
it_power_mw,owner,VNET,2029-01-01,700.0
it_power_mw,owner,VNET,2029-04-01,700.0
it_power_mw,owner,VNET,2029-07-01,700.0
it_power_mw,owner,VNET,2029-10-01,700.0
it_power_mw,owner,VNET,2030-01-01,700.0
it_power_mw,country,China,2023-01-01,0.0
it_power_mw,country,China,2023-04-01,0.0
it_power_mw,country,China,2023-07-01,0.0
it_power_mw,country,China,2023-10-01,0.0
it_power_mw,country,China,2024-01-01,0.0
it_power_mw,country,China,2024-04-01,0.0
it_power_mw,country,China,2024-07-01,0.0
it_power_mw,country,China,2024-10-01,0.0
it_power_mw,country,China,2025-01-01,0.0
it_power_mw,country,China,2025-04-01,0.0
it_power_mw,country,China,2025-07-01,133.3
it_power_mw,country,China,2025-10-01,218.3
it_power_mw,country,China,2026-01-01,401.3
it_power_mw,country,China,2026-04-01,540.2
it_power_mw,country,China,2026-07-01,631.8
it_power_mw,country,China,2026-10-01,631.8
it_power_mw,country,China,2027-01-01,631.8
it_power_mw,country,China,2027-04-01,631.8
it_power_mw,country,China,2027-07-01,631.8
it_power_mw,country,China,2027-10-01,1110.8
it_power_mw,country,China,2028-01-01,1110.8
it_power_mw,country,China,2028-04-01,1110.8
it_power_mw,country,China,2028-07-01,1110.8
it_power_mw,country,China,2028-10-01,1110.8
it_power_mw,country,China,2029-01-01,1110.8
it_power_mw,country,China,2029-04-01,1110.8
it_power_mw,country,China,2029-07-01,1110.8
it_power_mw,country,China,2029-10-01,1110.8
it_power_mw,country,China,2030-01-01,1110.8
it_power_mw,country,United States,2023-01-01,48.0
it_power_mw,country,United States,2023-04-01,127.0
it_power_mw,country,United States,2023-07-01,214.0
it_power_mw,country,United States,2023-10-01,295.0
it_power_mw,country,United States,2024-01-01,363.0
it_power_mw,country,United States,2024-04-01,493.0
it_power_mw,country,United States,2024-07-01,861.0
it_power_mw,country,United States,2024-10-01,1375.0
it_power_mw,country,United States,2025-01-01,1533.0
it_power_mw,country,United States,2025-04-01,2087.32971
it_power_mw,country,United States,2025-07-01,3252.32971
it_power_mw,country,United States,2025-10-01,3647.32971
it_power_mw,country,United States,2026-01-01,5431.32971
it_power_mw,country,United States,2026-04-01,6412.32971
it_power_mw,country,United States,2026-07-01,10361.32971
it_power_mw,country,United States,2026-10-01,11821.32971
it_power_mw,country,United States,2027-01-01,13516.32971
it_power_mw,country,United States,2027-04-01,15252.32971
it_power_mw,country,United States,2027-07-01,15904.32971
it_power_mw,country,United States,2027-10-01,17418.32971
it_power_mw,country,United States,2028-01-01,21005.32971
it_power_mw,country,United States,2028-04-01,23341.32971
it_power_mw,country,United States,2028-07-01,25147.32971
it_power_mw,country,United States,2028-10-01,25782.32971
it_power_mw,country,United States,2029-01-01,30831.32971
it_power_mw,country,United States,2029-04-01,30831.32971
it_power_mw,country,United States,2029-07-01,30831.32971
it_power_mw,country,United States,2029-10-01,30831.32971
it_power_mw,country,United States,2030-01-01,30987.32971
it_power_mw,country,Malaysia,2023-01-01,0.0
it_power_mw,country,Malaysia,2023-04-01,0.0
it_power_mw,country,Malaysia,2023-07-01,0.0
it_power_mw,country,Malaysia,2023-10-01,0.0
it_power_mw,country,Malaysia,2024-01-01,0.0
it_power_mw,country,Malaysia,2024-04-01,0.0
it_power_mw,country,Malaysia,2024-07-01,0.0
it_power_mw,country,Malaysia,2024-10-01,0.0
it_power_mw,country,Malaysia,2025-01-01,50.0
it_power_mw,country,Malaysia,2025-04-01,50.0
it_power_mw,country,Malaysia,2025-07-01,50.0
it_power_mw,country,Malaysia,2025-10-01,50.0
it_power_mw,country,Malaysia,2026-01-01,50.0
it_power_mw,country,Malaysia,2026-04-01,240.0
it_power_mw,country,Malaysia,2026-07-01,240.0
it_power_mw,country,Malaysia,2026-10-01,240.0
it_power_mw,country,Malaysia,2027-01-01,473.0
it_power_mw,country,Malaysia,2027-04-01,473.0
it_power_mw,country,Malaysia,2027-07-01,473.0
it_power_mw,country,Malaysia,2027-10-01,473.0
it_power_mw,country,Malaysia,2028-01-01,473.0
it_power_mw,country,Malaysia,2028-04-01,473.0
it_power_mw,country,Malaysia,2028-07-01,473.0
it_power_mw,country,Malaysia,2028-10-01,473.0
it_power_mw,country,Malaysia,2029-01-01,473.0
it_power_mw,country,Malaysia,2029-04-01,473.0
it_power_mw,country,Malaysia,2029-07-01,473.0
it_power_mw,country,Malaysia,2029-10-01,473.0
it_power_mw,country,Malaysia,2030-01-01,473.0
it_power_mw,country,United Kingdom,2023-01-01,0.0
it_power_mw,country,United Kingdom,2023-04-01,0.0
it_power_mw,country,United Kingdom,2023-07-01,0.0
it_power_mw,country,United Kingdom,2023-10-01,0.0
it_power_mw,country,United Kingdom,2024-01-01,0.0
it_power_mw,country,United Kingdom,2024-04-01,0.0
it_power_mw,country,United Kingdom,2024-07-01,0.0
it_power_mw,country,United Kingdom,2024-10-01,0.0
it_power_mw,country,United Kingdom,2025-01-01,0.0
it_power_mw,country,United Kingdom,2025-04-01,0.0
it_power_mw,country,United Kingdom,2025-07-01,0.0
it_power_mw,country,United Kingdom,2025-10-01,88.0
it_power_mw,country,United Kingdom,2026-01-01,88.0
it_power_mw,country,United Kingdom,2026-04-01,88.0
it_power_mw,country,United Kingdom,2026-07-01,88.0
it_power_mw,country,United Kingdom,2026-10-01,88.0
it_power_mw,country,United Kingdom,2027-01-01,88.0
it_power_mw,country,United Kingdom,2027-04-01,88.0
it_power_mw,country,United Kingdom,2027-07-01,88.0
it_power_mw,country,United Kingdom,2027-10-01,88.0
it_power_mw,country,United Kingdom,2028-01-01,88.0
it_power_mw,country,United Kingdom,2028-04-01,88.0
it_power_mw,country,United Kingdom,2028-07-01,88.0
it_power_mw,country,United Kingdom,2028-10-01,88.0
it_power_mw,country,United Kingdom,2029-01-01,88.0
it_power_mw,country,United Kingdom,2029-04-01,88.0
it_power_mw,country,United Kingdom,2029-07-01,88.0
it_power_mw,country,United Kingdom,2029-10-01,88.0
it_power_mw,country,United Kingdom,2030-01-01,88.0
it_power_mw,country,United Arab Emirates,2023-01-01,0.0
it_power_mw,country,United Arab Emirates,2023-04-01,0.0
it_power_mw,country,United Arab Emirates,2023-07-01,0.0
it_power_mw,country,United Arab Emirates,2023-10-01,0.0
it_power_mw,country,United Arab Emirates,2024-01-01,0.0
it_power_mw,country,United Arab Emirates,2024-04-01,0.0
it_power_mw,country,United Arab Emirates,2024-07-01,0.0
it_power_mw,country,United Arab Emirates,2024-10-01,0.0
it_power_mw,country,United Arab Emirates,2025-01-01,0.0
it_power_mw,country,United Arab Emirates,2025-04-01,0.0
it_power_mw,country,United Arab Emirates,2025-07-01,0.0
it_power_mw,country,United Arab Emirates,2025-10-01,0.0
it_power_mw,country,United Arab Emirates,2026-01-01,0.0
it_power_mw,country,United Arab Emirates,2026-04-01,0.0
it_power_mw,country,United Arab Emirates,2026-07-01,0.0
it_power_mw,country,United Arab Emirates,2026-10-01,0.0
it_power_mw,country,United Arab Emirates,2027-01-01,200.0
it_power_mw,country,United Arab Emirates,2027-04-01,200.0
it_power_mw,country,United Arab Emirates,2027-07-01,200.0
it_power_mw,country,United Arab Emirates,2027-10-01,200.0
it_power_mw,country,United Arab Emirates,2028-01-01,1000.0
it_power_mw,country,United Arab Emirates,2028-04-01,1000.0
it_power_mw,country,United Arab Emirates,2028-07-01,1000.0
it_power_mw,country,United Arab Emirates,2028-10-01,1000.0
it_power_mw,country,United Arab Emirates,2029-01-01,1000.0
it_power_mw,country,United Arab Emirates,2029-04-01,1000.0
it_power_mw,country,United Arab Emirates,2029-07-01,1000.0
it_power_mw,country,United Arab Emirates,2029-10-01,1000.0
it_power_mw,country,United Arab Emirates,2030-01-01,1000.0
it_power_mw,country,Indonesia,2023-01-01,0.0
it_power_mw,country,Indonesia,2023-04-01,0.0
it_power_mw,country,Indonesia,2023-07-01,0.0
it_power_mw,country,Indonesia,2023-10-01,0.0
it_power_mw,country,Indonesia,2024-01-01,0.0
it_power_mw,country,Indonesia,2024-04-01,0.0
it_power_mw,country,Indonesia,2024-07-01,0.0
it_power_mw,country,Indonesia,2024-10-01,0.0
it_power_mw,country,Indonesia,2025-01-01,0.0
it_power_mw,country,Indonesia,2025-04-01,0.0
it_power_mw,country,Indonesia,2025-07-01,33.0
it_power_mw,country,Indonesia,2025-10-01,33.0
it_power_mw,country,Indonesia,2026-01-01,33.0
it_power_mw,country,Indonesia,2026-04-01,33.0
it_power_mw,country,Indonesia,2026-07-01,72.0
it_power_mw,country,Indonesia,2026-10-01,72.0
it_power_mw,country,Indonesia,2027-01-01,72.0
it_power_mw,country,Indonesia,2027-04-01,72.0
it_power_mw,country,Indonesia,2027-07-01,72.0
it_power_mw,country,Indonesia,2027-10-01,72.0
it_power_mw,country,Indonesia,2028-01-01,72.0
it_power_mw,country,Indonesia,2028-04-01,72.0
it_power_mw,country,Indonesia,2028-07-01,72.0
it_power_mw,country,Indonesia,2028-10-01,72.0
it_power_mw,country,Indonesia,2029-01-01,72.0
it_power_mw,country,Indonesia,2029-04-01,72.0
it_power_mw,country,Indonesia,2029-07-01,72.0
it_power_mw,country,Indonesia,2029-10-01,72.0
it_power_mw,country,Indonesia,2030-01-01,72.0
it_power_mw,country,Australia,2023-01-01,0.0
it_power_mw,country,Australia,2023-04-01,0.0
it_power_mw,country,Australia,2023-07-01,0.0
it_power_mw,country,Australia,2023-10-01,0.0
it_power_mw,country,Australia,2024-01-01,0.0
it_power_mw,country,Australia,2024-04-01,0.0
it_power_mw,country,Australia,2024-07-01,0.0
it_power_mw,country,Australia,2024-10-01,0.0
it_power_mw,country,Australia,2025-01-01,0.0
it_power_mw,country,Australia,2025-04-01,0.0
it_power_mw,country,Australia,2025-07-01,0.0
it_power_mw,country,Australia,2025-10-01,0.0
it_power_mw,country,Australia,2026-01-01,0.0
it_power_mw,country,Australia,2026-04-01,0.0
it_power_mw,country,Australia,2026-07-01,0.0
it_power_mw,country,Australia,2026-10-01,41.0
it_power_mw,country,Australia,2027-01-01,41.0
it_power_mw,country,Australia,2027-04-01,41.0
it_power_mw,country,Australia,2027-07-01,41.0
it_power_mw,country,Australia,2027-10-01,41.0
it_power_mw,country,Australia,2028-01-01,41.0
it_power_mw,country,Australia,2028-04-01,41.0
it_power_mw,country,Australia,2028-07-01,41.0
it_power_mw,country,Australia,2028-10-01,41.0
it_power_mw,country,Australia,2029-01-01,41.0
it_power_mw,country,Australia,2029-04-01,41.0
it_power_mw,country,Australia,2029-07-01,41.0
it_power_mw,country,Australia,2029-10-01,41.0
it_power_mw,country,Australia,2030-01-01,41.0
it_power_mw,country,Portugal,2023-01-01,0.0
it_power_mw,country,Portugal,2023-04-01,0.0
it_power_mw,country,Portugal,2023-07-01,0.0
it_power_mw,country,Portugal,2023-10-01,0.0
it_power_mw,country,Portugal,2024-01-01,0.0
it_power_mw,country,Portugal,2024-04-01,0.0
it_power_mw,country,Portugal,2024-07-01,0.0
it_power_mw,country,Portugal,2024-10-01,0.0
it_power_mw,country,Portugal,2025-01-01,0.0
it_power_mw,country,Portugal,2025-04-01,0.0
it_power_mw,country,Portugal,2025-07-01,0.0
it_power_mw,country,Portugal,2025-10-01,0.0
it_power_mw,country,Portugal,2026-01-01,0.0
it_power_mw,country,Portugal,2026-04-01,0.0
it_power_mw,country,Portugal,2026-07-01,33.0
it_power_mw,country,Portugal,2026-10-01,33.0
it_power_mw,country,Portugal,2027-01-01,33.0
it_power_mw,country,Portugal,2027-04-01,33.0
it_power_mw,country,Portugal,2027-07-01,33.0
it_power_mw,country,Portugal,2027-10-01,233.0
it_power_mw,country,Portugal,2028-01-01,233.0
it_power_mw,country,Portugal,2028-04-01,233.0
it_power_mw,country,Portugal,2028-07-01,233.0
it_power_mw,country,Portugal,2028-10-01,233.0
it_power_mw,country,Portugal,2029-01-01,233.0
it_power_mw,country,Portugal,2029-04-01,233.0
it_power_mw,country,Portugal,2029-07-01,233.0
it_power_mw,country,Portugal,2029-10-01,233.0
it_power_mw,country,Portugal,2030-01-01,233.0
capital_cost_busd,owner,Alibaba,2023-01-01,0.0
capital_cost_busd,owner,Alibaba,2023-04-01,0.0
capital_cost_busd,owner,Alibaba,2023-07-01,0.0
capital_cost_busd,owner,Alibaba,2023-10-01,0.0
capital_cost_busd,owner,Alibaba,2024-01-01,0.0
capital_cost_busd,owner,Alibaba,2024-04-01,0.0
capital_cost_busd,owner,Alibaba,2024-07-01,0.0
capital_cost_busd,owner,Alibaba,2024-10-01,0.0
capital_cost_busd,owner,Alibaba,2025-01-01,0.0
capital_cost_busd,owner,Alibaba,2025-04-01,0.0
capital_cost_busd,owner,Alibaba,2025-07-01,0.0
capital_cost_busd,owner,Alibaba,2025-10-01,3.21997
capital_cost_busd,owner,Alibaba,2026-01-01,3.21997
capital_cost_busd,owner,Alibaba,2026-04-01,6.402058
capital_cost_busd,owner,Alibaba,2026-07-01,6.402058
capital_cost_busd,owner,Alibaba,2026-10-01,6.402058
capital_cost_busd,owner,Alibaba,2027-01-01,6.402058
capital_cost_busd,owner,Alibaba,2027-04-01,6.402058
capital_cost_busd,owner,Alibaba,2027-07-01,6.402058
capital_cost_busd,owner,Alibaba,2027-10-01,6.402058
capital_cost_busd,owner,Alibaba,2028-01-01,6.402058
capital_cost_busd,owner,Alibaba,2028-04-01,6.402058
capital_cost_busd,owner,Alibaba,2028-07-01,6.402058
capital_cost_busd,owner,Alibaba,2028-10-01,6.402058
capital_cost_busd,owner,Alibaba,2029-01-01,6.402058
capital_cost_busd,owner,Alibaba,2029-04-01,6.402058
capital_cost_busd,owner,Alibaba,2029-07-01,6.402058
capital_cost_busd,owner,Alibaba,2029-10-01,6.402058
capital_cost_busd,owner,Alibaba,2030-01-01,6.402058
capital_cost_busd,owner,Amazon,2023-01-01,0.0
capital_cost_busd,owner,Amazon,2023-04-01,0.0
capital_cost_busd,owner,Amazon,2023-07-01,0.0
capital_cost_busd,owner,Amazon,2023-10-01,0.0
capital_cost_busd,owner,Amazon,2024-01-01,0.0
capital_cost_busd,owner,Amazon,2024-04-01,0.0
capital_cost_busd,owner,Amazon,2024-07-01,0.0
capital_cost_busd,owner,Amazon,2024-10-01,0.0
capital_cost_busd,owner,Amazon,2025-01-01,0.0
capital_cost_busd,owner,Amazon,2025-04-01,0.0
capital_cost_busd,owner,Amazon,2025-07-01,25.835524
capital_cost_busd,owner,Amazon,2025-10-01,25.835524
capital_cost_busd,owner,Amazon,2026-01-01,34.47262
capital_cost_busd,owner,Amazon,2026-04-01,45.231108
capital_cost_busd,owner,Amazon,2026-07-01,53.868204
capital_cost_busd,owner,Amazon,2026-10-01,53.868204
capital_cost_busd,owner,Amazon,2027-01-01,58.679218
capital_cost_busd,owner,Amazon,2027-04-01,60.80061
capital_cost_busd,owner,Amazon,2027-07-01,60.80061
capital_cost_busd,owner,Amazon,2027-10-01,60.80061
capital_cost_busd,owner,Amazon,2028-01-01,60.80061
capital_cost_busd,owner,Amazon,2028-04-01,109.554744
capital_cost_busd,owner,Amazon,2028-07-01,109.554744
capital_cost_busd,owner,Amazon,2028-10-01,130.617136
capital_cost_busd,owner,Amazon,2029-01-01,130.617136
capital_cost_busd,owner,Amazon,2029-04-01,130.617136
capital_cost_busd,owner,Amazon,2029-07-01,130.617136
capital_cost_busd,owner,Amazon,2029-10-01,130.617136
capital_cost_busd,owner,Amazon,2030-01-01,130.617136
capital_cost_busd,owner,SpaceXAI,2023-01-01,0.0
capital_cost_busd,owner,SpaceXAI,2023-04-01,0.0
capital_cost_busd,owner,SpaceXAI,2023-07-01,0.0
capital_cost_busd,owner,SpaceXAI,2023-10-01,0.0
capital_cost_busd,owner,SpaceXAI,2024-01-01,0.0
capital_cost_busd,owner,SpaceXAI,2024-04-01,0.0
capital_cost_busd,owner,SpaceXAI,2024-07-01,0.0
capital_cost_busd,owner,SpaceXAI,2024-10-01,5.265598
capital_cost_busd,owner,SpaceXAI,2025-01-01,5.265598
capital_cost_busd,owner,SpaceXAI,2025-04-01,11.18768
capital_cost_busd,owner,SpaceXAI,2025-07-01,11.18768
capital_cost_busd,owner,SpaceXAI,2025-10-01,10.80886
capital_cost_busd,owner,SpaceXAI,2026-01-01,22.590162
capital_cost_busd,owner,SpaceXAI,2026-04-01,22.590162
capital_cost_busd,owner,SpaceXAI,2026-07-01,49.372736
capital_cost_busd,owner,SpaceXAI,2026-10-01,49.372736
capital_cost_busd,owner,SpaceXAI,2027-01-01,49.372736
capital_cost_busd,owner,SpaceXAI,2027-04-01,71.533706
capital_cost_busd,owner,SpaceXAI,2027-07-01,71.533706
capital_cost_busd,owner,SpaceXAI,2027-10-01,71.533706
capital_cost_busd,owner,SpaceXAI,2028-01-01,71.533706
capital_cost_busd,owner,SpaceXAI,2028-04-01,71.533706
capital_cost_busd,owner,SpaceXAI,2028-07-01,71.533706
capital_cost_busd,owner,SpaceXAI,2028-10-01,71.533706
capital_cost_busd,owner,SpaceXAI,2029-01-01,71.533706
capital_cost_busd,owner,SpaceXAI,2029-04-01,71.533706
capital_cost_busd,owner,SpaceXAI,2029-07-01,71.533706
capital_cost_busd,owner,SpaceXAI,2029-10-01,71.533706
capital_cost_busd,owner,SpaceXAI,2030-01-01,71.533706
capital_cost_busd,owner,CoreWeave,2023-01-01,0.0
capital_cost_busd,owner,CoreWeave,2023-04-01,0.0
capital_cost_busd,owner,CoreWeave,2023-07-01,0.0
capital_cost_busd,owner,CoreWeave,2023-10-01,0.0
capital_cost_busd,owner,CoreWeave,2024-01-01,0.0
capital_cost_busd,owner,CoreWeave,2024-04-01,0.681876
capital_cost_busd,owner,CoreWeave,2024-07-01,1.022814
capital_cost_busd,owner,CoreWeave,2024-10-01,1.022814
capital_cost_busd,owner,CoreWeave,2025-01-01,1.022814
capital_cost_busd,owner,CoreWeave,2025-04-01,1.022814
capital_cost_busd,owner,CoreWeave,2025-07-01,1.32587
capital_cost_busd,owner,CoreWeave,2025-10-01,1.32587
capital_cost_busd,owner,CoreWeave,2026-01-01,6.136884
capital_cost_busd,owner,CoreWeave,2026-04-01,10.98578
capital_cost_busd,owner,CoreWeave,2026-07-01,19.168292
capital_cost_busd,owner,CoreWeave,2026-10-01,24.130834
capital_cost_busd,owner,CoreWeave,2027-01-01,27.540214
capital_cost_busd,owner,CoreWeave,2027-04-01,27.540214
capital_cost_busd,owner,CoreWeave,2027-07-01,40.53374
capital_cost_busd,owner,CoreWeave,2027-10-01,40.53374
capital_cost_busd,owner,CoreWeave,2028-01-01,53.678794
capital_cost_busd,owner,CoreWeave,2028-04-01,53.678794
capital_cost_busd,owner,CoreWeave,2028-07-01,53.678794
capital_cost_busd,owner,CoreWeave,2028-10-01,53.678794
capital_cost_busd,owner,CoreWeave,2029-01-01,58.679218
capital_cost_busd,owner,CoreWeave,2029-04-01,58.679218
capital_cost_busd,owner,CoreWeave,2029-07-01,58.679218
capital_cost_busd,owner,CoreWeave,2029-10-01,58.679218
capital_cost_busd,owner,CoreWeave,2030-01-01,58.679218
capital_cost_busd,owner,Microsoft,2023-01-01,1.818336
capital_cost_busd,owner,Microsoft,2023-04-01,1.818336
capital_cost_busd,owner,Microsoft,2023-07-01,5.11407
capital_cost_busd,owner,Microsoft,2023-10-01,5.11407
capital_cost_busd,owner,Microsoft,2024-01-01,5.11407
capital_cost_busd,owner,Microsoft,2024-04-01,5.11407
capital_cost_busd,owner,Microsoft,2024-07-01,7.614282
capital_cost_busd,owner,Microsoft,2024-10-01,7.614282
capital_cost_busd,owner,Microsoft,2025-01-01,7.614282
capital_cost_busd,owner,Microsoft,2025-04-01,12.766234
capital_cost_busd,owner,Microsoft,2025-07-01,12.766234
capital_cost_busd,owner,Microsoft,2025-10-01,17.349956
capital_cost_busd,owner,Microsoft,2026-01-01,30.570774
capital_cost_busd,owner,Microsoft,2026-04-01,31.63147
capital_cost_busd,owner,Microsoft,2026-07-01,57.542758
capital_cost_busd,owner,Microsoft,2026-10-01,57.542758
capital_cost_busd,owner,Microsoft,2027-01-01,57.542758
capital_cost_busd,owner,Microsoft,2027-04-01,71.483334
capital_cost_busd,owner,Microsoft,2027-07-01,71.483334
capital_cost_busd,owner,Microsoft,2027-10-01,84.211686
capital_cost_busd,owner,Microsoft,2028-01-01,96.940038
capital_cost_busd,owner,Microsoft,2028-04-01,96.940038
capital_cost_busd,owner,Microsoft,2028-07-01,154.74797
capital_cost_busd,owner,Microsoft,2028-10-01,154.74797
capital_cost_busd,owner,Microsoft,2029-01-01,154.74797
capital_cost_busd,owner,Microsoft,2029-04-01,154.74797
capital_cost_busd,owner,Microsoft,2029-07-01,154.74797
capital_cost_busd,owner,Microsoft,2029-10-01,154.74797
capital_cost_busd,owner,Microsoft,2030-01-01,154.74797
capital_cost_busd,owner,Unknown,2023-01-01,0.0
capital_cost_busd,owner,Unknown,2023-04-01,0.0
capital_cost_busd,owner,Unknown,2023-07-01,0.0
capital_cost_busd,owner,Unknown,2023-10-01,0.0
capital_cost_busd,owner,Unknown,2024-01-01,0.0
capital_cost_busd,owner,Unknown,2024-04-01,1.780454
capital_cost_busd,owner,Unknown,2024-07-01,3.560908
capital_cost_busd,owner,Unknown,2024-10-01,6.780878
capital_cost_busd,owner,Unknown,2025-01-01,8.674978
capital_cost_busd,owner,Unknown,2025-04-01,13.220818
capital_cost_busd,owner,Unknown,2025-07-01,15.039154
capital_cost_busd,owner,Unknown,2025-10-01,15.039154
capital_cost_busd,owner,Unknown,2026-01-01,19.584994
capital_cost_busd,owner,Unknown,2026-04-01,29.813134
capital_cost_busd,owner,Unknown,2026-07-01,37.238006
capital_cost_busd,owner,Unknown,2026-10-01,37.238006
capital_cost_busd,owner,Unknown,2027-01-01,63.035648
capital_cost_busd,owner,Unknown,2027-04-01,66.67232
capital_cost_busd,owner,Unknown,2027-07-01,66.67232
capital_cost_busd,owner,Unknown,2027-10-01,70.308992
capital_cost_busd,owner,Unknown,2028-01-01,106.221128
capital_cost_busd,owner,Unknown,2028-04-01,106.221128
capital_cost_busd,owner,Unknown,2028-07-01,106.221128
capital_cost_busd,owner,Unknown,2028-10-01,106.221128
capital_cost_busd,owner,Unknown,2029-01-01,106.221128
capital_cost_busd,owner,Unknown,2029-04-01,106.221128
capital_cost_busd,owner,Unknown,2029-07-01,106.221128
capital_cost_busd,owner,Unknown,2029-10-01,106.221128
capital_cost_busd,owner,Unknown,2030-01-01,112.13072
capital_cost_busd,owner,Fluidstack,2023-01-01,0.0
capital_cost_busd,owner,Fluidstack,2023-04-01,0.0
capital_cost_busd,owner,Fluidstack,2023-07-01,0.0
capital_cost_busd,owner,Fluidstack,2023-10-01,0.0
capital_cost_busd,owner,Fluidstack,2024-01-01,0.0
capital_cost_busd,owner,Fluidstack,2024-04-01,0.0
capital_cost_busd,owner,Fluidstack,2024-07-01,0.0
capital_cost_busd,owner,Fluidstack,2024-10-01,0.0
capital_cost_busd,owner,Fluidstack,2025-01-01,0.0
capital_cost_busd,owner,Fluidstack,2025-04-01,0.0
capital_cost_busd,owner,Fluidstack,2025-07-01,0.0
capital_cost_busd,owner,Fluidstack,2025-10-01,0.606112
capital_cost_busd,owner,Fluidstack,2026-01-01,0.606112
capital_cost_busd,owner,Fluidstack,2026-04-01,2.197156
capital_cost_busd,owner,Fluidstack,2026-07-01,3.7882
capital_cost_busd,owner,Fluidstack,2026-10-01,3.7882
capital_cost_busd,owner,Fluidstack,2027-01-01,10.152376
capital_cost_busd,owner,Fluidstack,2027-04-01,16.516552
capital_cost_busd,owner,Fluidstack,2027-07-01,16.516552
capital_cost_busd,owner,Fluidstack,2027-10-01,16.516552
capital_cost_busd,owner,Fluidstack,2028-01-01,16.516552
capital_cost_busd,owner,Fluidstack,2028-04-01,16.516552
capital_cost_busd,owner,Fluidstack,2028-07-01,16.516552
capital_cost_busd,owner,Fluidstack,2028-10-01,16.516552
capital_cost_busd,owner,Fluidstack,2029-01-01,16.516552
capital_cost_busd,owner,Fluidstack,2029-04-01,16.516552
capital_cost_busd,owner,Fluidstack,2029-07-01,16.516552
capital_cost_busd,owner,Fluidstack,2029-10-01,16.516552
capital_cost_busd,owner,Fluidstack,2030-01-01,16.516552
capital_cost_busd,owner,Google,2023-01-01,0.0
capital_cost_busd,owner,Google,2023-04-01,2.992678
capital_cost_busd,owner,Google,2023-07-01,2.992678
capital_cost_busd,owner,Google,2023-10-01,6.06112
capital_cost_busd,owner,Google,2024-01-01,8.637096
capital_cost_busd,owner,Google,2024-04-01,11.099426
capital_cost_busd,owner,Google,2024-07-01,20.418398
capital_cost_busd,owner,Google,2024-10-01,31.404178
capital_cost_busd,owner,Google,2025-01-01,37.389534
capital_cost_busd,owner,Google,2025-04-01,42.768778
capital_cost_busd,owner,Google,2025-07-01,58.944392
capital_cost_busd,owner,Google,2025-10-01,68.452774
capital_cost_busd,owner,Google,2026-01-01,75.347298
capital_cost_busd,owner,Google,2026-04-01,75.347298
capital_cost_busd,owner,Google,2026-07-01,99.781188
capital_cost_busd,owner,Google,2026-10-01,126.52588
capital_cost_busd,owner,Google,2027-01-01,143.19396
capital_cost_busd,owner,Google,2027-04-01,150.39154
capital_cost_busd,owner,Google,2027-07-01,162.097078
capital_cost_busd,owner,Google,2027-10-01,197.781922
capital_cost_busd,owner,Google,2028-01-01,197.781922
capital_cost_busd,owner,Google,2028-04-01,226.91318
capital_cost_busd,owner,Google,2028-07-01,226.91318
capital_cost_busd,owner,Google,2028-10-01,229.905858
capital_cost_busd,owner,Google,2029-01-01,229.905858
capital_cost_busd,owner,Google,2029-04-01,229.905858
capital_cost_busd,owner,Google,2029-07-01,229.905858
capital_cost_busd,owner,Google,2029-10-01,229.905858
capital_cost_busd,owner,Google,2030-01-01,229.905858
capital_cost_busd,owner,Huawei,2023-01-01,0.0
capital_cost_busd,owner,Huawei,2023-04-01,0.0
capital_cost_busd,owner,Huawei,2023-07-01,0.0
capital_cost_busd,owner,Huawei,2023-10-01,0.0
capital_cost_busd,owner,Huawei,2024-01-01,0.0
capital_cost_busd,owner,Huawei,2024-04-01,0.0
capital_cost_busd,owner,Huawei,2024-07-01,0.0
capital_cost_busd,owner,Huawei,2024-10-01,0.0
capital_cost_busd,owner,Huawei,2025-01-01,0.0
capital_cost_busd,owner,Huawei,2025-04-01,0.0
capital_cost_busd,owner,Huawei,2025-07-01,3.610155
capital_cost_busd,owner,Huawei,2025-10-01,3.610155
capital_cost_busd,owner,Huawei,2026-01-01,3.610155
capital_cost_busd,owner,Huawei,2026-04-01,5.689876
capital_cost_busd,owner,Huawei,2026-07-01,9.159868
capital_cost_busd,owner,Huawei,2026-10-01,9.159868
capital_cost_busd,owner,Huawei,2027-01-01,9.159868
capital_cost_busd,owner,Huawei,2027-04-01,9.159868
capital_cost_busd,owner,Huawei,2027-07-01,9.159868
capital_cost_busd,owner,Huawei,2027-10-01,9.159868
capital_cost_busd,owner,Huawei,2028-01-01,9.159868
capital_cost_busd,owner,Huawei,2028-04-01,9.159868
capital_cost_busd,owner,Huawei,2028-07-01,9.159868
capital_cost_busd,owner,Huawei,2028-10-01,9.159868
capital_cost_busd,owner,Huawei,2029-01-01,9.159868
capital_cost_busd,owner,Huawei,2029-04-01,9.159868
capital_cost_busd,owner,Huawei,2029-07-01,9.159868
capital_cost_busd,owner,Huawei,2029-10-01,9.159868
capital_cost_busd,owner,Huawei,2030-01-01,9.159868
capital_cost_busd,owner,Meta,2023-01-01,0.0
capital_cost_busd,owner,Meta,2023-04-01,0.0
capital_cost_busd,owner,Meta,2023-07-01,0.0
capital_cost_busd,owner,Meta,2023-10-01,0.0
capital_cost_busd,owner,Meta,2024-01-01,0.0
capital_cost_busd,owner,Meta,2024-04-01,0.0
capital_cost_busd,owner,Meta,2024-07-01,0.0
capital_cost_busd,owner,Meta,2024-10-01,0.0
capital_cost_busd,owner,Meta,2025-01-01,0.0
capital_cost_busd,owner,Meta,2025-04-01,0.0
capital_cost_busd,owner,Meta,2025-07-01,0.0
capital_cost_busd,owner,Meta,2025-10-01,0.0
capital_cost_busd,owner,Meta,2026-01-01,13.675402
capital_cost_busd,owner,Meta,2026-04-01,29.54796
capital_cost_busd,owner,Meta,2026-07-01,66.331382
capital_cost_busd,owner,Meta,2026-10-01,89.931868
capital_cost_busd,owner,Meta,2027-01-01,89.931868
capital_cost_busd,owner,Meta,2027-04-01,100.273654
capital_cost_busd,owner,Meta,2027-07-01,100.273654
capital_cost_busd,owner,Meta,2027-10-01,100.273654
capital_cost_busd,owner,Meta,2028-01-01,163.763886
capital_cost_busd,owner,Meta,2028-04-01,163.763886
capital_cost_busd,owner,Meta,2028-07-01,163.763886
capital_cost_busd,owner,Meta,2028-10-01,163.763886
capital_cost_busd,owner,Meta,2029-01-01,163.763886
capital_cost_busd,owner,Meta,2029-04-01,163.763886
capital_cost_busd,owner,Meta,2029-07-01,163.763886
capital_cost_busd,owner,Meta,2029-10-01,163.763886
capital_cost_busd,owner,Meta,2030-01-01,163.763886
capital_cost_busd,owner,Nebius,2023-01-01,0.0
capital_cost_busd,owner,Nebius,2023-04-01,0.0
capital_cost_busd,owner,Nebius,2023-07-01,0.0
capital_cost_busd,owner,Nebius,2023-10-01,0.0
capital_cost_busd,owner,Nebius,2024-01-01,0.0
capital_cost_busd,owner,Nebius,2024-04-01,0.0
capital_cost_busd,owner,Nebius,2024-07-01,0.0
capital_cost_busd,owner,Nebius,2024-10-01,0.0
capital_cost_busd,owner,Nebius,2025-01-01,0.0
capital_cost_busd,owner,Nebius,2025-04-01,0.0
capital_cost_busd,owner,Nebius,2025-07-01,0.0
capital_cost_busd,owner,Nebius,2025-10-01,0.0
capital_cost_busd,owner,Nebius,2026-01-01,0.0
capital_cost_busd,owner,Nebius,2026-04-01,0.0
capital_cost_busd,owner,Nebius,2026-07-01,1.8941
capital_cost_busd,owner,Nebius,2026-10-01,1.8941
capital_cost_busd,owner,Nebius,2027-01-01,1.8941
capital_cost_busd,owner,Nebius,2027-04-01,1.8941
capital_cost_busd,owner,Nebius,2027-07-01,1.8941
capital_cost_busd,owner,Nebius,2027-10-01,1.8941
capital_cost_busd,owner,Nebius,2028-01-01,1.8941
capital_cost_busd,owner,Nebius,2028-04-01,1.8941
capital_cost_busd,owner,Nebius,2028-07-01,1.8941
capital_cost_busd,owner,Nebius,2028-10-01,1.8941
capital_cost_busd,owner,Nebius,2029-01-01,1.8941
capital_cost_busd,owner,Nebius,2029-04-01,1.8941
capital_cost_busd,owner,Nebius,2029-07-01,1.8941
capital_cost_busd,owner,Nebius,2029-10-01,1.8941
capital_cost_busd,owner,Nebius,2030-01-01,1.8941
capital_cost_busd,owner,Oracle,2023-01-01,0.0
capital_cost_busd,owner,Oracle,2023-04-01,0.0
capital_cost_busd,owner,Oracle,2023-07-01,0.0
capital_cost_busd,owner,Oracle,2023-10-01,0.0
capital_cost_busd,owner,Oracle,2024-01-01,0.0
capital_cost_busd,owner,Oracle,2024-04-01,0.0
capital_cost_busd,owner,Oracle,2024-07-01,0.0
capital_cost_busd,owner,Oracle,2024-10-01,0.0
capital_cost_busd,owner,Oracle,2025-01-01,0.0
capital_cost_busd,owner,Oracle,2025-04-01,0.0
capital_cost_busd,owner,Oracle,2025-07-01,1.250106
capital_cost_busd,owner,Oracle,2025-10-01,5.227716
capital_cost_busd,owner,Oracle,2026-01-01,9.243208
capital_cost_busd,owner,Oracle,2026-04-01,9.243208
capital_cost_busd,owner,Oracle,2026-07-01,18.675826
capital_cost_busd,owner,Oracle,2026-10-01,18.675826
capital_cost_busd,owner,Oracle,2027-01-01,34.66203
capital_cost_busd,owner,Oracle,2027-04-01,34.66203
capital_cost_busd,owner,Oracle,2027-07-01,34.66203
capital_cost_busd,owner,Oracle,2027-10-01,39.96551
capital_cost_busd,owner,Oracle,2028-01-01,50.57247
capital_cost_busd,owner,Oracle,2028-04-01,61.17943
capital_cost_busd,owner,Oracle,2028-07-01,71.78639
capital_cost_busd,owner,Oracle,2028-10-01,71.78639
capital_cost_busd,owner,Oracle,2029-01-01,225.58731
capital_cost_busd,owner,Oracle,2029-04-01,225.58731
capital_cost_busd,owner,Oracle,2029-07-01,225.58731
capital_cost_busd,owner,Oracle,2029-10-01,225.58731
capital_cost_busd,owner,Oracle,2030-01-01,225.58731
capital_cost_busd,owner,Softbank,2023-01-01,0.0
capital_cost_busd,owner,Softbank,2023-04-01,0.0
capital_cost_busd,owner,Softbank,2023-07-01,0.0
capital_cost_busd,owner,Softbank,2023-10-01,0.0
capital_cost_busd,owner,Softbank,2024-01-01,0.0
capital_cost_busd,owner,Softbank,2024-04-01,0.0
capital_cost_busd,owner,Softbank,2024-07-01,0.0
capital_cost_busd,owner,Softbank,2024-10-01,0.0
capital_cost_busd,owner,Softbank,2025-01-01,0.0
capital_cost_busd,owner,Softbank,2025-04-01,0.0
capital_cost_busd,owner,Softbank,2025-07-01,0.0
capital_cost_busd,owner,Softbank,2025-10-01,0.0
capital_cost_busd,owner,Softbank,2026-01-01,0.0
capital_cost_busd,owner,Softbank,2026-04-01,0.0
capital_cost_busd,owner,Softbank,2026-07-01,0.0
capital_cost_busd,owner,Softbank,2026-10-01,0.0
capital_cost_busd,owner,Softbank,2027-01-01,0.0
capital_cost_busd,owner,Softbank,2027-04-01,0.0
capital_cost_busd,owner,Softbank,2027-07-01,0.0
capital_cost_busd,owner,Softbank,2027-10-01,0.0
capital_cost_busd,owner,Softbank,2028-01-01,0.0
capital_cost_busd,owner,Softbank,2028-04-01,0.0
capital_cost_busd,owner,Softbank,2028-07-01,0.0
capital_cost_busd,owner,Softbank,2028-10-01,0.0
capital_cost_busd,owner,Softbank,2029-01-01,32.464874
capital_cost_busd,owner,Softbank,2029-04-01,32.464874
capital_cost_busd,owner,Softbank,2029-07-01,32.464874
capital_cost_busd,owner,Softbank,2029-10-01,32.464874
capital_cost_busd,owner,Softbank,2030-01-01,32.464874
capital_cost_busd,owner,G42,2023-01-01,0.0
capital_cost_busd,owner,G42,2023-04-01,0.0
capital_cost_busd,owner,G42,2023-07-01,0.0
capital_cost_busd,owner,G42,2023-10-01,0.0
capital_cost_busd,owner,G42,2024-01-01,0.0
capital_cost_busd,owner,G42,2024-04-01,0.0
capital_cost_busd,owner,G42,2024-07-01,0.0
capital_cost_busd,owner,G42,2024-10-01,0.0
capital_cost_busd,owner,G42,2025-01-01,0.0
capital_cost_busd,owner,G42,2025-04-01,0.0
capital_cost_busd,owner,G42,2025-07-01,0.0
capital_cost_busd,owner,G42,2025-10-01,0.0
capital_cost_busd,owner,G42,2026-01-01,0.0
capital_cost_busd,owner,G42,2026-04-01,0.0
capital_cost_busd,owner,G42,2026-07-01,0.0
capital_cost_busd,owner,G42,2026-10-01,0.0
capital_cost_busd,owner,G42,2027-01-01,7.5764
capital_cost_busd,owner,G42,2027-04-01,7.5764
capital_cost_busd,owner,G42,2027-07-01,7.5764
capital_cost_busd,owner,G42,2027-10-01,7.5764
capital_cost_busd,owner,G42,2028-01-01,37.882
capital_cost_busd,owner,G42,2028-04-01,37.882
capital_cost_busd,owner,G42,2028-07-01,37.882
capital_cost_busd,owner,G42,2028-10-01,37.882
capital_cost_busd,owner,G42,2029-01-01,37.882
capital_cost_busd,owner,G42,2029-04-01,37.882
capital_cost_busd,owner,G42,2029-07-01,37.882
capital_cost_busd,owner,G42,2029-10-01,37.882
capital_cost_busd,owner,G42,2030-01-01,37.882
capital_cost_busd,owner,Firmus,2023-01-01,0.0
capital_cost_busd,owner,Firmus,2023-04-01,0.0
capital_cost_busd,owner,Firmus,2023-07-01,0.0
capital_cost_busd,owner,Firmus,2023-10-01,0.0
capital_cost_busd,owner,Firmus,2024-01-01,0.0
capital_cost_busd,owner,Firmus,2024-04-01,0.0
capital_cost_busd,owner,Firmus,2024-07-01,0.0
capital_cost_busd,owner,Firmus,2024-10-01,0.0
capital_cost_busd,owner,Firmus,2025-01-01,0.0
capital_cost_busd,owner,Firmus,2025-04-01,0.0
capital_cost_busd,owner,Firmus,2025-07-01,0.0
capital_cost_busd,owner,Firmus,2025-10-01,0.0
capital_cost_busd,owner,Firmus,2026-01-01,0.0
capital_cost_busd,owner,Firmus,2026-04-01,0.0
capital_cost_busd,owner,Firmus,2026-07-01,0.0
capital_cost_busd,owner,Firmus,2026-10-01,1.553162
capital_cost_busd,owner,Firmus,2027-01-01,1.553162
capital_cost_busd,owner,Firmus,2027-04-01,1.553162
capital_cost_busd,owner,Firmus,2027-07-01,1.553162
capital_cost_busd,owner,Firmus,2027-10-01,1.553162
capital_cost_busd,owner,Firmus,2028-01-01,1.553162
capital_cost_busd,owner,Firmus,2028-04-01,1.553162
capital_cost_busd,owner,Firmus,2028-07-01,1.553162
capital_cost_busd,owner,Firmus,2028-10-01,1.553162
capital_cost_busd,owner,Firmus,2029-01-01,1.553162
capital_cost_busd,owner,Firmus,2029-04-01,1.553162
capital_cost_busd,owner,Firmus,2029-07-01,1.553162
capital_cost_busd,owner,Firmus,2029-10-01,1.553162
capital_cost_busd,owner,Firmus,2030-01-01,1.553162
capital_cost_busd,owner,Nscale,2023-01-01,0.0
capital_cost_busd,owner,Nscale,2023-04-01,0.0
capital_cost_busd,owner,Nscale,2023-07-01,0.0
capital_cost_busd,owner,Nscale,2023-10-01,0.0
capital_cost_busd,owner,Nscale,2024-01-01,0.0
capital_cost_busd,owner,Nscale,2024-04-01,0.0
capital_cost_busd,owner,Nscale,2024-07-01,0.0
capital_cost_busd,owner,Nscale,2024-10-01,0.0
capital_cost_busd,owner,Nscale,2025-01-01,0.0
capital_cost_busd,owner,Nscale,2025-04-01,0.0
capital_cost_busd,owner,Nscale,2025-07-01,0.0
capital_cost_busd,owner,Nscale,2025-10-01,0.0
capital_cost_busd,owner,Nscale,2026-01-01,0.0
capital_cost_busd,owner,Nscale,2026-04-01,0.0
capital_cost_busd,owner,Nscale,2026-07-01,1.250106
capital_cost_busd,owner,Nscale,2026-10-01,1.250106
capital_cost_busd,owner,Nscale,2027-01-01,1.250106
capital_cost_busd,owner,Nscale,2027-04-01,1.250106
capital_cost_busd,owner,Nscale,2027-07-01,1.250106
capital_cost_busd,owner,Nscale,2027-10-01,8.826506
capital_cost_busd,owner,Nscale,2028-01-01,8.826506
capital_cost_busd,owner,Nscale,2028-04-01,8.826506
capital_cost_busd,owner,Nscale,2028-07-01,8.826506
capital_cost_busd,owner,Nscale,2028-10-01,8.826506
capital_cost_busd,owner,Nscale,2029-01-01,8.826506
capital_cost_busd,owner,Nscale,2029-04-01,8.826506
capital_cost_busd,owner,Nscale,2029-07-01,8.826506
capital_cost_busd,owner,Nscale,2029-10-01,8.826506
capital_cost_busd,owner,Nscale,2030-01-01,8.826506
capital_cost_busd,owner,VNET,2023-01-01,0.0
capital_cost_busd,owner,VNET,2023-04-01,0.0
capital_cost_busd,owner,VNET,2023-07-01,0.0
capital_cost_busd,owner,VNET,2023-10-01,0.0
capital_cost_busd,owner,VNET,2024-01-01,0.0
capital_cost_busd,owner,VNET,2024-04-01,0.0
capital_cost_busd,owner,VNET,2024-07-01,0.0
capital_cost_busd,owner,VNET,2024-10-01,0.0
capital_cost_busd,owner,VNET,2025-01-01,0.0
capital_cost_busd,owner,VNET,2025-04-01,0.0
capital_cost_busd,owner,VNET,2025-07-01,1.439516
capital_cost_busd,owner,VNET,2025-10-01,1.439516
capital_cost_busd,owner,VNET,2026-01-01,8.371922
capital_cost_busd,owner,VNET,2026-04-01,8.371922
capital_cost_busd,owner,VNET,2026-07-01,8.371922
capital_cost_busd,owner,VNET,2026-10-01,8.371922
capital_cost_busd,owner,VNET,2027-01-01,8.371922
capital_cost_busd,owner,VNET,2027-04-01,8.371922
capital_cost_busd,owner,VNET,2027-07-01,8.371922
capital_cost_busd,owner,VNET,2027-10-01,26.5174
capital_cost_busd,owner,VNET,2028-01-01,26.5174
capital_cost_busd,owner,VNET,2028-04-01,26.5174
capital_cost_busd,owner,VNET,2028-07-01,26.5174
capital_cost_busd,owner,VNET,2028-10-01,26.5174
capital_cost_busd,owner,VNET,2029-01-01,26.5174
capital_cost_busd,owner,VNET,2029-04-01,26.5174
capital_cost_busd,owner,VNET,2029-07-01,26.5174
capital_cost_busd,owner,VNET,2029-10-01,26.5174
capital_cost_busd,owner,VNET,2030-01-01,26.5174
capital_cost_busd,country,China,2023-01-01,0.0
capital_cost_busd,country,China,2023-04-01,0.0
capital_cost_busd,country,China,2023-07-01,0.0
capital_cost_busd,country,China,2023-10-01,0.0
capital_cost_busd,country,China,2024-01-01,0.0
capital_cost_busd,country,China,2024-04-01,0.0
capital_cost_busd,country,China,2024-07-01,0.0
capital_cost_busd,country,China,2024-10-01,0.0
capital_cost_busd,country,China,2025-01-01,0.0
capital_cost_busd,country,China,2025-04-01,0.0
capital_cost_busd,country,China,2025-07-01,5.049671
capital_cost_busd,country,China,2025-10-01,8.269641
capital_cost_busd,country,China,2026-01-01,15.202047
capital_cost_busd,country,China,2026-04-01,20.463856
capital_cost_busd,country,China,2026-07-01,23.933848
capital_cost_busd,country,China,2026-10-01,23.933848
capital_cost_busd,country,China,2027-01-01,23.933848
capital_cost_busd,country,China,2027-04-01,23.933848
capital_cost_busd,country,China,2027-07-01,23.933848
capital_cost_busd,country,China,2027-10-01,42.079326
capital_cost_busd,country,China,2028-01-01,42.079326
capital_cost_busd,country,China,2028-04-01,42.079326
capital_cost_busd,country,China,2028-07-01,42.079326
capital_cost_busd,country,China,2028-10-01,42.079326
capital_cost_busd,country,China,2029-01-01,42.079326
capital_cost_busd,country,China,2029-04-01,42.079326
capital_cost_busd,country,China,2029-07-01,42.079326
capital_cost_busd,country,China,2029-10-01,42.079326
capital_cost_busd,country,China,2030-01-01,42.079326
capital_cost_busd,country,United States,2023-01-01,1.818336
capital_cost_busd,country,United States,2023-04-01,4.811014
capital_cost_busd,country,United States,2023-07-01,8.106748
capital_cost_busd,country,United States,2023-10-01,11.17519
capital_cost_busd,country,United States,2024-01-01,13.751166
capital_cost_busd,country,United States,2024-04-01,18.675826
capital_cost_busd,country,United States,2024-07-01,32.616402
capital_cost_busd,country,United States,2024-10-01,52.08775
capital_cost_busd,country,United States,2025-01-01,58.073106
capital_cost_busd,country,United States,2025-04-01,79.072224
capital_cost_busd,country,United States,2025-07-01,123.204754
capital_cost_busd,country,United States,2025-10-01,138.168144
capital_cost_busd,country,United States,2026-01-01,205.749632
capital_cost_busd,country,United States,2026-04-01,242.911874
capital_cost_busd,country,United States,2026-07-01,392.507892
capital_cost_busd,country,United States,2026-10-01,447.815612
capital_cost_busd,country,United States,2027-01-01,512.025602
capital_cost_busd,country,United States,2027-04-01,577.788754
capital_cost_busd,country,United States,2027-07-01,602.487818
capital_cost_busd,country,United States,2027-10-01,659.841166
capital_cost_busd,country,United States,2028-01-01,795.7239
capital_cost_busd,country,United States,2028-04-01,884.216252
capital_cost_busd,country,United States,2028-07-01,952.631144
capital_cost_busd,country,United States,2028-10-01,976.686214
capital_cost_busd,country,United States,2029-01-01,1167.952432
capital_cost_busd,country,United States,2029-04-01,1167.952432
capital_cost_busd,country,United States,2029-07-01,1167.952432
capital_cost_busd,country,United States,2029-10-01,1167.952432
capital_cost_busd,country,United States,2030-01-01,1173.862024
capital_cost_busd,country,Malaysia,2023-01-01,0.0
capital_cost_busd,country,Malaysia,2023-04-01,0.0
capital_cost_busd,country,Malaysia,2023-07-01,0.0
capital_cost_busd,country,Malaysia,2023-10-01,0.0
capital_cost_busd,country,Malaysia,2024-01-01,0.0
capital_cost_busd,country,Malaysia,2024-04-01,0.0
capital_cost_busd,country,Malaysia,2024-07-01,0.0
capital_cost_busd,country,Malaysia,2024-10-01,0.0
capital_cost_busd,country,Malaysia,2025-01-01,1.8941
capital_cost_busd,country,Malaysia,2025-04-01,1.8941
capital_cost_busd,country,Malaysia,2025-07-01,1.8941
capital_cost_busd,country,Malaysia,2025-10-01,1.8941
capital_cost_busd,country,Malaysia,2026-01-01,1.8941
capital_cost_busd,country,Malaysia,2026-04-01,9.09168
capital_cost_busd,country,Malaysia,2026-07-01,9.09168
capital_cost_busd,country,Malaysia,2026-10-01,9.09168
capital_cost_busd,country,Malaysia,2027-01-01,17.918186
capital_cost_busd,country,Malaysia,2027-04-01,17.918186
capital_cost_busd,country,Malaysia,2027-07-01,17.918186
capital_cost_busd,country,Malaysia,2027-10-01,17.918186
capital_cost_busd,country,Malaysia,2028-01-01,17.918186
capital_cost_busd,country,Malaysia,2028-04-01,17.918186
capital_cost_busd,country,Malaysia,2028-07-01,17.918186
capital_cost_busd,country,Malaysia,2028-10-01,17.918186
capital_cost_busd,country,Malaysia,2029-01-01,17.918186
capital_cost_busd,country,Malaysia,2029-04-01,17.918186
capital_cost_busd,country,Malaysia,2029-07-01,17.918186
capital_cost_busd,country,Malaysia,2029-10-01,17.918186
capital_cost_busd,country,Malaysia,2030-01-01,17.918186
capital_cost_busd,country,United Kingdom,2023-01-01,0.0
capital_cost_busd,country,United Kingdom,2023-04-01,0.0
capital_cost_busd,country,United Kingdom,2023-07-01,0.0
capital_cost_busd,country,United Kingdom,2023-10-01,0.0
capital_cost_busd,country,United Kingdom,2024-01-01,0.0
capital_cost_busd,country,United Kingdom,2024-04-01,0.0
capital_cost_busd,country,United Kingdom,2024-07-01,0.0
capital_cost_busd,country,United Kingdom,2024-10-01,0.0
capital_cost_busd,country,United Kingdom,2025-01-01,0.0
capital_cost_busd,country,United Kingdom,2025-04-01,0.0
capital_cost_busd,country,United Kingdom,2025-07-01,0.0
capital_cost_busd,country,United Kingdom,2025-10-01,3.333616
capital_cost_busd,country,United Kingdom,2026-01-01,3.333616
capital_cost_busd,country,United Kingdom,2026-04-01,3.333616
capital_cost_busd,country,United Kingdom,2026-07-01,3.333616
capital_cost_busd,country,United Kingdom,2026-10-01,3.333616
capital_cost_busd,country,United Kingdom,2027-01-01,3.333616
capital_cost_busd,country,United Kingdom,2027-04-01,3.333616
capital_cost_busd,country,United Kingdom,2027-07-01,3.333616
capital_cost_busd,country,United Kingdom,2027-10-01,3.333616
capital_cost_busd,country,United Kingdom,2028-01-01,3.333616
capital_cost_busd,country,United Kingdom,2028-04-01,3.333616
capital_cost_busd,country,United Kingdom,2028-07-01,3.333616
capital_cost_busd,country,United Kingdom,2028-10-01,3.333616
capital_cost_busd,country,United Kingdom,2029-01-01,3.333616
capital_cost_busd,country,United Kingdom,2029-04-01,3.333616
capital_cost_busd,country,United Kingdom,2029-07-01,3.333616
capital_cost_busd,country,United Kingdom,2029-10-01,3.333616
capital_cost_busd,country,United Kingdom,2030-01-01,3.333616
capital_cost_busd,country,United Arab Emirates,2023-01-01,0.0
capital_cost_busd,country,United Arab Emirates,2023-04-01,0.0
capital_cost_busd,country,United Arab Emirates,2023-07-01,0.0
capital_cost_busd,country,United Arab Emirates,2023-10-01,0.0
capital_cost_busd,country,United Arab Emirates,2024-01-01,0.0
capital_cost_busd,country,United Arab Emirates,2024-04-01,0.0
capital_cost_busd,country,United Arab Emirates,2024-07-01,0.0
capital_cost_busd,country,United Arab Emirates,2024-10-01,0.0
capital_cost_busd,country,United Arab Emirates,2025-01-01,0.0
capital_cost_busd,country,United Arab Emirates,2025-04-01,0.0
capital_cost_busd,country,United Arab Emirates,2025-07-01,0.0
capital_cost_busd,country,United Arab Emirates,2025-10-01,0.0
capital_cost_busd,country,United Arab Emirates,2026-01-01,0.0
capital_cost_busd,country,United Arab Emirates,2026-04-01,0.0
capital_cost_busd,country,United Arab Emirates,2026-07-01,0.0
capital_cost_busd,country,United Arab Emirates,2026-10-01,0.0
capital_cost_busd,country,United Arab Emirates,2027-01-01,7.5764
capital_cost_busd,country,United Arab Emirates,2027-04-01,7.5764
capital_cost_busd,country,United Arab Emirates,2027-07-01,7.5764
capital_cost_busd,country,United Arab Emirates,2027-10-01,7.5764
capital_cost_busd,country,United Arab Emirates,2028-01-01,37.882
capital_cost_busd,country,United Arab Emirates,2028-04-01,37.882
capital_cost_busd,country,United Arab Emirates,2028-07-01,37.882
capital_cost_busd,country,United Arab Emirates,2028-10-01,37.882
capital_cost_busd,country,United Arab Emirates,2029-01-01,37.882
capital_cost_busd,country,United Arab Emirates,2029-04-01,37.882
capital_cost_busd,country,United Arab Emirates,2029-07-01,37.882
capital_cost_busd,country,United Arab Emirates,2029-10-01,37.882
capital_cost_busd,country,United Arab Emirates,2030-01-01,37.882
capital_cost_busd,country,Indonesia,2023-01-01,0.0
capital_cost_busd,country,Indonesia,2023-04-01,0.0
capital_cost_busd,country,Indonesia,2023-07-01,0.0
capital_cost_busd,country,Indonesia,2023-10-01,0.0
capital_cost_busd,country,Indonesia,2024-01-01,0.0
capital_cost_busd,country,Indonesia,2024-04-01,0.0
capital_cost_busd,country,Indonesia,2024-07-01,0.0
capital_cost_busd,country,Indonesia,2024-10-01,0.0
capital_cost_busd,country,Indonesia,2025-01-01,0.0
capital_cost_busd,country,Indonesia,2025-04-01,0.0
capital_cost_busd,country,Indonesia,2025-07-01,1.250106
capital_cost_busd,country,Indonesia,2025-10-01,1.250106
capital_cost_busd,country,Indonesia,2026-01-01,1.250106
capital_cost_busd,country,Indonesia,2026-04-01,1.250106
capital_cost_busd,country,Indonesia,2026-07-01,2.727504
capital_cost_busd,country,Indonesia,2026-10-01,2.727504
capital_cost_busd,country,Indonesia,2027-01-01,2.727504
capital_cost_busd,country,Indonesia,2027-04-01,2.727504
capital_cost_busd,country,Indonesia,2027-07-01,2.727504
capital_cost_busd,country,Indonesia,2027-10-01,2.727504
capital_cost_busd,country,Indonesia,2028-01-01,2.727504
capital_cost_busd,country,Indonesia,2028-04-01,2.727504
capital_cost_busd,country,Indonesia,2028-07-01,2.727504
capital_cost_busd,country,Indonesia,2028-10-01,2.727504
capital_cost_busd,country,Indonesia,2029-01-01,2.727504
capital_cost_busd,country,Indonesia,2029-04-01,2.727504
capital_cost_busd,country,Indonesia,2029-07-01,2.727504
capital_cost_busd,country,Indonesia,2029-10-01,2.727504
capital_cost_busd,country,Indonesia,2030-01-01,2.727504
capital_cost_busd,country,Australia,2023-01-01,0.0
capital_cost_busd,country,Australia,2023-04-01,0.0
capital_cost_busd,country,Australia,2023-07-01,0.0
capital_cost_busd,country,Australia,2023-10-01,0.0
capital_cost_busd,country,Australia,2024-01-01,0.0
capital_cost_busd,country,Australia,2024-04-01,0.0
capital_cost_busd,country,Australia,2024-07-01,0.0
capital_cost_busd,country,Australia,2024-10-01,0.0
capital_cost_busd,country,Australia,2025-01-01,0.0
capital_cost_busd,country,Australia,2025-04-01,0.0
capital_cost_busd,country,Australia,2025-07-01,0.0
capital_cost_busd,country,Australia,2025-10-01,0.0
capital_cost_busd,country,Australia,2026-01-01,0.0
capital_cost_busd,country,Australia,2026-04-01,0.0
capital_cost_busd,country,Australia,2026-07-01,0.0
capital_cost_busd,country,Australia,2026-10-01,1.553162
capital_cost_busd,country,Australia,2027-01-01,1.553162
capital_cost_busd,country,Australia,2027-04-01,1.553162
capital_cost_busd,country,Australia,2027-07-01,1.553162
capital_cost_busd,country,Australia,2027-10-01,1.553162
capital_cost_busd,country,Australia,2028-01-01,1.553162
capital_cost_busd,country,Australia,2028-04-01,1.553162
capital_cost_busd,country,Australia,2028-07-01,1.553162
capital_cost_busd,country,Australia,2028-10-01,1.553162
capital_cost_busd,country,Australia,2029-01-01,1.553162
capital_cost_busd,country,Australia,2029-04-01,1.553162
capital_cost_busd,country,Australia,2029-07-01,1.553162
capital_cost_busd,country,Australia,2029-10-01,1.553162
capital_cost_busd,country,Australia,2030-01-01,1.553162
capital_cost_busd,country,Portugal,2023-01-01,0.0
capital_cost_busd,country,Portugal,2023-04-01,0.0
capital_cost_busd,country,Portugal,2023-07-01,0.0
capital_cost_busd,country,Portugal,2023-10-01,0.0
capital_cost_busd,country,Portugal,2024-01-01,0.0
capital_cost_busd,country,Portugal,2024-04-01,0.0
capital_cost_busd,country,Portugal,2024-07-01,0.0
capital_cost_busd,country,Portugal,2024-10-01,0.0
capital_cost_busd,country,Portugal,2025-01-01,0.0
capital_cost_busd,country,Portugal,2025-04-01,0.0
capital_cost_busd,country,Portugal,2025-07-01,0.0
capital_cost_busd,country,Portugal,2025-10-01,0.0
capital_cost_busd,country,Portugal,2026-01-01,0.0
capital_cost_busd,country,Portugal,2026-04-01,0.0
capital_cost_busd,country,Portugal,2026-07-01,1.250106
capital_cost_busd,country,Portugal,2026-10-01,1.250106
capital_cost_busd,country,Portugal,2027-01-01,1.250106
capital_cost_busd,country,Portugal,2027-04-01,1.250106
capital_cost_busd,country,Portugal,2027-07-01,1.250106
capital_cost_busd,country,Portugal,2027-10-01,8.826506
capital_cost_busd,country,Portugal,2028-01-01,8.826506
capital_cost_busd,country,Portugal,2028-04-01,8.826506
capital_cost_busd,country,Portugal,2028-07-01,8.826506
capital_cost_busd,country,Portugal,2028-10-01,8.826506
capital_cost_busd,country,Portugal,2029-01-01,8.826506
capital_cost_busd,country,Portugal,2029-04-01,8.826506
capital_cost_busd,country,Portugal,2029-07-01,8.826506
capital_cost_busd,country,Portugal,2029-10-01,8.826506
capital_cost_busd,country,Portugal,2030-01-01,8.826506
